library,pathway,n_genes_present,level_F_cellwise_uncalibrated,level_effect,level_abs,m2_condition_coef,shape_F_cellwise_uncalibrated,shape_rms,condition_effect_rms,condition_effect_max_abs,curve_spearman,sample_perm_p,level_perm_p,n_cells_healthy,n_cells_aki
KEGG_2019_Mouse,Primary bile acid biosynthesis,10,6591.0968070406325,-0.5258854521910207,0.5258854521910207,-0.18937467597672106,378.8198534449058,0.292771383954871,0.6018891858880708,1.0527019813312801,-0.5278625509609784,0.16666666666666666,0.16666666666666666,6628,10812
Reactome_2022,Metabolic Disorders Of Biological Oxidation Enzymes R-HSA-5579029,17,335.9673769889393,-0.13370636090984903,0.13370636090984903,0.06564919205164402,398.63291207004005,0.24815959582297897,0.2818875235741715,0.658228238013725,-0.4735468841001747,0.3333333333333333,0.16666666666666666,6628,10812
Reactome_2022,Synthesis Of Bile Acids And Bile Salts Via 7Alpha-Hydroxycholesterol R-HSA-193368,13,5678.47427779382,-0.4468113286443536,0.4468113286443536,-0.20574531107122063,247.03931451301162,0.21647603228844362,0.49648991526543607,0.8709410448825662,-0.47472335468841,0.16666666666666666,0.16666666666666666,6628,10812
Reactome_2022,Mitochondrial Fatty Acid Beta-Oxidation Of Saturated Fatty Acids R-HSA-77286,10,3863.564424192846,-0.46832315787970036,0.46832315787970036,-0.16270947229458155,170.83919887962057,0.19009668179360711,0.505433802426544,0.8343723987535157,-0.27931275480489226,0.3333333333333333,0.16666666666666666,6628,10812
KEGG_2019_Mouse,Nitrogen metabolism,12,1183.8293354611246,-0.11012572625173468,0.11012572625173468,-0.36537986353174384,200.13232145381082,0.18775076296552634,0.21766493648865284,0.39918672759557916,0.9466394874781596,0.3333333333333333,0.16666666666666666,6628,10812
Reactome_2022,MyD88 Deficiency (TLR2/4) R-HSA-5602498,10,3991.869343639323,0.3308006294877036,0.3308006294877036,0.4579375102943771,133.1139955423066,0.18505599487504176,0.3790445590015143,0.5217893844613116,-0.2005591147350029,0.16666666666666666,0.16666666666666666,6628,10812
KEGG_2019_Mouse,Butanoate metabolism,21,15744.914735345052,-0.7383353358134765,0.7383353358134765,-0.4751201979927755,159.39283548669133,0.17518630186434606,0.7588341771900529,1.1163686588812918,-0.2079207920792079,0.16666666666666666,0.16666666666666666,6628,10812
Reactome_2022,IRAK4 Deficiency (TLR2/4) R-HSA-5603041,11,3951.1339651134763,0.3180376700837257,0.3180376700837257,0.41669166279258757,135.9522450107782,0.16608466728025326,0.3587925254208582,0.48504667508042304,-0.02809551543389633,0.16666666666666666,0.16666666666666666,6628,10812
Reactome_2022,Synthesis Of Bile Acids And Bile Salts R-HSA-192105,20,5959.776261608379,-0.38432637939053804,0.38432637939053804,-0.21694534621809566,175.60282171514055,0.1634321424257961,0.41763241142579616,0.7203389660673438,-0.45730926033779845,0.16666666666666666,0.16666666666666666,6628,10812
KEGG_2019_Mouse,Pantothenate and CoA biosynthesis,15,2476.6667429686854,-0.26301622655221635,0.26301622655221635,-0.10905602299764754,150.2082480356944,0.15842162161287568,0.30704225380917843,0.6189448950134908,-0.4066744321490972,0.3333333333333333,0.16666666666666666,6628,10812
Reactome_2022,Lysine Catabolism R-HSA-71064,11,7818.816042644853,-0.5873816711547805,0.5873816711547805,-0.402940649337743,85.80437674323136,0.1557179153956308,0.6076720306084059,0.9363053171277834,0.4088293535235876,0.16666666666666666,0.16666666666666666,6628,10812
KEGG_2019_Mouse,Vitamin digestion and absorption,16,1140.6635336262418,-0.1820459660609055,0.1820459660609055,-0.050062706639860406,137.6024689842758,0.15396905551848108,0.23842651659641695,0.5198783708346926,-0.5536750145602796,0.16666666666666666,0.16666666666666666,6628,10812
Reactome_2022,DNA Strand Elongation R-HSA-69190,28,6181.726910547899,0.39309395470232233,0.39309395470232233,0.16520700812976083,162.1010196178779,0.15103266153653389,0.42111010682993666,0.5913567125812371,0.0047524752475247515,0.16666666666666666,0.16666666666666666,6628,10812
KEGG_2019_Mouse,DNA replication,34,6646.900873056484,0.39934658998260336,0.39934658998260336,0.1777193556185224,164.02998798921212,0.15072237721446502,0.4268429850939488,0.5978697237199346,0.32991263832265577,0.16666666666666666,0.16666666666666666,6628,10812
Reactome_2022,Leading Strand Synthesis R-HSA-69109,14,4453.599625266751,0.3943915145832062,0.3943915145832062,0.17015306955377718,108.45470452053719,0.14835105661720138,0.42137003070303364,0.5996118832124862,0.07145020384391379,0.16666666666666666,0.16666666666666666,6628,10812
Reactome_2022,Aberrant Regulation Of Mitotic G1/S Transition In Cancer Due To RB1 Defects R-HSA-9659787,15,2612.008429036719,0.27848367144371494,0.27848367144371494,0.07946335033817759,152.83994358148865,0.14736308629247516,0.31506988821912896,0.49131949428485816,-0.2865812463599301,0.16666666666666666,0.16666666666666666,6628,10812
KEGG_2019_Mouse,Terpenoid backbone biosynthesis,21,756.1303878030038,-0.1371247584072441,0.1371247584072441,-0.0232518807209147,127.69836939890666,0.14728100993396182,0.20123343473541574,0.47331936025188726,-0.6060803727431566,0.3333333333333333,0.3333333333333333,6628,10812
Reactome_2022,Removal Of Flap Intermediate R-HSA-69166,14,4780.3452712041735,0.39383769136719377,0.39383769136719377,0.16353480175187596,116.26284867704742,0.14557709561452833,0.41988190948051385,0.6018920648928954,0.17330227140361093,0.16666666666666666,0.16666666666666666,6628,10812
Reactome_2022,Branched-chain Amino Acid Catabolism R-HSA-70895,21,12638.793822609852,-0.5423842365992654,0.5423842365992654,-0.37901133356309147,118.71450115249625,0.14442081821900868,0.5612824893459762,0.8873194913776197,-0.2782877111240536,0.16666666666666666,0.16666666666666666,6628,10812
Reactome_2022,Nicotinamide Salvaging R-HSA-197264,14,2067.4559863126387,-0.24922634715544634,0.24922634715544634,-0.06635207421167581,167.69245756672794,0.14391008455150672,0.2877913906844138,0.5438423251526904,-0.13560861968549795,0.3333333333333333,0.3333333333333333,6628,10812
Reactome_2022,Mucopolysaccharidoses R-HSA-2206281,10,1367.6811454153512,-0.21244514026524372,0.21244514026524372,-0.16535132196867683,73.13428792316867,0.14300852893440733,0.2560944688397278,0.5734396633984182,-0.7669772859638905,0.3333333333333333,0.3333333333333333,6628,10812
Reactome_2022,Processive Synthesis On Lagging Strand R-HSA-69183,15,4378.948110454165,0.3652328607525416,0.3652328607525416,0.15026888841336342,117.25259062882029,0.14258446204284186,0.392078272019162,0.5668014065567111,-0.04067559697146185,0.16666666666666666,0.16666666666666666,6628,10812
Reactome_2022,Peroxisomal Lipid Metabolism R-HSA-390918,24,5871.734184688731,-0.46566573361994645,0.46566573361994645,-0.26567160842574333,99.50464317265008,0.14215800143404372,0.48688137450463714,0.7867974305977242,0.7848223645894,0.16666666666666666,0.16666666666666666,6628,10812
KEGG_2019_Mouse,PPAR signaling pathway,51,1103.0726578186177,-0.1719250645879654,0.1719250645879654,-0.007356946653823976,192.73207854784434,0.13921708703223112,0.2212230213050077,0.4510296026016345,-0.3857309260337799,0.3333333333333333,0.3333333333333333,6628,10812
Reactome_2022,Bile Acid And Bile Salt Metabolism R-HSA-194068,25,4627.961795310229,-0.3219300772042614,0.3219300772042614,-0.1872446105237017,131.26179327040626,0.13844377467465005,0.3504363756160411,0.6330144773969525,-0.3994991263832266,0.3333333333333333,0.16666666666666666,6628,10812
Reactome_2022,Cholesterol Biosynthesis R-HSA-191273,21,132.01924602916648,-0.06697822002093716,0.06697822002093716,0.041643531766945366,114.38725774433317,0.13769659039657758,0.153122281082852,0.39164244094500633,-0.48605707629586486,0.3333333333333333,0.3333333333333333,6628,10812
Reactome_2022,Activation Of Pre-Replicative Complex R-HSA-68962,23,4415.524778679875,0.34206546180650815,0.34206546180650815,0.13548407253426617,122.28599522434713,0.13670489664805116,0.3683707492845409,0.5158513145984789,-0.1978217821782178,0.16666666666666666,0.16666666666666666,6628,10812
Reactome_2022,Glutathione Conjugation R-HSA-156590,24,87.21387213364335,-0.07482842081560785,0.07482842081560785,0.07597558026778528,99.81659542331958,0.1365301511670071,0.1556912802293163,0.3985874920911059,0.42,0.16666666666666666,0.5,6628,10812
KEGG_2019_Mouse,Mismatch repair,20,3698.7553040411362,0.3214055710273679,0.3214055710273679,0.13407890828907862,123.50470386616784,0.13300978320739695,0.347840686976534,0.4930487790964007,0.35460687245195105,0.16666666666666666,0.16666666666666666,6628,10812
Reactome_2022,Cell-extracellular Matrix Interactions R-HSA-446353,14,6374.578962008111,0.4018516724336257,0.4018516724336257,0.2339054436347702,97.27291783436169,0.13298687416407948,0.42328509935696385,0.7111023637517231,0.11251019219569015,0.16666666666666666,0.16666666666666666,6628,10812
Reactome_2022,Plasma Lipoprotein Remodeling R-HSA-8963899,14,1193.0861195330613,-0.19350406802536946,0.19350406802536946,0.003546566616594798,180.50896543841998,0.13087834564668954,0.23360857369022475,0.407021259993387,-0.8059056493884682,0.16666666666666666,0.3333333333333333,6628,10812
Reactome_2022,Mismatch Repair (MMR) Directed By MSH2:MSH6 (MutSalpha) R-HSA-5358565,12,2778.2328298267453,0.313375059498002,0.313375059498002,0.12193547068640122,96.21579829673011,0.13049817935396563,0.3394609001491571,0.48084535936565853,0.07990681421083286,0.16666666666666666,0.16666666666666666,6628,10812
Reactome_2022,G1/S-Specific Transcription R-HSA-69205,23,2943.811153719353,0.28146600187332516,0.28146600187332516,0.10336213174393248,124.49926954674771,0.1291924654745505,0.3096995372065441,0.44883428538965864,-0.26061735585323237,0.16666666666666666,0.16666666666666666,6628,10812
Reactome_2022,Lagging Strand Synthesis R-HSA-69186,20,4317.942306914109,0.33422210250083856,0.33422210250083856,0.14328771910196766,110.44496214437008,0.12838364114996992,0.35803180461378736,0.5028198764259042,-0.06263249854397204,0.16666666666666666,0.16666666666666666,6628,10812
KEGG_2019_Mouse,Cysteine and methionine metabolism,35,2621.8541419980015,-0.2301557296231929,0.2301557296231929,-0.10124161917092181,133.6180876818736,0.1269176077241306,0.2628302475530558,0.5043288009089332,-0.38839836924868953,0.3333333333333333,0.16666666666666666,6628,10812
KEGG_2019_Mouse,Steroid biosynthesis,14,6.104145902138215,-0.027110691880957345,0.027110691880957345,0.06587521069950433,102.00231555118219,0.1266735392406342,0.12954217520951505,0.320168647321982,-0.4859522422830518,0.3333333333333333,0.5,6628,10812
KEGG_2019_Mouse,Other glycan degradation,13,2380.314284212233,-0.25496075770893806,0.25496075770893806,-0.226659524019459,61.38692984431281,0.12646558538771002,0.2846024108453265,0.5765906095906352,-0.005043680838672102,0.3333333333333333,0.16666666666666666,6628,10812
KEGG_2019_Mouse,Fatty acid degradation,38,2289.340144151068,-0.2771873286693518,0.2771873286693518,-0.12647786895641472,80.18131233915017,0.1247961848195031,0.30398503732972587,0.5929860310626477,0.8205358182877112,0.3333333333333333,0.16666666666666666,6628,10812
Reactome_2022,Degradation Of Cysteine And Homocysteine R-HSA-1614558,11,941.1157522646545,-0.19653912956438652,0.19653912956438652,-0.038906608830408834,69.18008210060542,0.1241176528803187,0.23244961003719924,0.5012082193619789,0.16361094933022713,0.3333333333333333,0.16666666666666666,6628,10812
Reactome_2022,Vitamin B5 (Pantothenate) Metabolism R-HSA-199220,16,1306.9950341103213,-0.18559230716383573,0.18559230716383573,-0.09879574778282929,80.02023199318599,0.12403876711785373,0.22322661182420142,0.4926053444714516,-0.4106464764123471,0.3333333333333333,0.16666666666666666,6628,10812
KEGG_2019_Mouse,"Valine, leucine and isoleucine degradation",43,12421.684218408494,-0.5410187208325031,0.5410187208325031,-0.3865928824897237,86.6827750314561,0.12373126981297057,0.5549871020310005,0.8482181930050171,0.4246709376820034,0.16666666666666666,0.16666666666666666,6628,10812
MSigDB_Hallmark_2020,E2F Targets,142,6625.109151425488,0.29493337694847593,0.29493337694847593,0.12165862409192482,206.866775495763,0.12360967372986191,0.31978906841515814,0.46207359871845444,-0.13596971461852067,0.16666666666666666,0.16666666666666666,6628,10812
KEGG_2019_Mouse,Renin-angiotensin system,16,1395.9165646115373,-0.194615914030743,0.194615914030743,-0.04399744402556403,103.80049020662595,0.12335841521601913,0.23041842938148266,0.501555063840073,-0.4810017472335469,0.3333333333333333,0.3333333333333333,6628,10812
KEGG_2019_Mouse,Glycosaminoglycan degradation,13,1759.3218581224512,-0.21584033328183702,0.21584033328183702,-0.16645096178222943,68.23899131730829,0.12281146551836393,0.24833385901641122,0.527018783026536,-0.6713220733838089,0.3333333333333333,0.3333333333333333,6628,10812
Reactome_2022,Chk1/Chk2(Cds1) Mediated Inactivation Of Cyclin B:Cdk1 Complex R-HSA-75035,10,5450.342566216542,0.44889870206343074,0.44889870206343074,0.2567941909518631,100.52823703669917,0.1226209281644775,0.4653449653086952,0.6477303033380916,-0.17099592312172396,0.16666666666666666,0.3333333333333333,6628,10812
Reactome_2022,Mismatch Repair R-HSA-5358508,13,2516.697387516482,0.2895258316331677,0.2895258316331677,0.10706459684729856,91.33735369638659,0.12211229147298307,0.3142238356835142,0.44204397758182296,-0.036668608037274314,0.16666666666666666,0.16666666666666666,6628,10812
Reactome_2022,PCNA-Dependent Long Patch Base Excision Repair R-HSA-5651801,19,4070.714544743492,0.3276231956470064,0.3276231956470064,0.1376996823622306,98.1718083917589,0.12187910083057608,0.3495589700540187,0.48156236652251816,0.16746651135701804,0.16666666666666666,0.16666666666666666,6628,10812
KEGG_2019_Mouse,Oxidative phosphorylation,102,2095.3393267168,-0.21531126422019925,0.21531126422019925,-0.12178417071449518,87.28707258161091,0.12148246200885224,0.2472183833695072,0.5019174316476445,0.5311706464764122,0.3333333333333333,0.16666666666666666,6628,10812
Reactome_2022,Scavenging By Class A Receptors R-HSA-3000480,11,7704.978061386267,0.47667985902664184,0.47667985902664184,0.5469256999743132,49.64973547820473,0.12079219967379266,0.4917463202746845,0.6528518303030189,0.2542108328479907,0.3333333333333333,0.16666666666666666,6628,10812
Reactome_2022,Formation Of Tubulin Folding Intermediates By CCT/TriC R-HSA-389960,15,8192.43746262058,0.4508770866799612,0.4508770866799612,0.3171257122150166,74.55632015199213,0.12067131837844336,0.46674587772384324,0.7194232550688856,0.18324985439720443,0.16666666666666666,0.16666666666666666,6628,10812
Reactome_2022,Mismatch Repair (MMR) Directed By MSH2:MSH3 (MutSbeta) R-HSA-5358606,12,2407.329208659348,0.29054515507583484,0.29054515507583484,0.10622172043949082,85.46416796504062,0.12051045268959433,0.3145461116362623,0.44999886773339437,-0.14313337216074548,0.16666666666666666,0.16666666666666666,6628,10812
Reactome_2022,Complex I Biogenesis R-HSA-6799198,49,2060.742509300173,-0.21710552231314403,0.21710552231314403,-0.11004558915951118,88.08425550712138,0.11981499223159336,0.24797266015091235,0.4960966246552961,0.05362842166569598,0.3333333333333333,0.16666666666666666,6628,10812
KEGG_2019_Mouse,Peroxisome,74,4644.492003437174,-0.32126378137913486,0.32126378137913486,-0.15906040738612445,116.46657124570822,0.11967782416876538,0.3428311520614637,0.5981517219010688,0.45920792079207917,0.3333333333333333,0.16666666666666666,6628,10812
Reactome_2022,Activation Of ATR In Response To Replication Stress R-HSA-176187,24,3472.367970475503,0.2814342348570174,0.2814342348570174,0.10088161040912885,125.77912640163575,0.11946612846465314,0.3057407143314213,0.4319589736120478,-0.35721607454863136,0.16666666666666666,0.16666666666666666,6628,10812
Reactome_2022,Respiratory Electron Transport R-HSA-611105,86,2170.5676682935905,-0.21686638352749435,0.21686638352749435,-0.10820402037036578,94.15136904695086,0.11943620311791785,0.24758036052869536,0.4978958567617605,0.17661036691904483,0.3333333333333333,0.16666666666666666,6628,10812
Reactome_2022,Syndecan Interactions R-HSA-3000170,15,3592.860450378378,0.2951825894815653,0.2951825894815653,0.15273180295264366,85.45599021434964,0.11857465435528704,0.31810801591364857,0.5075897741031203,-0.21447874199184622,0.16666666666666666,0.16666666666666666,6628,10812
Reactome_2022,"Respiratory Electron Transport, ATP Synthesis By Chemiosmotic Coupling, Heat Production By Uncoupling Proteins R-HSA-163200",89,2110.9149288295853,-0.2124027835596838,0.2124027835596838,-0.1024272816552747,95.74911102086588,0.11841780567104382,0.24318248120258792,0.49071569171751517,0.13216074548631335,0.3333333333333333,0.16666666666666666,6628,10812
KEGG_2019_Mouse,Proximal tubule bicarbonate reclamation,17,1295.015370601303,-0.2132332201643817,0.2132332201643817,-0.09262667593843668,59.45051706492026,0.1179826451918211,0.24369717016849168,0.532601939912034,0.8180547466511358,0.3333333333333333,0.16666666666666666,6628,10812
Reactome_2022,Common Pathway Of Fibrin Clot Formation R-HSA-140875,11,3116.008365602376,0.26648467457802966,0.26648467457802966,0.34647907242963405,65.46221880089799,0.11755849903684519,0.2912629095520992,0.42734029362212067,0.061490972626674426,0.16666666666666666,0.16666666666666666,6628,10812
Reactome_2022,Mitochondrial Fatty Acid Beta-Oxidation R-HSA-77289,32,1569.9087966990364,-0.2199379456388877,0.2199379456388877,-0.053788582545791136,91.04777052667237,0.11652098873965501,0.24889724937958052,0.4963214436638508,0.4849271986022131,0.3333333333333333,0.16666666666666666,6628,10812
KEGG_2019_Mouse,Tyrosine metabolism,15,418.1780076273655,-0.13614743893831355,0.13614743893831355,0.019363848575834997,68.81942899510736,0.11381387877150996,0.17745344214885717,0.41394885724056313,0.8612347117064647,0.3333333333333333,0.16666666666666666,6628,10812
Reactome_2022,Nicotinate Metabolism R-HSA-196807,24,1336.786375153505,-0.16817620112052364,0.16817620112052364,-0.02919262564286762,145.06810724683322,0.11206056520954322,0.20209108069980003,0.3989319502042536,-0.3087012230634828,0.3333333333333333,0.16666666666666666,6628,10812
Reactome_2022,Endogenous Sterols R-HSA-211976,14,580.2502729556339,-0.12040461830226294,0.12040461830226294,-0.04532018573738766,70.72768112589587,0.11052946582827343,0.1634442869139117,0.38374202013758346,-0.6531857891671519,0.3333333333333333,0.3333333333333333,6628,10812
KEGG_2019_Mouse,Tryptophan metabolism,27,9975.916440492167,-0.5450538181302153,0.5450538181302153,-0.3619670986979727,72.85854168847028,0.10968825535054857,0.5559812748826823,0.8111861032345395,0.7802446126965638,0.3333333333333333,0.16666666666666666,6628,10812
Reactome_2022,G0 And Early G1 R-HSA-1538133,21,2302.187505555647,0.23467152311946915,0.23467152311946915,0.08715432336266676,113.58646218439847,0.10959799299296757,0.2590027873041102,0.3790586323489753,0.3059056493884682,0.16666666666666666,0.16666666666666666,6628,10812
Reactome_2022,Plasma Lipoprotein Assembly R-HSA-8963898,10,170.05645101210666,-0.0907162453835508,0.0907162453835508,0.016565566638423852,72.29002427520074,0.10934537034080655,0.14207690590471322,0.25436629062249677,-0.25464181712288875,0.16666666666666666,0.3333333333333333,6628,10812
Reactome_2022,Resolution Of AP Sites Via Multiple-Nucleotide Patch Replacement Pathway R-HSA-110373,22,3878.7171492528087,0.3005935895606644,0.3005935895606644,0.12559753620844702,87.99871203436834,0.10864989609498148,0.3196268230396433,0.4354676174914376,0.06559114735002912,0.16666666666666666,0.16666666666666666,6628,10812
Reactome_2022,Class I Peroxisomal Membrane Protein Import R-HSA-9603798,18,519.8453096273864,-0.13156250370734823,0.13156250370734823,-0.013083779601312151,70.30148725886413,0.10841254997663438,0.1704757266421888,0.3896729210087815,-0.12312172393709958,0.3333333333333333,0.16666666666666666,6628,10812
Reactome_2022,Defective Pyroptosis R-HSA-9710421,11,1842.3327554276364,0.2651498941186305,0.2651498941186305,0.12765934285506847,54.44148041417731,0.10745762861171666,0.28609720078668116,0.4026691917878584,0.6263133372160745,0.16666666666666666,0.16666666666666666,6628,10812
KEGG_2019_Mouse,Biosynthesis of unsaturated fatty acids,25,244.35154356920037,-0.0864880395905229,0.0864880395905229,0.024351119603946193,102.41114247453206,0.10737482501662682,0.13787506677990435,0.32325323296127234,-0.3032382061735585,0.3333333333333333,0.16666666666666666,6628,10812
KEGG_2019_Mouse,Ferroptosis,32,781.1543498412976,0.10701223588204851,0.10701223588204851,0.14361415099074598,77.43555294722445,0.10691362759521304,0.15126844480605697,0.21864169923003968,0.10396039603960396,0.3333333333333333,0.3333333333333333,6628,10812
KEGG_2019_Mouse,Parkinson disease,100,1873.7076951343267,-0.1911835190199001,0.1911835190199001,-0.11853642352602868,73.13734883993511,0.10687459040908334,0.21902811696205085,0.44411413537622557,0.35909143855562026,0.3333333333333333,0.16666666666666666,6628,10812
Reactome_2022,HuR (ELAVL1) Binds And Stabilizes mRNA R-HSA-450520,10,1315.2782074828358,0.22721234165051363,0.22721234165051363,0.05702121043579222,68.55358610530985,0.10669531047324365,0.25101660796706565,0.4042939028064714,-0.6578683750728013,0.16666666666666666,0.16666666666666666,6628,10812
KEGG_2019_Mouse,Cholesterol metabolism,29,819.1923939232038,-0.12086519461423785,0.12086519461423785,-0.05672392026699866,112.16629210384608,0.10623113795507776,0.16091441806242332,0.33903889149738897,-0.7484449621432729,0.16666666666666666,0.16666666666666666,6628,10812
Reactome_2022,Polymerase Switching On C-strand Of Telomere R-HSA-174411,21,3658.9955026636035,0.29388169795724417,0.29388169795724417,0.1337297246697224,80.39260359889316,0.10536218874986156,0.31219808329391513,0.43229889726086607,0.07198602213162493,0.16666666666666666,0.16666666666666666,6628,10812
Reactome_2022,TP53 Regulates Transcription Of Genes Involved In G2 Cell Cycle Arrest R-HSA-6804114,13,2311.9465495387126,0.26797108426189437,0.26797108426189437,0.13422287086849607,72.0353055713741,0.10471290011857833,0.2877034818206736,0.42956988179264355,0.18034944670937683,0.16666666666666666,0.16666666666666666,6628,10812
Reactome_2022,Response Of EIF2AK1 (HRI) To Heme Deficiency R-HSA-9648895,12,1462.4635794333246,0.21575710121495792,0.21575710121495792,0.12418866651675718,42.833570580032756,0.10357070436690409,0.239328263119378,0.534080183138111,0.5832498543972044,0.3333333333333333,0.3333333333333333,6628,10812
Reactome_2022,Gap-filling DNA Repair Synthesis And Ligation In GG-NER R-HSA-5696397,21,2385.1688308190655,0.24029878291826737,0.24029878291826737,0.09878767787449944,73.43891053938795,0.1031213966026566,0.261490970225136,0.3672714937607793,0.16531158998252768,0.16666666666666666,0.16666666666666666,6628,10812
KEGG_2019_Mouse,p53 signaling pathway,57,2311.6082531166544,0.17478458708703776,0.17478458708703776,0.022609458568688456,159.87735168380485,0.10256668489188028,0.20265630198169635,0.3319324784968418,0.07216074548631332,0.16666666666666666,0.16666666666666666,6628,10812
Reactome_2022,Citric Acid (TCA) Cycle And Respiratory Electron Transport R-HSA-1428517,130,2976.4826634151427,-0.23596336598555584,0.23596336598555584,-0.14200215978188807,76.3874552091185,0.10179649145481193,0.25698489403025804,0.48365628302534336,0.4434828188701223,0.3333333333333333,0.16666666666666666,6628,10812
Reactome_2022,Paracetamol ADME R-HSA-9753281,15,1031.8981137716846,-0.17412011058384796,0.17412011058384796,-0.10470201697752782,40.79355842339049,0.10161532377378912,0.20160229893377568,0.4354353805798702,0.30688410017472334,0.16666666666666666,0.16666666666666666,6628,10812
Reactome_2022,GRB2:SOS Provides Linkage To MAPK Signaling For Integrins R-HSA-354194,11,5805.863028416653,0.3745768092581914,0.3745768092581914,0.450597717169731,58.91302225932315,0.10146289778875801,0.3880753865703667,0.5178002356907987,0.2890506697728596,0.16666666666666666,0.16666666666666666,6628,10812
KEGG_2019_Mouse,Pentose and glucuronate interconversions,17,3699.2596442926824,-0.28725282254415124,0.28725282254415124,-0.29032491385616765,40.81980738489107,0.10060920538150835,0.3043622779962722,0.41281640984041745,0.7346651135701806,0.3333333333333333,0.16666666666666666,6628,10812
Reactome_2022,LDL Clearance R-HSA-8964038,14,841.9098900754102,0.13263378278537735,0.13263378278537735,0.19347758941526488,58.579221737104476,0.10039102081218912,0.1663432517286831,0.23178530780130346,-0.045824111822947,0.3333333333333333,0.3333333333333333,6628,10812
Reactome_2022,Gluconeogenesis R-HSA-70263,21,2480.2143100484304,-0.26474660112017945,0.26474660112017945,-0.1017729477262308,65.27009681021792,0.10024511204892067,0.28308981842233055,0.5253218393383271,0.808677926616191,0.3333333333333333,0.16666666666666666,6628,10812
MSigDB_Hallmark_2020,Bile Acid Metabolism,80,4216.876919917102,-0.2526188189335808,0.2526188189335808,-0.14294408120587052,103.76430564103512,0.09991232987778526,0.2716592375403506,0.4994195852242282,0.1859871869539895,0.3333333333333333,0.16666666666666666,6628,10812
Reactome_2022,Potassium Channels R-HSA-1296071,14,187.70126225768243,-0.07589655139361169,0.07589655139361169,-0.003733160975618718,56.54262642931206,0.09972332002789931,0.12531969945236052,0.3351065470450217,-0.25069306930693064,0.3333333333333333,0.3333333333333333,6628,10812
Reactome_2022,Phase II - Conjugation Of Compounds R-HSA-156580,55,1328.0786320338664,-0.1663981828696159,0.1663981828696159,-0.061521524179812805,77.44836768125896,0.09955544676315978,0.1939062717978005,0.41131595446297897,0.3438089691322074,0.3333333333333333,0.16666666666666666,6628,10812
Reactome_2022,Response Of EIF2AK4 (GCN2) To Amino Acid Deficiency R-HSA-9633012,12,1187.1602617147432,0.19933821666134569,0.19933821666134569,0.07227442301626602,51.12600096687381,0.09858861324281729,0.22238578930063724,0.46335085734253995,0.17127548048922536,0.3333333333333333,0.3333333333333333,6628,10812
Reactome_2022,Peroxisomal Protein Import R-HSA-9033241,50,3746.4261931050314,-0.3070166295908838,0.3070166295908838,-0.16622355587578755,69.68049070149065,0.09773335796879384,0.32219717581816615,0.5345530242282626,0.7966103669190447,0.16666666666666666,0.16666666666666666,6628,10812
KEGG_2019_Mouse,Alzheimer disease,129,1337.273815677074,-0.14225004758393348,0.14225004758393348,-0.07414697166598802,82.13340169935528,0.09738301551631065,0.17239062546635575,0.37397330076315705,0.14825859056493884,0.3333333333333333,0.16666666666666666,6628,10812
Reactome_2022,"Transport Of Bile Salts And Organic Acids, Metal Ions And Amine Compounds R-HSA-425366",53,2367.7652477440306,-0.16618973732619682,0.16618973732619682,-0.12482700326342505,83.88456912137265,0.09718066128863148,0.1925178166327626,0.42801719154630397,0.043564356435643554,0.16666666666666666,0.16666666666666666,6628,10812
Reactome_2022,Telomere C-strand (Lagging Strand) Synthesis R-HSA-174417,28,3611.8366136984837,0.260372581704608,0.260372581704608,0.11412018127579188,86.06601210686856,0.09651115320492484,0.2776837841798963,0.38431393669630226,-0.05536400698893418,0.16666666666666666,0.16666666666666666,6628,10812
KEGG_2019_Mouse,Bile secretion,39,1699.0483531675118,-0.1576389776963182,0.1576389776963182,-0.10558461880089118,65.80421468643895,0.09649271302030503,0.18482665109545016,0.4301252867574701,0.17827606290040768,0.3333333333333333,0.16666666666666666,6628,10812
Reactome_2022,Processive Synthesis On C-strand Of Telomere R-HSA-174414,17,2599.342975415931,0.2550926925626734,0.2550926925626734,0.09779145991564182,88.9648257801456,0.09618288263350117,0.2726232358229292,0.3689892888112909,0.0011648223645894,0.16666666666666666,0.16666666666666666,6628,10812
KEGG_2019_Mouse,Citrate cycle (TCA cycle),27,2092.090552406858,-0.2660398280497793,0.2660398280497793,-0.14714115002782413,41.27747778204299,0.09615571720796812,0.28288356626098815,0.5263439475268022,0.782632498543972,0.3333333333333333,0.16666666666666666,6628,10812
Reactome_2022,Amino Acid Transport Across Plasma Membrane R-HSA-352230,19,140.37985162405053,-0.036136390116173166,0.036136390116173166,-0.08093255219533078,77.84188158302095,0.09605295871663107,0.102625579505536,0.22980754632011544,0.23870704717530575,0.3333333333333333,0.5,6628,10812
Reactome_2022,Tryptophan Catabolism R-HSA-71240,10,6581.671443244617,-0.4391161956279284,0.4391161956279284,-0.2506623125324449,76.03324141362052,0.09591959062290721,0.4494703562283181,0.6367019821478389,-0.2560861968549796,0.3333333333333333,0.16666666666666666,6628,10812
Reactome_2022,Removal Of Flap Intermediate From C-strand R-HSA-174437,16,2838.7503315591875,0.2733438795649933,0.2733438795649933,0.10611929480573241,85.82935664275983,0.09585110915900279,0.2896624097508213,0.38667391173155724,0.20167734420500874,0.16666666666666666,0.16666666666666666,6628,10812
Reactome_2022,Activation Of Gene Expression By SREBF (SREBP) R-HSA-2426168,36,274.97037879772995,-0.06766822678391242,0.06766822678391242,0.002410201118141619,81.952056333731,0.0948166682392376,0.11648686403225324,0.30557435498927815,-0.8478276062900407,0.3333333333333333,0.3333333333333333,6628,10812
Reactome_2022,Recognition Of DNA Damage By PCNA-containing Replication Complex R-HSA-110314,25,2602.9826004937313,0.23747754543161764,0.23747754543161764,0.09719201256424505,69.33063998353556,0.09472625785882681,0.255672932693633,0.3585220498330923,0.26953989516598714,0.16666666666666666,0.16666666666666666,6628,10812
Reactome_2022,Transcription Of E2F Targets Under Negative Control By DREAM Complex R-HSA-1362277,17,1694.3652633812164,0.21102530114879167,0.21102530114879167,0.08490085828112935,74.41600043542519,0.09430461969292894,0.2311385710355721,0.3330432290045196,0.3210250436808387,0.16666666666666666,0.16666666666666666,6628,10812
MSigDB_Hallmark_2020,Cholesterol Homeostasis,62,100.94966238537653,0.0127285860195588,0.0127285860195588,0.10134472451005143,141.38333150595062,0.09398173544886909,0.09483977804718086,0.19539325873724456,-0.4066977285963891,0.3333333333333333,0.16666666666666666,6628,10812
Reactome_2022,E2F Mediated Regulation Of DNA Replication R-HSA-113510,18,2543.4123899157057,0.2510327197347101,0.2510327197347101,0.14251533961104199,51.36783394702461,0.09394157256300542,0.2680344109121363,0.3738068766082204,-0.3041351193942924,0.16666666666666666,0.16666666666666666,6628,10812
Reactome_2022,Condensation Of Prophase Chromosomes R-HSA-2299718,10,1536.9782458668958,0.2352524390363085,0.2352524390363085,0.11935508154909386,59.96932815816791,0.09368908117409099,0.25322194613377697,0.3865720313194084,-0.36133954571927773,0.16666666666666666,0.3333333333333333,6628,10812
Reactome_2022,Keratinization R-HSA-6805567,25,4083.6892983280786,0.2537601698129727,0.2537601698129727,0.11397855330390465,87.9344779988694,0.09298833476882311,0.27026108522424663,0.4531177717529045,0.9155387303436224,0.16666666666666666,0.16666666666666666,6628,10812
Reactome_2022,Initiation Of Nuclear Envelope (NE) Reformation R-HSA-2995383,17,2773.636446719989,0.2527609075256908,0.2527609075256908,0.14351412984533027,60.239858449112845,0.0928941522430025,0.26929054921061923,0.3815741030306273,-0.2293185789167152,0.16666666666666666,0.16666666666666666,6628,10812
Reactome_2022,Transcriptional Regulation Of Granulopoiesis R-HSA-9616222,22,3365.280753703301,0.24993546584749107,0.24993546584749107,0.12248229935049536,79.94743926065274,0.0922713612883114,0.26642398766327413,0.4049032526254782,-0.0075247524752475245,0.16666666666666666,0.16666666666666666,6628,10812
KEGG_2019_Mouse,Lysosome,103,102.31388708153305,-0.03233609636490417,0.03233609636490417,-0.01557876641485328,80.63180087485944,0.092256742260827,0.09775955002300814,0.26336103320766435,0.15156668608037274,0.16666666666666666,0.5,6628,10812
KEGG_2019_Mouse,Pyruvate metabolism,34,4718.9273665082055,-0.3326663952775028,0.3326663952775028,-0.2071455461577625,57.77712933666459,0.0918125796379076,0.3451035791276219,0.5559834138231402,0.7889108910891088,0.16666666666666666,0.16666666666666666,6628,10812
Reactome_2022,Diseases Of Carbohydrate Metabolism R-HSA-5663084,21,2557.544269684425,-0.23294633957386263,0.23294633957386263,-0.16862579117217882,46.232258781606156,0.09113012894982665,0.2501373573124842,0.45583833045813593,0.406266744321491,0.3333333333333333,0.16666666666666666,6628,10812
Reactome_2022,Resolution Of Abasic Sites (AP Sites) R-HSA-73933,31,3280.9148299623575,0.24050165962656406,0.24050165962656406,0.10094193414761114,80.84134273793767,0.09074188544846876,0.25705084722263544,0.3460848315874997,0.0008386721025043679,0.16666666666666666,0.16666666666666666,6628,10812
Reactome_2022,Plasma Lipoprotein Clearance R-HSA-8964043,24,98.71777410111065,0.03170619767319468,0.03170619767319468,0.09949681379055988,67.95160225255154,0.09069476499024515,0.0960771740192617,0.15698053191608477,-0.3437041351193943,0.3333333333333333,0.6666666666666666,6628,10812
Reactome_2022,G1/S Transition R-HSA-69206,105,5380.51701687311,0.25330961163330273,0.25330961163330273,0.1435302033966284,112.57278560467444,0.09029818266875697,0.2689228906937728,0.3613032994717157,-0.09246359930110656,0.16666666666666666,0.16666666666666666,6628,10812
Reactome_2022,Metabolism Of Steroids R-HSA-8957322,101,1053.4865790715708,-0.10696897571774794,0.10696897571774794,-0.04099960928303114,110.46521786318552,0.08992203302573384,0.13974381485269863,0.32452544794562727,-0.6392312172393709,0.3333333333333333,0.3333333333333333,6628,10812
Reactome_2022,NLRP3 Inflammasome R-HSA-844456,10,2955.9963764924905,0.31902328041667466,0.31902328041667466,0.1739291446745462,41.27228800528249,0.08986221227159998,0.33143788353500303,0.42313026614651084,-0.46192195690157245,0.16666666666666666,0.16666666666666666,6628,10812
MSigDB_Hallmark_2020,TNF-alpha Signaling via NF-kB,134,5435.622364587823,0.2160843793363197,0.2160843793363197,0.07106515853542453,170.5971829780418,0.08964025035932364,0.2339398073813961,0.39257398446779057,-0.33393127548048923,0.16666666666666666,0.16666666666666666,6628,10812
Reactome_2022,Meiotic Recombination R-HSA-912446,12,1197.533469734678,0.1985762809290349,0.1985762809290349,0.0720095136159919,53.58894887190495,0.08884673798577564,0.2175460461564863,0.3109313944927203,-0.6096330809551542,0.16666666666666666,0.16666666666666666,6628,10812
KEGG_2019_Mouse,Metabolism of xenobiotics by cytochrome P450,30,108.95814554738213,-0.046608435856524556,0.046608435856524556,0.005762167027105925,48.14311950457937,0.08880949950872469,0.10029692665272416,0.3049425013057533,0.7105765870704717,0.3333333333333333,0.8333333333333334,6628,10812
Reactome_2022,Defects In Vitamin And Cofactor Metabolism R-HSA-3296482,18,4241.461119533307,-0.3117016095764245,0.3117016095764245,-0.2651438360140856,39.785483529357855,0.08852017953655991,0.3240273377320478,0.5373703610914689,0.30750145602795576,0.3333333333333333,0.16666666666666666,6628,10812
KEGG_2019_Mouse,Cardiac muscle contraction,38,1278.7967825465657,-0.15384546915038239,0.15384546915038239,-0.09069674906545273,54.5199973733017,0.08844552133848776,0.1774571458773586,0.3618243857254102,0.5200582411182295,0.3333333333333333,0.3333333333333333,6628,10812
KEGG_2019_Mouse,Propanoate metabolism,28,8822.831545962352,-0.43701595480029504,0.43701595480029504,-0.33883746444894747,49.78719643011596,0.08825109928576248,0.44583764003856724,0.6716656106533826,0.7524635993011065,0.16666666666666666,0.16666666666666666,6628,10812
KEGG_2019_Mouse,Fructose and mannose metabolism,28,461.1550175624174,-0.10046185358589893,0.10046185358589893,0.016875865508881337,77.23397467549978,0.08805711267272721,0.13359131378264066,0.3236357021840368,0.18097845078625507,0.3333333333333333,0.3333333333333333,6628,10812
Reactome_2022,Inhibition Of Replication Initiation Of Damaged DNA By RB1/E2F1 R-HSA-113501,12,2833.6576347580617,0.2936921051166877,0.2936921051166877,0.20667623106603306,32.013063611305554,0.08716033172505147,0.3063526987547075,0.4104896791177395,0.14609202096680254,0.16666666666666666,0.16666666666666666,6628,10812
Reactome_2022,Mitotic G1 Phase And G1/S Transition R-HSA-453279,119,5378.846290683751,0.2428173460499738,0.2428173460499738,0.13357753374966302,116.09983992581044,0.08700112656497956,0.257933052489068,0.34680699142422644,-0.07460687245195106,0.16666666666666666,0.16666666666666666,6628,10812
Reactome_2022,TP53 Regulates Transcription Of Cell Cycle Genes R-HSA-6791312,37,2451.719317441742,0.18909758224104858,0.18909758224104858,0.06836063802468535,114.5952647475886,0.0868070123947633,0.20807054815690446,0.3288356859061421,0.07620267909143855,0.16666666666666666,0.16666666666666666,6628,10812
KEGG_2019_Mouse,Cell cycle,92,3807.9928063820626,0.2018583524870372,0.2018583524870372,0.07031978173291793,124.01737485076576,0.08675649243313849,0.21971227423173736,0.3099205599570656,-0.10571927781013396,0.16666666666666666,0.16666666666666666,6628,10812
Reactome_2022,Zinc Transporters R-HSA-435354,12,68.42700016318635,-0.05069755283366867,0.05069755283366867,0.008595655477958684,35.7331093683248,0.08673808558071117,0.1004675935490116,0.24566375892767053,-0.3977169481654047,0.3333333333333333,0.16666666666666666,6628,10812
Reactome_2022,HDR Thru Homologous Recombination (HRR) R-HSA-5685942,40,3068.9542407789677,0.21023891148614182,0.21023891148614182,0.08874139818452591,98.26272276540297,0.0866415941163963,0.22739209690292267,0.32623802306729904,0.03925451368666278,0.16666666666666666,0.16666666666666666,6628,10812
Reactome_2022,Metal Ion SLC Transporters R-HSA-425410,18,38.911540809086425,-0.03563264483757695,0.03563264483757695,0.024015749464004286,47.522936629710884,0.08663757322943727,0.09367899696947551,0.23524331179457353,-0.54417006406523,0.16666666666666666,0.16666666666666666,6628,10812
Reactome_2022,Methylation R-HSA-156581,10,35.392015591303576,0.024281592229508916,0.024281592229508916,0.07905460561179045,33.895850702684726,0.0863262925872096,0.08967622044361966,0.18750005524668767,0.07695981362842166,0.3333333333333333,1.0,6628,10812
KEGG_2019_Mouse,Base excision repair,26,3952.340710445152,0.2725501443235928,0.2725501443235928,0.12499826632245983,65.65598752394645,0.08615287755602569,0.2858424382102749,0.37406322249559887,0.27700640652300523,0.16666666666666666,0.16666666666666666,6628,10812
KEGG_2019_Mouse,Homologous recombination,25,2091.592371660524,0.20609404735546508,0.20609404735546508,0.09362867979185956,59.36520852056421,0.08588670928234761,0.22327400920552118,0.3104815559572901,-0.15347699475829935,0.16666666666666666,0.16666666666666666,6628,10812
KEGG_2019_Mouse,Renin secretion,39,221.45409233556228,-0.06387278379485013,0.06387278379485013,0.021394369535073027,96.40778595208569,0.08518827682287192,0.10647429275535915,0.250118309852429,-0.6790215492137449,0.3333333333333333,0.3333333333333333,6628,10812
Reactome_2022,Cooperation Of Prefoldin And TriC/CCT In Actin And Tubulin Folding R-HSA-389958,21,6151.6651645619495,0.3511986605428971,0.3511986605428971,0.2549357885847669,51.510453228723954,0.08513393631683328,0.3613700129782818,0.5263532562860129,0.04015142690739661,0.16666666666666666,0.16666666666666666,6628,10812
KEGG_2019_Mouse,Linoleic acid metabolism,11,3462.0539982810246,-0.2819051018819216,0.2819051018819216,-0.3056999130608499,32.837382468490134,0.08511205134535449,0.2944733396273266,0.3914328436716252,0.8391030867792661,0.3333333333333333,0.16666666666666666,6628,10812
KEGG_2019_Mouse,Arginine biosynthesis,11,115.35358442183336,-0.034992172930341514,0.034992172930341514,-0.1169840898491477,30.311084069947057,0.08494081860799198,0.09186617893535529,0.14857504884061684,0.8380896913220733,0.3333333333333333,1.0,6628,10812
Reactome_2022,Insulin Receptor Recycling R-HSA-77387,22,218.36214237235959,-0.07087687364918831,0.07087687364918831,-0.042652092631906384,32.40277066376423,0.08492734918870712,0.11061729457233888,0.2770245887026339,0.8549097262667443,0.3333333333333333,0.3333333333333333,6628,10812
Reactome_2022,Termination Of Translesion DNA Synthesis R-HSA-5656169,25,2460.55565229788,0.2215951450172546,0.2215951450172546,0.09720054992574301,58.13130650935067,0.08451513234932867,0.23716495502338164,0.3150953945786966,0.16676761793826442,0.16666666666666666,0.16666666666666666,6628,10812
KEGG_2019_Mouse,Porphyrin and chlorophyll metabolism,23,84.33198678481871,0.05650937736878194,0.05650937736878194,-0.014210778734598192,48.46056999082943,0.08426576011709681,0.10145948974206162,0.18099680689126552,0.5364123471170646,0.3333333333333333,0.6666666666666666,6628,10812
Reactome_2022,Heme Degradation R-HSA-189483,10,1203.7940247747172,0.22689795793885595,0.22689795793885595,0.07549951939015177,36.9314454396936,0.08425852544646538,0.24203756408300653,0.3377958826855828,0.05336051252184042,0.3333333333333333,0.16666666666666666,6628,10812
KEGG_2019_Mouse,Glycolysis / Gluconeogenesis,42,1231.3669750857036,-0.15933487484770378,0.15933487484770378,-0.043214759314694394,60.006995152664715,0.08418363498684056,0.18020678883530175,0.38111246930956033,0.7789516598718695,0.3333333333333333,0.3333333333333333,6628,10812
KEGG_2019_Mouse,Retrograde endocannabinoid signaling,75,804.1581345219871,-0.10604114522477733,0.10604114522477733,-0.05248020171954151,66.7044999267828,0.08413936135131461,0.13536674853592892,0.31248915424583035,0.061444379732090854,0.3333333333333333,0.16666666666666666,6628,10812
Reactome_2022,Gene And Protein Expression By JAK-STAT Signaling After Interleukin-12 Stimulation R-HSA-8950505,27,6243.132077589377,0.33030491938046525,0.33030491938046525,0.19228947763657903,62.82012098321138,0.08365141529218406,0.34073288518621314,0.43703184027025743,-0.11320908561444379,0.16666666666666666,0.16666666666666666,6628,10812
Reactome_2022,Metabolism Of Water-Soluble Vitamins And Cofactors R-HSA-196849,97,2901.624548730206,-0.18061196489843045,0.18061196489843045,-0.10901240520847845,87.62800345355178,0.08324123254627729,0.19887127660950768,0.38492289565396715,-0.3451718112987769,0.3333333333333333,0.16666666666666666,6628,10812
Reactome_2022,Depolymerisation Of Nuclear Lamina R-HSA-4419969,13,1349.2101815976337,0.19519696564658615,0.19519696564658615,0.10049376897973894,46.560799486870096,0.08306324737454966,0.2121352362575349,0.33172400036142524,-0.22298194525334886,0.16666666666666666,0.16666666666666666,6628,10812
KEGG_2019_Mouse,Huntington disease,139,730.1296942257917,-0.10325931018184349,0.10325931018184349,-0.06160597602071979,54.23879794353132,0.0830578954217031,0.13251829734460344,0.3032620830182673,0.35914967967384964,0.3333333333333333,0.16666666666666666,6628,10812
Reactome_2022,Neurotransmitter Release Cycle R-HSA-112310,19,1149.941341918326,-0.15345257631329864,0.15345257631329864,-0.10992270348171819,52.98545942297874,0.08272056090308381,0.17432838086011568,0.33892758023942354,-0.3800349446709376,0.3333333333333333,0.3333333333333333,6628,10812
Reactome_2022,Transferrin Endocytosis And Recycling R-HSA-917977,26,1.4042349857909768,-0.0019482572689692834,0.0019482572689692834,0.003372537859037709,34.25855115496436,0.0823472716723497,0.08237031539496409,0.19904772345680824,0.82592894583576,0.3333333333333333,1.0,6628,10812
KEGG_2019_Mouse,Chemical carcinogenesis,32,366.8757112868911,-0.07847796971011782,0.07847796971011782,-0.01750964334068037,45.871208536972595,0.08230686590861232,0.11372428019345938,0.3148872201311863,0.6973325567850901,0.3333333333333333,0.16666666666666666,6628,10812
Reactome_2022,Interactions Of Rev With Host Cellular Proteins R-HSA-177243,32,3178.034692861885,0.22560054588605175,0.22560054588605175,0.10911929928767788,66.32345198666101,0.08228967283018208,0.2401399520250284,0.3519822186907557,0.027909143855562025,0.16666666666666666,0.16666666666666666,6628,10812
Reactome_2022,Sulfur Amino Acid Metabolism R-HSA-1614635,19,607.4768605216802,-0.12325390089266086,0.12325390089266086,-0.039818121936485186,43.818037963862736,0.08214392158695881,0.1481186954403201,0.3299244228563799,0.09168316831683168,0.3333333333333333,0.16666666666666666,6628,10812
Reactome_2022,ROS And RNS Production In Phagocytes R-HSA-1222556,21,317.4796863463988,-0.08599174315559288,0.08599174315559288,-0.06152781814455635,28.207569737479083,0.08192026121978557,0.11876661605541916,0.2798488714179431,0.8602562609202095,0.3333333333333333,0.3333333333333333,6628,10812
MSigDB_Hallmark_2020,G2-M Checkpoint,135,3459.954003363766,0.18332103922950627,0.18332103922950627,0.06427463087356888,121.3864264907854,0.08183172042438105,0.2007561553023972,0.2892049722700031,-0.02786255096097845,0.16666666666666666,0.16666666666666666,6628,10812
KEGG_2019_Mouse,"Glycine, serine and threonine metabolism",32,4888.668079784222,-0.30272100528985385,0.30272100528985385,-0.19675728960676755,43.01358801251408,0.08178948177639501,0.31357539184851707,0.5172568598640267,0.8537798485730925,0.16666666666666666,0.16666666666666666,6628,10812
Reactome_2022,Drug ADME R-HSA-9748784,39,2234.6067830252764,-0.19792984978953976,0.19792984978953976,-0.1383210305707049,51.10974240180074,0.08132648762936656,0.21398650197580057,0.4104507449561622,0.5192428654630168,0.3333333333333333,0.16666666666666666,6628,10812
Reactome_2022,Cyclin D Associated Events In G1 R-HSA-69231,35,2329.489079044725,0.18410093660936563,0.18410093660936563,0.07766749088128862,81.1749306218214,0.08115241994993537,0.2011936135273094,0.3042051866132901,-0.07391962725684333,0.16666666666666666,0.16666666666666666,6628,10812
Reactome_2022,Base Excision Repair R-HSA-73884,36,3018.8695203528305,0.2173417535472084,0.2173417535472084,0.09421225951056553,71.39944407195007,0.08077987878085881,0.23186812340385582,0.3083122459435911,0.026336633663366336,0.16666666666666666,0.16666666666666666,6628,10812
Reactome_2022,Defective Intrinsic Pathway For Apoptosis R-HSA-9734009,17,2214.632263150259,0.2391795429571316,0.2391795429571316,0.10957390935653144,46.84814541039638,0.0806653213005283,0.25241582325539696,0.32819174999034784,-0.3669306930693069,0.16666666666666666,0.16666666666666666,6628,10812
Reactome_2022,Citric Acid Cycle (TCA Cycle) R-HSA-71403,18,2933.2482184680516,-0.3122045753483576,0.3122045753483576,-0.21435986802720955,27.663956349823096,0.08061648264630955,0.3224449009407826,0.5275405649964654,0.7334769947582993,0.6666666666666666,0.16666666666666666,6628,10812
Reactome_2022,Inflammasomes R-HSA-622312,12,3507.0711289400638,0.3209516105028399,0.3209516105028399,0.19011647341610846,38.49276247109919,0.08046126228561773,0.3308835913323017,0.41224645337046717,-0.5172160745486314,0.16666666666666666,0.16666666666666666,6628,10812
Reactome_2022,Pyruvate Metabolism R-HSA-70268,24,2991.2835198026287,-0.261019612893598,0.261019612893598,-0.2127222904150452,33.1906714971449,0.08041187222014844,0.27312507667563823,0.4561391588445767,0.5392079207920792,0.3333333333333333,0.16666666666666666,6628,10812
Reactome_2022,Deregulated CDK5 Triggers Neurodegenerative Pathways In Alzheimers Disease Models R-HSA-8862803,16,2206.2579290553404,0.2423849507822353,0.2423849507822353,0.11778638346837764,43.757784415174456,0.08033904275666612,0.2553523568654967,0.33282492182709,-0.29548048922539316,0.16666666666666666,0.16666666666666666,6628,10812
Reactome_2022,Extension Of Telomeres R-HSA-180786,41,3883.3097407360883,0.23641457829675738,0.23641457829675738,0.1165352747632796,71.77684180795188,0.08025871022992333,0.24966640422572758,0.33446585588437117,0.18423995340710542,0.16666666666666666,0.16666666666666666,6628,10812
Reactome_2022,p75NTR Signals Via NF-kB R-HSA-193639,12,1148.5877601497132,0.1906052800994194,0.1906052800994194,0.076551430509243,35.01086779689491,0.08020986188968292,0.20679457136525634,0.36571276990447377,0.39941758881770534,0.16666666666666666,0.3333333333333333,6628,10812
Reactome_2022,Organic Cation/Anion/Zwitterion Transport R-HSA-549132,10,6631.797497259097,-0.47271555288217376,0.47271555288217376,-0.46675928218048907,19.222787092580568,0.08015937568544836,0.479463783248516,0.649500054410103,0.9489225393127547,0.16666666666666666,0.16666666666666666,6628,10812
Reactome_2022,Prefoldin Mediated Transfer Of Substrate To CCT/TriC R-HSA-389957,20,5594.382631844118,0.34068112005533724,0.34068112005533724,0.25176086931992897,43.536671092221205,0.08010825913682353,0.34997279714870905,0.5057928275416589,0.041933605125218404,0.16666666666666666,0.16666666666666666,6628,10812
Reactome_2022,Defects In Cobalamin (B12) Metabolism R-HSA-3296469,12,1568.1241100506427,-0.2024893405657465,0.2024893405657465,-0.19664463884177646,24.158047796096284,0.08010650495354202,0.21775900711250207,0.40401825757152277,0.672090856144438,0.3333333333333333,0.16666666666666666,6628,10812
Reactome_2022,Diseases Of Programmed Cell Death R-HSA-9645723,33,3407.2050515070555,0.24053819994991787,0.24053819994991787,0.12050850028088916,68.13871897413864,0.0800338050417897,0.2535035218386795,0.32589079255245484,-0.28873616773442046,0.16666666666666666,0.16666666666666666,6628,10812
Reactome_2022,Presynaptic Phase Of Homologous DNA Pairing And Strand Exchange R-HSA-5693616,25,1726.8161150947676,0.17873662598773152,0.17873662598773152,0.06651764952950152,66.809946365937,0.07998850304145452,0.19581864591578357,0.28609456415960427,-0.03489807804309843,0.16666666666666666,0.16666666666666666,6628,10812
Reactome_2022,Homologous DNA Pairing And Strand Exchange R-HSA-5693579,25,1726.8161150947676,0.17873662598773152,0.17873662598773152,0.06651764952950152,66.809946365937,0.07998850304145452,0.19581864591578357,0.28609456415960427,-0.03489807804309843,0.16666666666666666,0.16666666666666666,6628,10812
Reactome_2022,Synthesis Of PC R-HSA-1483191,21,869.6216143564776,-0.13734595164665403,0.13734595164665403,-0.04830714763148391,47.24370594218936,0.07984165780248718,0.15886661308901404,0.31872555347442866,-0.2211182294700058,0.16666666666666666,0.16666666666666666,6628,10812
Reactome_2022,p130Cas Linkage To MAPK Signaling For Integrins R-HSA-372708,11,7118.583607783574,0.42702113109924433,0.42702113109924433,0.4819597588812452,29.79780899327843,0.07937389038713548,0.43433542439048983,0.5437409008580343,0.7097379149679673,0.3333333333333333,0.16666666666666666,6628,10812
Reactome_2022,Interconversion Of Nucleotide Di- And Triphosphates R-HSA-499943,20,1896.7435722513503,0.22147892965778004,0.22147892965778004,0.11119443376030218,42.99995340973865,0.07936568687884205,0.23526969319507837,0.3194698516690416,-0.27478159580663947,0.3333333333333333,0.16666666666666666,6628,10812
Reactome_2022,Fatty Acid Metabolism R-HSA-8978868,109,1657.2512345078096,-0.166091202624492,0.166091202624492,-0.07406743690173076,61.65100145985275,0.07882654322982945,0.18384752243860736,0.36955615696817046,0.7510774606872451,0.3333333333333333,0.16666666666666666,6628,10812
KEGG_2019_Mouse,Bladder cancer,31,1292.3837955348997,0.1500190232893826,0.1500190232893826,0.0446131197595076,57.73189279294296,0.07857727457666355,0.16935198678668253,0.2966488556036795,0.1263948747815958,0.16666666666666666,0.16666666666666666,6628,10812
KEGG_2019_Mouse,Taste transduction,11,1186.1567323119907,-0.19344554359962327,0.19344554359962327,-0.07224184005419082,32.36483485195843,0.07853579597406678,0.20877990705006552,0.3862877642615318,-0.5388351776354106,0.3333333333333333,0.3333333333333333,6628,10812
Reactome_2022,Fatty acyl-CoA Biosynthesis R-HSA-75105,23,78.02508398211154,0.032427687013025085,0.032427687013025085,0.06865641782658184,37.52446334297593,0.07844236604621756,0.08488085576820902,0.16632821130742073,-0.03829935934769948,0.3333333333333333,0.6666666666666666,6628,10812
KEGG_2019_Mouse,Non-alcoholic fatty liver disease (NAFLD),120,694.7172608031823,-0.0950541299312115,0.0950541299312115,-0.06758443446918484,49.48768161797958,0.07831982301662897,0.12316364030969416,0.27840405817642544,0.37340710541642397,0.3333333333333333,0.16666666666666666,6628,10812
Reactome_2022,Nuclear Envelope (NE) Reassembly R-HSA-2995410,57,6331.663025712688,0.2610871468933425,0.2610871468933425,0.16163009801523107,80.80890181102718,0.07824409033317123,0.2725594172744197,0.3892803526894248,-0.0821083284799068,0.16666666666666666,0.16666666666666666,6628,10812
Reactome_2022,Metabolism Of Steroid Hormones R-HSA-196071,16,661.3641617580029,-0.12347917650814302,0.12347917650814302,-0.05588934717195524,41.06685145312101,0.07811445255485641,0.14611288351502089,0.31985260833772294,0.6141409435061153,0.3333333333333333,0.3333333333333333,6628,10812
KEGG_2019_Mouse,Collecting duct acid secretion,23,232.5192256143167,-0.06614904717770037,0.06614904717770037,-0.05439120097457619,24.291345417064022,0.07789435570537483,0.10219210876223803,0.2704379355611078,0.8740361094933021,0.16666666666666666,0.3333333333333333,6628,10812
Reactome_2022,Regulation Of Cholesterol Biosynthesis By SREBP (SREBF) R-HSA-1655829,48,320.943535248264,-0.06498664030984498,0.06498664030984498,-0.003107306019527771,65.40938036347488,0.07789195049092949,0.10144170429385825,0.25337675506994844,-0.5042399534071054,0.3333333333333333,0.3333333333333333,6628,10812
KEGG_2019_Mouse,Fatty acid elongation,24,0.5648107958722799,-0.012551993777969098,0.012551993777969098,0.04104694697642397,37.836097335255666,0.0778353704122065,0.07884096292542073,0.2196436774773312,0.4046243447874199,0.3333333333333333,0.8333333333333334,6628,10812
Reactome_2022,Attenuation Phase R-HSA-3371568,17,34.05858354936243,0.046003478296486884,0.046003478296486884,-0.025972165913350678,33.81727232935639,0.07759119278894581,0.09020373170654691,0.1593102078264938,-0.050145602795573674,0.16666666666666666,0.16666666666666666,6628,10812
Reactome_2022,FRS-mediated FGFR3 Signaling R-HSA-5654706,10,4.365124589033546,0.0009327799331671213,0.0009327799331671213,0.051225619770450745,31.11250311582042,0.0775794166885832,0.07758502414863669,0.14626679005469026,0.8956668608037274,0.16666666666666666,1.0,6628,10812
Reactome_2022,Aquaporin-mediated Transport R-HSA-445717,26,6.100931590395874,-0.01903437901419828,0.01903437901419828,0.02134973403057852,50.33339037599778,0.07745042459838225,0.07975509924090023,0.22857043205991986,-0.2830867792661619,0.3333333333333333,0.6666666666666666,6628,10812
Reactome_2022,Regulation Of RUNX1 Expression And Activity R-HSA-8934593,16,798.8347463035436,0.1507758110998827,0.1507758110998827,0.021896910400259866,58.62496607119276,0.07689679214396995,0.16925265686204288,0.27435981258997194,-0.23139196272568432,0.16666666666666666,0.16666666666666666,6628,10812
Reactome_2022,Nuclear Import Of Rev Protein R-HSA-180746,29,2388.821969698145,0.2001836177489984,0.2001836177489984,0.0870935285633841,64.19491459321797,0.07676039806220084,0.21439598766242018,0.3154166098354711,0.03312754804892254,0.16666666666666666,0.16666666666666666,6628,10812
Reactome_2022,S Phase R-HSA-69242,136,4527.855664277582,0.21763653711332312,0.21763653711332312,0.12084535430104242,92.8976561167285,0.07672104058252112,0.230763472748058,0.3040586314673824,-0.07857891671520094,0.16666666666666666,0.16666666666666666,6628,10812
KEGG_2019_Mouse,Neuroactive ligand-receptor interaction,37,354.00356824061396,-0.07015892327955638,0.07015892327955638,-0.0073982907622746836,82.24859065959022,0.0767168005709317,0.10396029052280868,0.2375614516999381,-0.40871287128712863,0.3333333333333333,0.3333333333333333,6628,10812
Reactome_2022,Biological Oxidations R-HSA-211859,100,1647.4334725220742,-0.14816609408153844,0.14816609408153844,-0.09142733221854837,56.185900847389874,0.07654262893570085,0.1667691982344692,0.3512133687564916,0.5750029120559115,0.3333333333333333,0.16666666666666666,6628,10812
Reactome_2022,Synthesis Of DNA R-HSA-69239,99,4823.6753838818595,0.2415328498744375,0.2415328498744375,0.14967064912059022,74.94969544044625,0.07648735493382215,0.2533543625699783,0.325619979753498,-0.039219569015725105,0.16666666666666666,0.16666666666666666,6628,10812
Reactome_2022,Regulation Of Pyruvate Dehydrogenase (PDH) Complex R-HSA-204174,15,2941.7534085542566,-0.27522968795898406,0.27522968795898406,-0.22716452070709772,27.16798957853849,0.07625990730493885,0.28559929025849773,0.4650335408152093,0.39662201514269074,0.16666666666666666,0.3333333333333333,6628,10812
Reactome_2022,DNA Replication R-HSA-69306,102,4855.369584088091,0.24068125437514917,0.24068125437514917,0.14946378978864172,75.12171247029829,0.07611738771523917,0.25243082799093164,0.32395242654268086,-0.03720442632498543,0.16666666666666666,0.16666666666666666,6628,10812
Reactome_2022,Protein Localization R-HSA-9609507,131,926.0613422962492,-0.1285407762981438,0.1285407762981438,-0.05430361984346772,49.43935909702318,0.07578814881472742,0.14921988698592661,0.31162945592580354,0.4147699475829935,0.3333333333333333,0.16666666666666666,6628,10812
Reactome_2022,Postmitotic Nuclear Pore Complex (NPC) Reformation R-HSA-9615933,24,1828.803288316279,0.18852386242481864,0.18852386242481864,0.08270801862609571,53.824067197952466,0.0757738171062248,0.2031819826225238,0.31017956233015787,0.015224228305183458,0.16666666666666666,0.16666666666666666,6628,10812
Reactome_2022,Pyruvate Metabolism And Citric Acid (TCA) Cycle R-HSA-71406,44,4271.825751550823,-0.2966724812685561,0.2966724812685561,-0.2268443331225826,35.785104840765605,0.07577301156388362,0.306196195965107,0.49116036015696085,0.6911124053581829,0.3333333333333333,0.16666666666666666,6628,10812
Reactome_2022,FRS-mediated FGFR2 Signaling R-HSA-5654700,10,0.37942488509314215,-0.007934572419765754,0.007934572419765754,0.044658659467053045,31.19597999713533,0.075689544294147,0.0761043005022722,0.14955775694371667,0.9002446126965636,0.16666666666666666,0.16666666666666666,6628,10812
Reactome_2022,Glyoxylate Metabolism And Glycine Degradation R-HSA-389661,26,5636.253064259841,-0.35346122353317544,0.35346122353317544,-0.25588311688558285,29.120261930837525,0.07540138398081951,0.36141417411024773,0.5480414388139611,0.8063366336633663,0.5,0.16666666666666666,6628,10812
Reactome_2022,TGF-beta Receptor Signaling In EMT (Epithelial To Mesenchymal Transition) R-HSA-2173791,13,1426.8808279871944,0.19306336103775043,0.19306336103775043,0.14468997244525045,33.5493588663683,0.0752978873314938,0.20722749144787497,0.3371372000584275,-0.5044030285381479,0.16666666666666666,0.16666666666666666,6628,10812
Reactome_2022,Acyl Chain Remodelling Of PS R-HSA-1482801,12,204.2140890843932,0.06188817976265961,0.06188817976265961,0.08506434095597581,40.87334409756792,0.07518400149421957,0.09737957113798604,0.1277447086717326,-0.34760629004076876,0.3333333333333333,0.16666666666666666,6628,10812
KEGG_2019_Mouse,Synaptic vesicle cycle,44,0.06750506162428564,0.0043744542438552475,0.0043744542438552475,0.005928922672310964,40.54652962349624,0.07497345570980718,0.07510096478076697,0.17407353373087445,0.6239953407105416,0.3333333333333333,0.8333333333333334,6628,10812
Reactome_2022,Aberrant Regulation Of Mitotic Cell Cycle Due To RB1 Defects R-HSA-9687139,30,1699.1407232528982,0.1688212285235202,0.1688212285235202,0.07172802112921856,54.85841275895448,0.07490827632813435,0.18469395513292458,0.2637268283368349,-0.11089108910891089,0.16666666666666666,0.16666666666666666,6628,10812
Reactome_2022,DNA Damage/Telomere Stress Induced Senescence R-HSA-2559586,19,1183.115336537674,0.16244619562559823,0.16244619562559823,0.046111776984220317,50.31547396521255,0.07487710066167647,0.17887243129316754,0.2576571904660214,0.05126383226557949,0.16666666666666666,0.16666666666666666,6628,10812
Reactome_2022,Defective Homologous Recombination Repair (HRR) Due To BRCA2 Loss Of Function R-HSA-9701190,24,1483.3181439156206,0.16676785209257042,0.16676785209257042,0.06218034593223963,57.0703725601817,0.07456924393741611,0.18268029076221481,0.26475378199708244,-0.03249854397204426,0.16666666666666666,0.16666666666666666,6628,10812
Reactome_2022,SUMOylation Of DNA Replication Proteins R-HSA-4615885,36,2536.7243641764226,0.19590666329017462,0.19590666329017462,0.08438321937719635,60.562057858949736,0.07455518435505484,0.20961368332173846,0.2951073480642774,0.12234129295282468,0.16666666666666666,0.16666666666666666,6628,10812
KEGG_2019_Mouse,Histidine metabolism,12,3149.178006478864,-0.33724600751258776,0.33724600751258776,-0.2212019929312462,37.78635149564901,0.07440894243765507,0.34535714890222075,0.45679829912265474,0.8974956319161327,0.16666666666666666,0.16666666666666666,6628,10812
Reactome_2022,SARS-CoV-2 Targets Host Intracellular Signaling And Regulatory Pathways R-HSA-9755779,11,3876.146503301817,0.35878576342224466,0.35878576342224466,0.23656008992066807,27.51458827109691,0.07438941938202943,0.36641644306782734,0.4705357119087098,-0.061036691904484554,0.16666666666666666,0.16666666666666666,6628,10812
Reactome_2022,Rev-mediated Nuclear Export Of HIV RNA R-HSA-165054,30,2695.1823324939396,0.20969058997026993,0.20969058997026993,0.10231251924026666,59.6079643467042,0.07437588118305534,0.2224902587167264,0.3211783618412414,0.06865463016889922,0.16666666666666666,0.16666666666666666,6628,10812
Reactome_2022,Post-chaperonin Tubulin Folding Pathway R-HSA-389977,13,7768.500382283594,0.43996521761298335,0.43996521761298335,0.3285120934552757,33.779629440415945,0.07402474954283143,0.44614914126793837,0.5681819306532734,-0.1329761211415259,0.16666666666666666,0.16666666666666666,6628,10812
Reactome_2022,Role Of GTSE1 In G2/M Progression After G2 Checkpoint R-HSA-8852276,48,3678.8498113669257,0.24056764649015214,0.24056764649015214,0.19220830212998316,43.385150139753286,0.07338529842563296,0.2515118179387004,0.35081354725533165,0.05955736750145602,0.16666666666666666,0.16666666666666666,6628,10812
Reactome_2022,Impaired BRCA2 Binding To RAD51 R-HSA-9709570,23,1637.1834088829294,0.17749289053151837,0.17749289053151837,0.06829701993455395,63.16211682894651,0.07297255667683174,0.19190810357352547,0.2789676732798408,0.12475247524752475,0.16666666666666666,0.16666666666666666,6628,10812
Reactome_2022,Transcriptional Regulation By E2F6 R-HSA-8953750,31,1334.0608178106124,0.153617712760303,0.153617712760303,0.06030840406103556,66.30869854950784,0.07282660860096868,0.17000622516256764,0.2450675703461513,0.26305183459522424,0.3333333333333333,0.3333333333333333,6628,10812
Reactome_2022,Translesion Synthesis By POLH R-HSA-110320,15,1040.7874889029122,0.1721647086476525,0.1721647086476525,0.09554432481469326,26.082890088578488,0.07269580026354215,0.18688329588191632,0.25489965739073966,0.14299359347699475,0.16666666666666666,0.16666666666666666,6628,10812
MSigDB_Hallmark_2020,Myc Targets V2,49,2744.362551081946,0.18587317141412316,0.18587317141412316,0.08470154258067751,71.73014359271913,0.07243050035786905,0.19948687484051492,0.3101720582964605,-0.09228887594641817,0.16666666666666666,0.16666666666666666,6628,10812
Reactome_2022,EGR2 And SOX10-mediated Initiation Of Schwann Cell Myelination R-HSA-9619665,16,111.59988938761717,0.04893671601494349,0.04893671601494349,0.040734843132824106,23.178978826646063,0.07231354024541456,0.08731580771631459,0.15283770438396083,0.5438089691322072,0.3333333333333333,0.16666666666666666,6628,10812
Reactome_2022,"Plasma Lipoprotein Assembly, Remodeling, And Clearance R-HSA-174824",42,11.260079819388928,-0.021844264356187217,0.021844264356187217,0.03986704515643101,66.1916479834178,0.07204527690332473,0.0752840873580847,0.16674484907126566,-0.7566453115899825,0.3333333333333333,0.6666666666666666,6628,10812
Reactome_2022,Chaperone Mediated Autophagy R-HSA-9613829,13,732.551459761751,0.17209859134235042,0.17209859134235042,0.07820112148397111,26.87050773390681,0.07199991684474327,0.18655270881890534,0.29517869109031014,-0.049330227140361095,0.16666666666666666,0.3333333333333333,6628,10812
Reactome_2022,Signaling By FLT3 ITD And TKD Mutants R-HSA-9703648,14,585.9578917071907,0.13321979969240466,0.13321979969240466,0.04818192655388605,39.26380580117492,0.07158990809571696,0.15123699934618387,0.23493161765847373,-0.18839836924868958,0.16666666666666666,0.16666666666666666,6628,10812
Reactome_2022,Iron Uptake And Transport R-HSA-917937,46,302.52213162379076,0.07107341483991995,0.07107341483991995,0.07503837370523742,33.89676654862705,0.07135462980346932,0.10071203250554275,0.17363904166469532,0.6043098427489806,0.3333333333333333,0.16666666666666666,6628,10812
Reactome_2022,HDR Thru Single Strand Annealing (SSA) R-HSA-5685938,26,1612.600687659873,0.16723825138600998,0.16723825138600998,0.05959574948069851,57.73123786786998,0.07132686061878289,0.18181351372321455,0.26205391668386835,0.04743156668608037,0.16666666666666666,0.16666666666666666,6628,10812
Reactome_2022,Gap Junction Trafficking R-HSA-190828,10,316.64428920652983,0.12323509751696048,0.12323509751696048,0.07317993559346665,18.65018657645325,0.07131365411059827,0.14238162284024156,0.24561042144534712,0.6694234129295283,0.3333333333333333,0.3333333333333333,6628,10812
Reactome_2022,Transcription Of E2F Targets Under Negative Control By P107 (RBL1) And P130 (RBL2) In Complex With HDAC1 R-HSA-1362300,14,593.5935618372732,0.13545454434642867,0.13545454434642867,0.04883913428252675,35.960347919941206,0.07104030522349268,0.15295312533696595,0.2228291713205578,0.3607105416423995,0.3333333333333333,0.16666666666666666,6628,10812
Reactome_2022,Formation Of Fibrin Clot (Clotting Cascade) R-HSA-140877,15,2486.5033727859864,0.2084725134912588,0.2084725134912588,0.2406093561428871,32.09261210865812,0.07103157816500415,0.22024139932804235,0.3049896607295178,0.5340128130460104,0.16666666666666666,0.16666666666666666,6628,10812
Reactome_2022,Regulation Of FZD By Ubiquitination R-HSA-4641263,10,354.9436558452409,-0.10776652952694626,0.10776652952694626,-0.07628082318305658,23.63783160341336,0.07082242784588552,0.1289551905596198,0.2640431845196007,-0.34305183459522415,0.3333333333333333,0.16666666666666666,6628,10812
KEGG_2019_Mouse,Drug metabolism,58,21.88503652799479,-0.004077402240687715,0.004077402240687715,-0.04396062023363452,46.088977087154575,0.07079582485135508,0.07091314423586162,0.11095527466385992,0.7175189283634245,0.3333333333333333,0.8333333333333334,6628,10812
Reactome_2022,Diseases Of DNA Repair R-HSA-9675135,30,1492.2149792469218,0.15494120112846466,0.15494120112846466,0.06286949900986603,69.25687651225658,0.07078816056910193,0.17034594061464545,0.24232184264256432,0.030914385556202673,0.16666666666666666,0.16666666666666666,6628,10812
KEGG_2019_Mouse,Folate biosynthesis,19,774.0421394162566,-0.09845225306567276,0.09845225306567276,-0.15014757884706792,33.836272133262234,0.07077305304465835,0.12125044812688036,0.1834917651470065,0.9023179965055328,0.3333333333333333,0.16666666666666666,6628,10812
KEGG_2019_Mouse,Nucleotide excision repair,41,2140.632672442334,0.1815121085188237,0.1815121085188237,0.06948353800582992,54.96827398091002,0.07040117989748834,0.1946868554112161,0.2586980910816729,0.30368083867210244,0.16666666666666666,0.16666666666666666,6628,10812
Reactome_2022,HDR Thru Homologous Recombination (HRR) Or Single Strand Annealing (SSA) R-HSA-5693567,64,3187.722650520961,0.18410807871071155,0.18410807871071155,0.08371473219347388,85.42664619008103,0.06989591141593529,0.19692948758175818,0.27006128987202166,0.06338963308095515,0.16666666666666666,0.16666666666666666,6628,10812
Reactome_2022,G2/M Checkpoints R-HSA-69481,98,4650.607280189011,0.22656399465415442,0.22656399465415442,0.14370295204346933,67.9347761549386,0.06976197110828,0.23706112352420866,0.30375027621769557,-0.058392545136866626,0.16666666666666666,0.16666666666666666,6628,10812
Reactome_2022,Interleukin-4 And Interleukin-13 Signaling R-HSA-6785807,53,5453.552727331533,0.24656428844310233,0.24656428844310233,0.1092786560692762,82.2485336974733,0.06975669104087422,0.25624196432361607,0.3365897284447873,-0.247582993593477,0.16666666666666666,0.16666666666666666,6628,10812
Reactome_2022,Homology Directed Repair R-HSA-5693538,69,3239.165574667575,0.1838808871935919,0.1838808871935919,0.08270072605791395,76.8012915878106,0.06965473090335984,0.19663153921058016,0.2685071997671124,0.010273733255678508,0.16666666666666666,0.16666666666666666,6628,10812
Reactome_2022,Orc1 Removal From Chromatin R-HSA-68949,56,3876.154434924167,0.24236343191235749,0.24236343191235749,0.17651841641201277,42.76339802137952,0.0695532013630945,0.25214614997693513,0.32371033657112835,-0.0961094933022714,0.16666666666666666,0.16666666666666666,6628,10812
Reactome_2022,Nucleotide Biosynthesis R-HSA-8956320,10,309.97728358836287,0.1106321702186846,0.1106321702186846,0.05324177826959761,22.55986609628676,0.06939022871607294,0.13059280580707697,0.2243254022789331,0.021956901572510193,0.16666666666666666,0.16666666666666666,6628,10812
Reactome_2022,Diseases Of Mitotic Cell Cycle R-HSA-9675126,32,1611.0020628479017,0.1599965853279149,0.1599965853279149,0.06926136853592271,55.58709567215862,0.0692910528476514,0.17435640889089443,0.2460799172246561,-0.08386721025043681,0.16666666666666666,0.16666666666666666,6628,10812
Reactome_2022,Signaling By FGFR3 In Disease R-HSA-5655332,12,21.69240165032782,0.019658331875803965,0.019658331875803965,0.030761042271949753,26.987409050376137,0.06926611519075343,0.07200169946437358,0.1252949962563064,0.8136051252184041,0.3333333333333333,0.3333333333333333,6628,10812
Reactome_2022,Vasopressin Regulates Renal Water Homeostasis Via Aquaporins R-HSA-432040,23,38.793951821883,0.01568553334629397,0.01568553334629397,0.03955748411476961,35.09983160913448,0.06926319353263467,0.07101708199227076,0.1756931208484336,-0.016680256260920207,0.3333333333333333,0.5,6628,10812
Reactome_2022,Diseases Of Metabolism R-HSA-5668914,139,1144.1952869307177,-0.09135534905444381,0.09135534905444381,-0.07332744191266809,73.99757158079683,0.06924588865192174,0.11463329750143984,0.26795775657220433,-0.07199767035527081,0.3333333333333333,0.3333333333333333,6628,10812
Reactome_2022,MET Activates PTK2 Signaling R-HSA-8874081,14,1342.7059252195284,0.18399017715538413,0.18399017715538413,0.0745810141574075,34.626318067578744,0.06923750688276656,0.1965864126764888,0.2846958088181443,0.06065230052417006,0.16666666666666666,0.16666666666666666,6628,10812
Reactome_2022,HS-GAG Degradation R-HSA-2024096,16,155.26623249097548,-0.052049486235783815,0.052049486235783815,-0.0662372172846417,27.18834361333613,0.06920131434994861,0.08659082471699557,0.2425183744906813,-0.5822364589400115,0.3333333333333333,0.3333333333333333,6628,10812
Reactome_2022,Interleukin-12 Signaling R-HSA-9020591,32,5113.065829196995,0.28203251479260083,0.28203251479260083,0.17098457322753044,46.82239179008977,0.06910923898977674,0.2903763528836064,0.3620975702075369,-0.045218404193360505,0.16666666666666666,0.16666666666666666,6628,10812
Reactome_2022,"Defective EXT1 Causes Exostoses 1, TRPS2 And CHDS R-HSA-3656253",10,223.0466361062961,0.09453851734580399,0.09453851734580399,0.006691994581682759,23.205668939260736,0.06908024830651976,0.11708805220018527,0.1975729177767457,-0.2938963308095515,0.3333333333333333,0.16666666666666666,6628,10812
KEGG_2019_Mouse,Mucin type O-glycan biosynthesis,15,2065.150566088652,-0.21966278068901265,0.21966278068901265,-0.14591542608900743,30.34532743361434,0.06886506855544029,0.23020455010093688,0.36771460621778995,-0.15856726849155503,0.3333333333333333,0.16666666666666666,6628,10812
Reactome_2022,Translesion Synthesis By Y Family DNA Polymerases Bypasses Lesions On DNA Template R-HSA-110313,32,2215.222705810879,0.18984332793191988,0.18984332793191988,0.09398168545707652,43.94887995260748,0.0688607905546904,0.2019462741327093,0.2613380101574682,0.23838089691322073,0.16666666666666666,0.16666666666666666,6628,10812
KEGG_2019_Mouse,Protein digestion and absorption,41,448.4635340979263,-0.07250763604564367,0.07250763604564367,-0.050399918883493745,50.02531864478785,0.0687713184193881,0.09993423598581419,0.2414074316913767,0.560547466511357,0.3333333333333333,0.3333333333333333,6628,10812
KEGG_2019_Mouse,Thyroid cancer,30,1688.900003263766,0.1767900017225467,0.1767900017225467,0.06364425655869065,43.34333252613115,0.06854589299174453,0.18961340710797253,0.2884440804108418,0.09715783343040185,0.16666666666666666,0.16666666666666666,6628,10812
Reactome_2022,Sealing Of Nuclear Envelope (NE) By ESCRT-III R-HSA-9668328,18,6775.322070715067,0.3625782022295126,0.3625782022295126,0.2805892159105363,34.249337976011795,0.06853513259524639,0.36899866819791294,0.49182067243282246,-0.07824111822947001,0.16666666666666666,0.16666666666666666,6628,10812
MSigDB_Hallmark_2020,Xenobiotic Metabolism,137,1009.5204414913328,-0.11800408868585158,0.11800408868585158,-0.06564338784193673,44.79032119130091,0.06849666836041853,0.13644324286330742,0.29240611482501927,0.2529761211415259,0.3333333333333333,0.16666666666666666,6628,10812
Reactome_2022,RHOBTB2 GTPase Cycle R-HSA-9013418,23,2167.5518930483663,0.2020665619679524,0.2020665619679524,0.13735392368555446,40.385459861906284,0.06840565214327807,0.21333126519733447,0.3086857093011188,-0.2808619685497961,0.16666666666666666,0.16666666666666666,6628,10812
KEGG_2019_Mouse,Phenylalanine metabolism,11,435.7424015254724,-0.11441845593657554,0.11441845593657554,-0.06879191304704142,23.87063710026134,0.06829990069082023,0.13325336578595667,0.22232598573094403,0.894606872451951,0.6666666666666666,0.16666666666666666,6628,10812
KEGG_2019_Mouse,Glyoxylate and dicarboxylate metabolism,25,6375.1685301061425,-0.40657412057878917,0.40657412057878917,-0.32921983786692866,22.304753521581247,0.06758177004181158,0.41215265517329885,0.582265077151458,0.8409435061153174,0.8333333333333334,0.16666666666666666,6628,10812
KEGG_2019_Mouse,Fat digestion and absorption,17,172.77864314092315,0.06507050171172413,0.06507050171172413,0.0436363414904097,24.252233983816016,0.06734214788383898,0.09364366008771942,0.16377677056539103,-0.07125218404193359,0.3333333333333333,0.16666666666666666,6628,10812
Reactome_2022,G2/M DNA Damage Checkpoint R-HSA-69473,44,3294.599792437641,0.2052757671112761,0.2052757671112761,0.10298754662745183,66.25075386902037,0.06723520115678992,0.21600627962565552,0.288556846452073,0.019184624344787418,0.16666666666666666,0.16666666666666666,6628,10812
Reactome_2022,FRS-mediated FGFR4 Signaling R-HSA-5654712,10,0.019024598817281198,-0.008462537950251613,0.008462537950251613,0.03647422334575877,29.40018895442277,0.06698434401909836,0.06751678970617878,0.12623246596603885,0.9010483401281305,0.16666666666666666,0.16666666666666666,6628,10812
Reactome_2022,Interleukin-10 Signaling R-HSA-6783783,11,6100.218071355335,0.43699497988555247,0.43699497988555247,0.2715485431387082,32.05843485663165,0.06696315849623423,0.44209577813067397,0.5380315113352638,-0.40013977868375067,0.16666666666666666,0.16666666666666666,6628,10812
Reactome_2022,Nuclear Pore Complex (NPC) Disassembly R-HSA-3301854,30,2085.7444553324744,0.18453919868840252,0.18453919868840252,0.08430644824312729,48.79952617891004,0.06641878844134859,0.19612794627633845,0.27045222278365894,0.18721025043680836,0.16666666666666666,0.16666666666666666,6628,10812
Reactome_2022,Mitochondrial Protein Import R-HSA-1268020,54,40.833461596674255,-0.029972319727000693,0.029972319727000693,0.009882258489593931,28.502680972078945,0.06629667212251585,0.07275705247148159,0.18346941559492277,0.0815492137449039,0.3333333333333333,0.8333333333333334,6628,10812
Reactome_2022,SCF(Skp2)-mediated Degradation Of P27/P21 R-HSA-187577,48,3574.5820374487594,0.23133231336726823,0.23133231336726823,0.1759851011581429,45.33414118561471,0.06629579899769833,0.2406444933352833,0.32477481347291265,-0.05438555620267908,0.16666666666666666,0.16666666666666666,6628,10812
KEGG_2019_Mouse,Vasopressin-regulated water reabsorption,35,35.63451716317551,0.018769285128113208,0.018769285128113208,0.03243541652735463,38.888806987498086,0.0662240828036967,0.06883251562605634,0.14685402373797707,-0.1848573092603378,0.3333333333333333,0.16666666666666666,6628,10812
Reactome_2022,Cytochrome P450 - Arranged By Substrate Type R-HSA-211897,20,317.97059425617505,-0.059240583343055896,0.059240583343055896,-0.08644925846705885,29.75349780248171,0.06586175939005788,0.08858452497349315,0.20191647352769862,0.539231217239371,0.3333333333333333,0.3333333333333333,6628,10812
KEGG_2019_Mouse,Small cell lung cancer,74,3499.7057456310404,0.18238583742428324,0.18238583742428324,0.07077846134208567,80.48645707086987,0.06585408948461312,0.19391068767554945,0.26225255389693025,-0.06626674432149096,0.16666666666666666,0.16666666666666666,6628,10812
Reactome_2022,Non-integrin membrane-ECM Interactions R-HSA-3000171,33,3340.398576981643,0.21571648543036334,0.21571648543036334,0.10157055134681112,51.83790652183123,0.06532374391138994,0.2253903139112881,0.30090852496263204,-0.07263832265579498,0.16666666666666666,0.16666666666666666,6628,10812
Reactome_2022,Telomere Maintenance R-HSA-157579,54,3540.94458208145,0.20665710327158024,0.20665710327158024,0.10867809977177814,62.63423584477691,0.0652181630056356,0.2167038696434151,0.281976689287854,0.0677577169481654,0.16666666666666666,0.16666666666666666,6628,10812
Reactome_2022,Nuclear Envelope Breakdown R-HSA-2980766,45,2692.231496172064,0.18262677999204752,0.18262677999204752,0.0904370011410578,69.27813904359888,0.06511227703898886,0.19388695002878803,0.27626466956338097,0.07444379732090857,0.16666666666666666,0.16666666666666666,6628,10812
Reactome_2022,Diseases Associated With TLR Signaling Cascade R-HSA-5602358,22,4393.444669932711,0.2666608599481991,0.2666608599481991,0.2545314017304874,29.272116183841685,0.06510848661967084,0.2744943155298793,0.32370743316808426,0.12358765288293536,0.3333333333333333,0.16666666666666666,6628,10812
Reactome_2022,DNA Damage Bypass R-HSA-73893,40,2062.8610057009582,0.17368605325304445,0.17368605325304445,0.08106645565330198,44.441820517656666,0.0649306663575201,0.1854260945181422,0.2417138614235543,0.18258590564938845,0.16666666666666666,0.16666666666666666,6628,10812
Reactome_2022,Cyclin E Associated Events During G1/S Transition R-HSA-69202,70,3425.214239096405,0.20176698457389716,0.20176698457389716,0.13771882872989658,49.923551939577045,0.06492093548882089,0.2119543439724389,0.2807983358648869,-0.04259755387303436,0.16666666666666666,0.16666666666666666,6628,10812
Reactome_2022,SLC-mediated Transmembrane Transport R-HSA-425407,145,2157.487268977231,-0.11971196304891962,0.11971196304891962,-0.10655700636434205,55.08649558143062,0.06477462066320804,0.13611284134529114,0.29733349418560867,0.3111357018054747,0.3333333333333333,0.3333333333333333,6628,10812
Reactome_2022,Early Phase Of HIV Life Cycle R-HSA-162594,10,996.3435278265232,0.18513270088086956,0.18513270088086956,0.10326043677402413,23.18382017661952,0.06473206216991667,0.19612332040890873,0.26255608666138636,-0.528118811881188,0.3333333333333333,0.16666666666666666,6628,10812
Reactome_2022,RAF-independent MAPK1/3 Activation R-HSA-112409,18,1810.483804406583,0.19690819082722416,0.19690819082722416,0.10411931498553667,29.441132547919104,0.06473011708115857,0.20727475406375723,0.3373511244066286,-0.15951077460687244,0.16666666666666666,0.16666666666666666,6628,10812
Reactome_2022,RHOBTB GTPase Cycle R-HSA-9706574,34,3035.6490236149966,0.21264301361090568,0.21264301361090568,0.14647378532708258,40.29437418156495,0.06451861907083588,0.22221544375748384,0.30378610513867,-0.13393127548048922,0.16666666666666666,0.16666666666666666,6628,10812
Reactome_2022,Defective HDR Thru Homologous Recombination (HRR) Due To BRCA1 Loss-Of-Function R-HSA-9701192,10,385.72941360880446,0.12072024181776693,0.12072024181776693,0.03411104674690151,24.454234099707744,0.06426560086097126,0.13676053611536407,0.2012644851257514,-0.3984740827023879,0.16666666666666666,0.16666666666666666,6628,10812
Reactome_2022,Interactions Of Vpr With Host Cellular Proteins R-HSA-176033,31,1915.4435717543342,0.17502182616788448,0.17502182616788448,0.07914105389574731,47.0301568262872,0.06424186314248377,0.18643941808308337,0.25166444532273646,-0.08387885847408269,0.16666666666666666,0.16666666666666666,6628,10812
Reactome_2022,Chromosome Maintenance R-HSA-73886,64,3533.3305075330386,0.19911029295451826,0.19911029295451826,0.10026210014472019,59.0798633813657,0.06419180340227434,0.20920204679799462,0.27502985508605043,0.0863948747815958,0.16666666666666666,0.16666666666666666,6628,10812
Reactome_2022,Regulation Of mRNA Stability By Proteins That Bind AU-rich Elements R-HSA-450531,78,2993.0761561191844,0.19296716620426346,0.19296716620426346,0.12426230828105654,47.553967140217644,0.06413830068636815,0.20334711418615914,0.2840997931872061,-0.26853814793244024,0.16666666666666666,0.16666666666666666,6628,10812
Reactome_2022,Telomere C-strand Synthesis Initiation R-HSA-174430,11,1153.7518462945466,0.1912391911777305,0.1912391911777305,0.10760278046561066,23.314177331296545,0.06405133931425988,0.20168044602852064,0.2807683897408155,0.13231217239370996,0.16666666666666666,0.16666666666666666,6628,10812
KEGG_2019_Mouse,Carbohydrate digestion and absorption,22,1291.1931234955746,-0.1476668557279096,0.1476668557279096,-0.09091888303491663,30.361946882994616,0.06403463850757794,0.16095320813628866,0.3253953369429763,0.6905649388468258,0.3333333333333333,0.3333333333333333,6628,10812
Reactome_2022,Nuclear Receptor Transcription Pathway R-HSA-383280,34,668.5408573926532,-0.09158569637331068,0.09158569637331068,-0.07769370038179231,34.79107611498925,0.0639545026393575,0.11170549757300147,0.2601121941564822,-0.06943506115317413,0.3333333333333333,0.3333333333333333,6628,10812
Reactome_2022,Insertion Of Tail-Anchored Proteins Into Endoplasmic Reticulum Membrane R-HSA-9609523,15,445.2928131734113,0.12342717156414201,0.12342717156414201,0.028550790320051842,21.1390234547571,0.06390450207838816,0.1389893955171072,0.23308809078908246,0.022935352358765287,0.6666666666666666,0.16666666666666666,6628,10812
Reactome_2022,Vpr-mediated Nuclear Import Of PICs R-HSA-180910,29,2158.8085248294065,0.18600064995592774,0.18600064995592774,0.0874859824201987,46.05822328865866,0.06390318584056283,0.19667195769758605,0.26787464784495946,0.11679673849737914,0.16666666666666666,0.16666666666666666,6628,10812
Reactome_2022,Cyclin A:Cdk2-associated Events At S Phase Entry R-HSA-69656,72,3483.6263811605804,0.20083308065387764,0.20083308065387764,0.13750034938669786,49.526519436570325,0.06390274894936455,0.21075456722978136,0.27663407651162264,-0.05615608619685497,0.16666666666666666,0.16666666666666666,6628,10812
Reactome_2022,Collagen Degradation R-HSA-1442490,11,3169.499388848762,0.2976218554030154,0.2976218554030154,0.2830624908453952,15.60319414334365,0.06387978149839009,0.3044000579793235,0.3720248052037418,0.6735468841001747,0.3333333333333333,0.16666666666666666,6628,10812
Reactome_2022,DNA Replication Pre-Initiation R-HSA-69002,82,4007.7227561448594,0.22043108317551297,0.22043108317551297,0.15541678182755717,46.64846465734893,0.06381724037157702,0.2294831205090552,0.2929297331222711,-0.003063482818870122,0.16666666666666666,0.16666666666666666,6628,10812
Reactome_2022,Dual Incision In GG-NER R-HSA-5696400,37,1985.8448676506823,0.17291129327752047,0.17291129327752047,0.07040822040248625,44.54433794441486,0.06380140319221175,0.18430663143848047,0.24476181259699695,0.15640069889341876,0.16666666666666666,0.16666666666666666,6628,10812
Reactome_2022,Export Of Viral Ribonucleoproteins From Nucleus R-HSA-168274,31,1815.9866661335661,0.16711890375644825,0.16711890375644825,0.0718411551874795,47.17759589015262,0.06362152532747542,0.1788195360629023,0.25899835813225597,0.07407105416423995,0.16666666666666666,0.16666666666666666,6628,10812
Reactome_2022,Heparan Sulfate/Heparin (HS-GAG) Metabolism R-HSA-1638091,33,245.53398179887702,-0.05346369710364017,0.05346369710364017,-0.0440124555292032,42.928323763560265,0.06352171043027173,0.08302634885370472,0.22634475220815983,-0.6723937099592312,0.3333333333333333,0.3333333333333333,6628,10812
Reactome_2022,MET Promotes Cell Motility R-HSA-8875878,22,2162.047893458785,0.19575662107732045,0.19575662107732045,0.09855318850746016,39.82639292054212,0.0635019326302951,0.2057988098687458,0.2792689513857656,0.056924868957483984,0.16666666666666666,0.16666666666666666,6628,10812
Reactome_2022,"Cobalamin (Cbl, Vitamin B12) Transport And Metabolism R-HSA-196741",15,2053.332633125531,-0.21079187095949076,0.21079187095949076,-0.22254334488725117,17.611086216637577,0.06331549685121393,0.2200955815188453,0.3602044487076969,0.6691089108910891,0.5,0.16666666666666666,6628,10812
KEGG_2019_Mouse,Staphylococcus aureus infection,16,103.41280200748662,0.04540014891469973,0.04540014891469973,0.06312785339724018,22.762398936175657,0.06310672602679658,0.07774080261547393,0.12121978852264423,0.81407105416424,0.3333333333333333,0.16666666666666666,6628,10812
KEGG_2019_Mouse,Pentose phosphate pathway,26,660.0631292323171,0.10719720235398573,0.10719720235398573,0.10857708873904576,23.367065698393787,0.0629702654006612,0.12432415098101841,0.19869603590465762,0.2065695981362842,0.3333333333333333,0.16666666666666666,6628,10812
Reactome_2022,NS1 Mediated Effects On Host Pathways R-HSA-168276,35,2363.23094338521,0.18236186375024083,0.18236186375024083,0.09371242210846305,47.444511695134494,0.06296401768173525,0.19292567707043892,0.27313776059912115,0.04733838089691322,0.16666666666666666,0.16666666666666666,6628,10812
Reactome_2022,Estrogen-dependent Nuclear Events Downstream Of ESR-membrane Signaling R-HSA-9634638,18,5.6019405892966025,0.011926450381303497,0.011926450381303497,-0.10197203154417744,30.850904904928296,0.06294699560320725,0.06406687501484593,0.12383629562914908,0.1809551543389633,0.16666666666666666,0.5,6628,10812
Reactome_2022,Resolution Of D-loop Structures Thru Synthesis-Dependent Strand Annealing (SDSA) R-HSA-5693554,11,463.94179569585884,0.1251899377959036,0.1251899377959036,0.04098010507732,25.623066393603867,0.06275489003943167,0.14003819746484664,0.20419651044939466,-0.4486895748398369,0.16666666666666666,0.16666666666666666,6628,10812
Reactome_2022,Metabolism Of Vitamins And Cofactors R-HSA-196854,140,1955.652839059862,-0.13483536064444143,0.13483536064444143,-0.08663546283447753,56.65619946673792,0.06267837531216021,0.14869146986928544,0.2920325668710616,-0.25339545719277806,0.3333333333333333,0.16666666666666666,6628,10812
Reactome_2022,Transport Of Ribonucleoproteins Into Host Nucleus R-HSA-168271,31,1901.0586269197547,0.17235743604163906,0.17235743604163906,0.07536235998678677,45.13196760459517,0.06256595341890298,0.18336189431303337,0.2563789491411782,0.06323820617355852,0.16666666666666666,0.16666666666666666,6628,10812
KEGG_2019_Mouse,Glycosphingolipid biosynthesis,20,434.5625757649483,-0.08470673146280486,0.08470673146280486,-0.0713670715345089,24.107066163967765,0.06231865995766258,0.1051610466571654,0.23784777923739042,-0.07553873034362257,0.3333333333333333,0.16666666666666666,6628,10812
Reactome_2022,Ion Channel Transport R-HSA-983712,81,510.28042948458284,-0.07376090840002995,0.07376090840002995,-0.04135303124155824,42.69360607246482,0.062239591410345865,0.09651133791904665,0.2350662884668489,0.6074199184624345,0.3333333333333333,0.3333333333333333,6628,10812
Reactome_2022,"mRNA Activation Upon Binding Of Cap-Binding Complex And eIFs, Subsequent Binding To 43S R-HSA-72662",24,2238.5930270079016,0.22300893220105011,0.22300893220105011,0.11405839133417431,30.904182816270687,0.06208139716607465,0.2314888414493114,0.30462695125745526,0.0799883517763541,0.16666666666666666,0.16666666666666666,6628,10812
MSigDB_Hallmark_2020,Fatty Acid Metabolism,129,880.3262303693531,-0.127897277432481,0.127897277432481,-0.06806594481881317,28.875444877905704,0.06159892933530437,0.14195823917581124,0.2926541848570478,0.7973675014560279,1.0,0.16666666666666666,6628,10812
Reactome_2022,Translesion Synthesis By REV1 R-HSA-110312,13,1120.9589847115406,0.18246919302958806,0.18246919302958806,0.09963836110586283,25.208991624192834,0.06152214168836142,0.19256162733730695,0.24848032230884948,0.4350728013977868,0.16666666666666666,0.3333333333333333,6628,10812
Reactome_2022,Translesion Synthesis By POLI R-HSA-5656121,13,1120.9589847115406,0.18246919302958806,0.18246919302958806,0.09963836110586283,25.208991624192834,0.06152214168836142,0.19256162733730695,0.24848032230884948,0.4350728013977868,0.16666666666666666,0.3333333333333333,6628,10812
Reactome_2022,Interleukin-12 Family Signaling R-HSA-447115,37,5311.0111940628585,0.27527560184159816,0.27527560184159816,0.1699492251699748,40.50258326043209,0.06146772230704312,0.2820548490185373,0.35093562424264846,-0.11529411764705882,0.16666666666666666,0.16666666666666666,6628,10812
Reactome_2022,HSP90 Chaperone Cycle For Steroid Hormone Receptors (SHR) In Presence Of Ligand R-HSA-3371497,32,205.90344343392837,0.07030531635801533,0.07030531635801533,0.010882269434675866,28.558671703935353,0.06142113766523241,0.09335627274207152,0.15633733315563197,-0.07776354105998835,0.16666666666666666,0.16666666666666666,6628,10812
Reactome_2022,Translesion Synthesis By POLK R-HSA-5655862,14,1067.1853701006892,0.1723900347319198,0.1723900347319198,0.09548116727043478,26.25689980792245,0.06139022105994351,0.18299476308534418,0.23841139635058176,0.4214327315084449,0.16666666666666666,0.3333333333333333,6628,10812
Reactome_2022,SARS-CoV-2 Modulates Host Translation Machinery R-HSA-9754678,12,1549.9919576382417,0.21764533217550122,0.21764533217550122,0.11684001184664847,23.571004990384605,0.06120055865487468,0.22608626450417765,0.2846638317710848,-0.010786255096097845,0.3333333333333333,0.3333333333333333,6628,10812
KEGG_2019_Mouse,Glutathione metabolism,43,12.515349330997783,0.010582666091454166,0.010582666091454166,0.047913442494217154,24.1856974501287,0.06107316409222109,0.06198325736711952,0.14119296504002568,0.7270122306348281,1.0,1.0,6628,10812
KEGG_2019_Mouse,Bacterial invasion of epithelial cells,56,5208.830477135856,0.24749779472587868,0.24749779472587868,0.1414014888713885,50.093441014428386,0.06104834173071431,0.2549157869223545,0.319340568172427,-0.1530227140361095,0.16666666666666666,0.16666666666666666,6628,10812
KEGG_2019_Mouse,GABAergic synapse,33,58.6330394454507,-0.034731833671068246,0.034731833671068246,0.006014687191903388,39.26315826479318,0.06097957933661098,0.07017698601553633,0.18595791881031648,0.013383808969132206,0.3333333333333333,0.3333333333333333,6628,10812
Reactome_2022,Meiosis R-HSA-1500620,30,1527.9294835942114,0.15612306595447126,0.15612306595447126,0.07511579486475385,41.48379069712668,0.060962879179937306,0.1676033542651572,0.23225407949813676,-0.10979615608619685,0.3333333333333333,0.16666666666666666,6628,10812
Reactome_2022,Switching Of Origins To A Post-Replicative State R-HSA-69052,73,3383.581181242136,0.20977361802976732,0.20977361802976732,0.15203878465115858,38.23576026104803,0.060932883436446206,0.21844401366294802,0.2839609601091387,-0.03878858474082701,0.16666666666666666,0.16666666666666666,6628,10812
Reactome_2022,"WNT5A-dependent Internalization Of FZD2, FZD5 And ROR2 R-HSA-5140745",10,1483.5041042050475,0.24048212423386822,0.24048212423386822,0.17396316026858524,16.58911531207621,0.06076912682675182,0.24804140551794862,0.34976650529284037,0.09644729178800232,0.5,0.3333333333333333,6628,10812
KEGG_2019_Mouse,Gastric acid secretion,37,4.095722793966493,0.004028829150119701,0.004028829150119701,0.023129328087361872,27.08931462274851,0.06074969959217647,0.06088314598360157,0.1688003104805376,0.6565288293535236,0.3333333333333333,0.8333333333333334,6628,10812
Reactome_2022,NEP/NS2 Interacts With Cellular Export Machinery R-HSA-168333,30,1946.1441895906312,0.17571583682541722,0.17571583682541722,0.07984365243712738,41.9794413841015,0.060740026304162906,0.1859177401613064,0.25610599996574884,0.08362259755387304,0.16666666666666666,0.16666666666666666,6628,10812
Reactome_2022,Cristae Formation R-HSA-8949613,14,23.60870377153381,-0.03512627388123464,0.03512627388123464,0.03015936512290182,20.91452409073932,0.06064661002632157,0.07008470892045021,0.17154043817813192,0.00320326150262085,0.3333333333333333,0.5,6628,10812
Reactome_2022,Transport Of SLBP Dependant Mature mRNA R-HSA-159230,31,1649.2055698014854,0.16205571985396067,0.16205571985396067,0.0754929784109999,41.06745368430812,0.06061056675393208,0.17301935481216618,0.2394105008090954,0.11967384973791496,0.16666666666666666,0.16666666666666666,6628,10812
Reactome_2022,Regulation Of Gene Expression In Late Stage (Branching Morphogenesis) Pancreatic Bud Precursor Cells R-HSA-210744,11,256.9094275601508,-0.08740100147051337,0.08740100147051337,-0.058294914354272996,17.392806175071563,0.06055839190752923,0.10633086987547213,0.2348715180561694,-0.3131741409435061,0.3333333333333333,0.3333333333333333,6628,10812
Reactome_2022,Synthesis Of Very Long-Chain Fatty acyl-CoAs R-HSA-75876,16,707.1735363509976,0.1225460516340246,0.1225460516340246,0.1293372749547375,17.86219873359731,0.06047339384577251,0.1366549162464159,0.2080716357361601,0.139009900990099,0.3333333333333333,0.3333333333333333,6628,10812
KEGG_2019_Mouse,Hematopoietic cell lineage,28,4.882248883950092,-0.006175980593609075,0.006175980593609075,0.054425465646512475,41.57695729306935,0.060441685091239955,0.06075639911121505,0.10499449641754127,0.5953989516598719,0.3333333333333333,1.0,6628,10812
KEGG_2019_Mouse,Salmonella infection,50,5358.535985855259,0.2469372473237473,0.2469372473237473,0.15401276519030227,53.3866114595763,0.06043164341156735,0.25422428609645525,0.33665422302643144,-0.08108328479906812,0.16666666666666666,0.16666666666666666,6628,10812
Reactome_2022,Caspase-mediated Cleavage Of Cytoskeletal Proteins R-HSA-264870,12,1339.7357193468758,0.18532721963405774,0.18532721963405774,0.16661470314104682,17.994745999177443,0.06032118245329357,0.1948969558250046,0.26590379661953856,-0.08004659289458356,0.16666666666666666,0.16666666666666666,6628,10812
Reactome_2022,Metabolism Of Porphyrins R-HSA-189445,21,426.21383857503156,0.10974550850520674,0.10974550850520674,0.02620191327433448,25.177939075766602,0.060282243047521174,0.1252119222115323,0.20418744788833093,0.4905882352941176,1.0,0.16666666666666666,6628,10812
Reactome_2022,Reproduction R-HSA-1474165,32,1891.6803908242068,0.1698361574554381,0.1698361574554381,0.08253281436412578,42.605289403864454,0.06000569571333506,0.18012496744557577,0.24263067916680875,-0.14724519510774606,0.16666666666666666,0.16666666666666666,6628,10812
MSigDB_Hallmark_2020,Inflammatory Response,88,2573.1813863305624,0.14575875934260737,0.14575875934260737,0.0591553718407349,68.44458438667286,0.059976227852485554,0.1576158743036671,0.22794227906196685,-0.29071636575422244,0.16666666666666666,0.16666666666666666,6628,10812
Reactome_2022,Cyclin A/B1/B2 Associated Events During G2/M Transition R-HSA-69273,15,1826.6403663977133,0.21056312834693283,0.21056312834693283,0.13715095794378845,18.98366433144671,0.05995431263799724,0.21893229689367819,0.2825859915308574,-0.058171228887594635,0.16666666666666666,0.16666666666666666,6628,10812
Reactome_2022,Intraflagellar Transport R-HSA-5620924,31,178.976746560015,-0.04687692510465188,0.04687692510465188,-0.02663149643628837,33.89423741169632,0.0598420954971324,0.07601659358820977,0.19825334291654317,-0.31426907396622017,0.3333333333333333,0.16666666666666666,6628,10812
Reactome_2022,AUF1 (hnRNP D0) Binds And Destabilizes mRNA R-HSA-450408,48,2598.730387640482,0.20110950212043635,0.20110950212043635,0.16322399068991786,28.258769772959486,0.059801848346121574,0.2098125184748096,0.28766485989441665,0.1494933022714036,0.16666666666666666,0.16666666666666666,6628,10812
MSigDB_Hallmark_2020,Apoptosis,118,2728.2992421850236,0.1462157545132526,0.1462157545132526,0.061938582449865554,73.15799983215474,0.05970206011742254,0.1579347423784396,0.22802583096771792,-0.45299941758881773,0.16666666666666666,0.16666666666666666,6628,10812
Reactome_2022,Gastrin-CREB Signaling Pathway Via PKC And MAPK R-HSA-881907,10,749.5497076901338,0.16608554705946538,0.16608554705946538,0.07215120495519169,20.821798406933365,0.05968290179143934,0.1764835904787991,0.2769386783704229,0.21635410599883517,0.16666666666666666,0.3333333333333333,6628,10812
KEGG_2019_Mouse,Lysine degradation,49,2287.4141766642506,-0.17814728337849203,0.17814728337849203,-0.1454035148731013,30.04340651667976,0.05960336646543515,0.18785370869149676,0.3260425718350174,0.20448456610366916,0.3333333333333333,0.16666666666666666,6628,10812
Reactome_2022,Pentose Phosphate Pathway R-HSA-71336,11,1234.1674699037292,0.20892076954733751,0.20892076954733751,0.10985747495364748,21.77605773992633,0.05950563512443505,0.21722985190763758,0.29284309839083456,-0.5984624344787419,0.3333333333333333,0.16666666666666666,6628,10812
Reactome_2022,Gap Junction Trafficking And Regulation R-HSA-157858,12,498.84676093242945,0.14068824844723113,0.14068824844723113,0.06599007867104167,17.5642869871647,0.05944339005074434,0.15273080852229765,0.24138862356309154,0.6235760046592894,0.8333333333333334,0.3333333333333333,6628,10812
KEGG_2019_Mouse,Mannose type O-glycan biosynthesis,14,130.04632512800387,-0.04925804078592033,0.04925804078592033,-0.056604742771948297,16.76713053111854,0.05939155048400618,0.07716029322755096,0.20391673996383372,0.10437973209085614,0.3333333333333333,0.16666666666666666,6628,10812
Reactome_2022,G1/S DNA Damage Checkpoints R-HSA-69615,53,3040.419821786303,0.20606735709260676,0.20606735709260676,0.1575847943062814,38.777858530200604,0.05939018209764353,0.2144550055110003,0.2832042177651211,-0.0006988934187536401,0.3333333333333333,0.3333333333333333,6628,10812
KEGG_2019_Mouse,Insulin resistance,73,0.15525305590245556,-0.003800584375555473,0.003800584375555473,0.018734192930560487,44.731923030437635,0.05927761639192423,0.059399328672164624,0.15054867268413374,-0.033302271403610945,0.3333333333333333,1.0,6628,10812
Reactome_2022,Assembly Of Pre-Replicative Complex R-HSA-68867,71,3461.6911036502293,0.2122895612192205,0.2122895612192205,0.15903449562757188,34.98402781622547,0.059080406007277826,0.22035732839330294,0.2844994278800589,-0.01635410599883518,0.16666666666666666,0.16666666666666666,6628,10812
Reactome_2022,Processing Of DNA Double-Strand Break Ends R-HSA-5693607,43,1844.6830661104073,0.152060839321397,0.152060839321397,0.0680676546694304,51.40015923209709,0.0590223230001654,0.1631138665701465,0.22505480409296388,0.11716948165404775,0.16666666666666666,0.16666666666666666,6628,10812
Reactome_2022,Heme Biosynthesis R-HSA-189451,13,0.4173398398427216,0.015547716844189177,0.015547716844189177,-0.028192624613339917,11.743556326143493,0.05878518378079014,0.060806490864120405,0.11834306408460561,0.7538264414676761,0.8333333333333334,1.0,6628,10812
KEGG_2019_Mouse,Autoimmune thyroid disease,10,735.732057467461,-0.18077408892561425,0.18077408892561425,-0.14774213013246454,15.121984647337833,0.058702129140258436,0.19006633366402764,0.30473613267461336,0.30943506115317404,0.3333333333333333,0.3333333333333333,6628,10812
KEGG_2019_Mouse,Graft-versus-host disease,10,735.732057467461,-0.18077408892561425,0.18077408892561425,-0.14774213013246454,15.121984647337833,0.058702129140258436,0.19006633366402764,0.30473613267461336,0.30943506115317404,0.3333333333333333,0.3333333333333333,6628,10812
KEGG_2019_Mouse,Allograft rejection,10,735.732057467461,-0.18077408892561425,0.18077408892561425,-0.14774213013246454,15.121984647337833,0.058702129140258436,0.19006633366402764,0.30473613267461336,0.30943506115317404,0.3333333333333333,0.3333333333333333,6628,10812
Reactome_2022,Glycosphingolipid Metabolism R-HSA-1660662,26,1775.794349808064,-0.15700006900594066,0.15700006900594066,-0.15223151924480252,24.28925018195617,0.05866514200651058,0.16760256726707431,0.3070563791624641,-0.14799068142108326,0.3333333333333333,0.16666666666666666,6628,10812
Reactome_2022,DNA Double-Strand Break Repair R-HSA-5693532,90,2724.873674512987,0.15694865418434387,0.15694865418434387,0.0654731569701115,64.00540429362945,0.05860956195849716,0.16753495397451745,0.2254322881543284,-0.026662783925451367,0.16666666666666666,0.16666666666666666,6628,10812
Reactome_2022,Deposition Of New CENPA-containing Nucleosomes At Centromere R-HSA-606279,11,716.5656078259625,0.15610236954630197,0.15610236954630197,0.05635103034721459,18.3565016895979,0.05852014231448044,0.1667109979409795,0.2350388391044227,0.2128013977868375,0.16666666666666666,0.16666666666666666,6628,10812
Reactome_2022,Nuclear Events Mediated By NFE2L2 R-HSA-9759194,67,5007.817848089439,0.27288811340246116,0.27288811340246116,0.20442442190954688,31.376287299416692,0.05852010039183509,0.2790923226930919,0.3388671424396511,0.2723121723937099,0.5,0.16666666666666666,6628,10812
Reactome_2022,HSF1-dependent Transactivation R-HSA-3371571,25,217.9731207560673,0.0720668948141553,0.0720668948141553,0.022548295975722634,22.207125983743396,0.05847870399386217,0.09280838404452627,0.15838882775611018,0.18915550378567267,0.16666666666666666,0.16666666666666666,6628,10812
MSigDB_Hallmark_2020,heme Metabolism,142,17.454895227168734,-0.009198150110507248,0.009198150110507248,-0.011823147684492044,37.58493724126627,0.058471800653823104,0.05919085602655068,0.1409433561055249,-0.10665113570180547,0.3333333333333333,1.0,6628,10812
Reactome_2022,Basigin Interactions R-HSA-210991,18,538.4557155404011,0.11912184218882609,0.11912184218882609,0.02411022590707755,32.47622355894119,0.058395746557815036,0.1326652799435638,0.1817792685715169,0.9360046592894584,0.16666666666666666,0.16666666666666666,6628,10812
Reactome_2022,Sialic Acid Metabolism R-HSA-4085001,19,11.908118071710303,-0.01688841921687618,0.01688841921687618,0.010566274601679795,22.339417393529434,0.05827014469602544,0.06066818331333727,0.1701033229393627,0.11708794408852649,0.3333333333333333,0.16666666666666666,6628,10812
KEGG_2019_Mouse,Amphetamine addiction,32,0.1751218912867174,-0.0048047557226968025,0.0048047557226968025,0.029398073542608785,32.05465648844423,0.058204067615246165,0.058402047605498685,0.14358452635486665,-0.16207338380896916,0.3333333333333333,1.0,6628,10812
Reactome_2022,Selenoamino Acid Metabolism R-HSA-2408522,17,545.5957770886653,-0.10005445758459933,0.10005445758459933,-0.13388518171806912,15.968478054723633,0.05807590286215769,0.11568796383290338,0.18311887773802216,0.4049854397204426,0.5,0.16666666666666666,6628,10812
Reactome_2022,Metabolism Of Non-Coding RNA R-HSA-194441,45,2315.5649199944532,0.16880110338451587,0.16880110338451587,0.0831921801815384,46.74341558631567,0.058032596317973924,0.17849816452623524,0.24336994437596218,0.06663948747815958,0.16666666666666666,0.16666666666666666,6628,10812
KEGG_2019_Mouse,"Alanine, aspartate and glutamate metabolism",23,972.8628616586101,-0.12336336980108445,0.12336336980108445,-0.16004430551138765,24.19498651039683,0.05801769168523225,0.13632524915495953,0.20716164711673032,0.9139312754804892,0.6666666666666666,0.16666666666666666,6628,10812
Reactome_2022,Regulation Of Beta-Cell Development R-HSA-186712,21,1.6330518526799507,-0.009888435106144004,0.009888435106144004,0.01363746009654704,20.62293733867636,0.05797646432490928,0.05881370218295988,0.1669755909512319,0.321980198019802,0.3333333333333333,0.3333333333333333,6628,10812
Reactome_2022,Defective TPR May Confer Susceptibility Towards Thyroid Papillary Carcinoma (TPC) R-HSA-5619107,28,1502.8643850842202,0.1569986779744954,0.1569986779744954,0.06726006657193068,37.23248770501459,0.057972413116396386,0.16736004770636695,0.23329790107910586,0.0854513686662784,0.16666666666666666,0.16666666666666666,6628,10812
Reactome_2022,HSF1 Activation R-HSA-3371511,21,959.3479026717966,0.15025964788878307,0.15025964788878307,0.08500251942931322,22.087379077188942,0.057633655628343224,0.1609335267890054,0.2192715247469386,0.29580663948747815,0.16666666666666666,0.16666666666666666,6628,10812
Reactome_2022,Major Pathway Of rRNA Processing In Nucleolus And Cytosol R-HSA-6791226,85,2974.1534829288325,0.16041703387754014,0.16041703387754014,0.09129132146753605,59.085571599418344,0.05749012997026094,0.17040756967360746,0.2712181988148817,-0.06556785090273733,0.16666666666666666,0.16666666666666666,6628,10812
Reactome_2022,Transport Of Inorganic Cations/Anions And Amino Acids/Oligopeptides R-HSA-425393,60,1949.4035202223718,-0.11999714399968704,0.11999714399968704,-0.125618502655027,42.327759887065184,0.05740716968694723,0.1330221699550401,0.2590169039414338,0.7585439720442633,0.3333333333333333,0.3333333333333333,6628,10812
KEGG_2019_Mouse,Rheumatoid arthritis,41,181.37704238534258,-0.04472676761663437,0.04472676761663437,-0.04636298155994977,26.331875151193795,0.05739463938390895,0.0727641970438853,0.18612868076181693,0.8563541059988352,0.3333333333333333,0.3333333333333333,6628,10812
KEGG_2019_Mouse,Chronic myeloid leukemia,67,2612.27235554931,0.16971558724869196,0.16971558724869196,0.07440404237702139,48.72932564692994,0.057186063327038,0.1790911119905518,0.24632775890690384,0.12237623762376236,0.16666666666666666,0.16666666666666666,6628,10812
Reactome_2022,Transport Of SLBP Independent Mature mRNA R-HSA-159227,30,1462.7452916766497,0.1530272158431471,0.1530272158431471,0.0717642183084418,36.166025642180195,0.05716389295596766,0.1633555614192136,0.22395179080648828,0.09569015725101922,0.16666666666666666,0.16666666666666666,6628,10812
KEGG_2019_Mouse,Cellular senescence,122,1380.820179315046,0.11610621763853796,0.11610621763853796,0.02965190406299034,67.98606705050787,0.056979279290726194,0.1293340328096906,0.17870088733948927,-0.02649970879440885,0.16666666666666666,0.16666666666666666,6628,10812
Reactome_2022,p53-Dependent G1 DNA Damage Response R-HSA-69563,52,2877.0296917517735,0.20106977830236716,0.20106977830236716,0.15733425312248217,34.62986277249754,0.05680176908033042,0.2089389784535625,0.2732904668450827,0.029097262667443214,0.3333333333333333,0.3333333333333333,6628,10812
Reactome_2022,Regulation Of FOXO Transcriptional Activity By Acetylation R-HSA-9617629,10,1716.650344876206,-0.22020615483192876,0.22020615483192876,-0.21942149580536258,10.949664834357407,0.056801373351831545,0.22741404231163373,0.35580812002291495,0.2548165404775771,0.3333333333333333,0.3333333333333333,6628,10812
Reactome_2022,Kinesins R-HSA-983189,15,33.06125322261422,0.02418940716831859,0.02418940716831859,0.035804435087404024,17.22968279337664,0.05679222393503423,0.06172911888761882,0.12260786069435042,0.4140361094933022,0.3333333333333333,0.16666666666666666,6628,10812
MSigDB_Hallmark_2020,KRAS Signaling Dn,62,3825.4192307888816,-0.17775807030656546,0.17775807030656546,-0.1354397154010054,44.57599609273819,0.056717564054921614,0.1865872815371884,0.33532010707097243,0.495713453698311,0.16666666666666666,0.3333333333333333,6628,10812
Reactome_2022,Sema3A PAK Dependent Axon Repulsion R-HSA-399954,11,746.2427009147964,0.1572919635969301,0.1572919635969301,0.05609187226894035,15.476027856947681,0.05645812138994307,0.1671175672485078,0.23244046450327713,0.10864298194525333,0.16666666666666666,0.16666666666666666,6628,10812
Reactome_2022,Constitutive Signaling By Overexpressed ERBB2 R-HSA-9634285,10,1370.4082896508846,0.2161952816123071,0.2161952816123071,0.1391925559673584,17.038991428963833,0.0564194600847155,0.22343579674634853,0.3213544763463979,0.4104018637157833,0.16666666666666666,0.3333333333333333,6628,10812
Reactome_2022,Apoptotic Cleavage Of Cellular Proteins R-HSA-111465,29,1661.791341517855,0.1624858823196977,0.1624858823196977,0.10855547037991012,23.542761407522125,0.05627977773355472,0.17195660887255537,0.23028156439467756,-0.1430867792661619,0.16666666666666666,0.16666666666666666,6628,10812
Reactome_2022,Diseases Associated With Glycosylation Precursor Biosynthesis R-HSA-5609975,14,0.5758507237347481,-0.005911924176043558,0.005911924176043558,0.013477544427030004,18.9619875951196,0.0562556279039091,0.056565418042531644,0.12500376505262295,0.0774839836924869,0.3333333333333333,0.5,6628,10812
Reactome_2022,FOXO-mediated Transcription Of Cell Cycle Genes R-HSA-9617828,15,59.47694166696855,0.0551159990036384,0.0551159990036384,-0.04000622280681184,24.886727833193458,0.056162582968836,0.07868931993542998,0.15134076766091836,0.12150262085032032,0.16666666666666666,0.16666666666666666,6628,10812
Reactome_2022,O-linked Glycosylation Of Mucins R-HSA-913709,22,1280.216106772068,-0.14491976960848463,0.14491976960848463,-0.09610157183162814,26.52530108492603,0.056151879099631624,0.1554180592781802,0.2745838358419643,-0.335061153174141,0.3333333333333333,0.16666666666666666,6628,10812
Reactome_2022,rRNA Modification In Nucleus And Cytosol R-HSA-6790901,52,2307.790020686172,0.15610064646343888,0.15610064646343888,0.0905333341109605,52.53687126167034,0.056142318099835394,0.16588963713242197,0.26947752238348077,0.21885847408270237,0.16666666666666666,0.16666666666666666,6628,10812
Reactome_2022,RAS Processing R-HSA-9648002,15,280.3581002478555,0.07749984810996004,0.07749984810996004,0.1152054159351782,14.702255190655771,0.05611900806005998,0.0956847402813633,0.1566860243104597,0.15326732673267326,0.3333333333333333,0.16666666666666666,6628,10812
KEGG_2019_Mouse,Legionellosis,31,2236.194778744313,0.1960208252062136,0.1960208252062136,0.10251378709265771,31.11219426600417,0.05608627835510342,0.203886817951164,0.2686478746034067,-0.09043680838672101,0.16666666666666666,0.16666666666666666,6628,10812
Reactome_2022,Glycerophospholipid Biosynthesis R-HSA-1483206,83,76.86070945030906,-0.02985008072212429,0.02985008072212429,-0.004543547638645108,39.64883892066187,0.056072203800613424,0.06352258935351159,0.16612347152704232,-0.1778567268491555,0.3333333333333333,0.3333333333333333,6628,10812
Reactome_2022,SUMOylation Of Ubiquitinylation Proteins R-HSA-3232142,34,1350.5623662467651,0.14280454593070685,0.14280454593070685,0.0597408030684148,38.20975275040899,0.056014666187831456,0.1533974614086216,0.20867629712375668,0.16595224228305183,0.16666666666666666,0.16666666666666666,6628,10812
Reactome_2022,Transcriptional Regulation By RUNX3 R-HSA-8878159,80,2693.855014517642,0.16885615035121415,0.16885615035121415,0.099642713235944,45.339970614311156,0.05594249207941218,0.17788187634350758,0.25005308921164526,-0.03440885264997088,0.16666666666666666,0.16666666666666666,6628,10812
Reactome_2022,Regulation Of Gene Expression In Beta Cells R-HSA-210745,10,214.14222837573544,0.07567833360287887,0.07567833360287887,0.09276307199245182,11.984052149375904,0.05582369574566911,0.094039859546969,0.15108829063888232,0.7590331974373907,0.3333333333333333,0.16666666666666666,6628,10812
KEGG_2019_Mouse,SNARE interactions in vesicular transport,29,53.024902901474626,0.019629157560869304,0.019629157560869304,0.0673403269193966,27.68757868384194,0.05577489337294771,0.05912818750235051,0.09854342923854364,-0.19954571927781012,0.16666666666666666,0.16666666666666666,6628,10812
Reactome_2022,Cap-dependent Translation Initiation R-HSA-72737,31,2146.212179451996,0.19793955690587064,0.19793955690587064,0.10647491076076007,34.11142008979398,0.05564457693339801,0.20561222514770194,0.28445821934934734,0.12051252184041934,0.16666666666666666,0.16666666666666666,6628,10812
Reactome_2022,"Transport Of Vitamins, Nucleosides, And Related Molecules R-HSA-425397",26,297.24572148116465,-0.0654534659606543,0.0654534659606543,-0.05508407890993486,22.24915121015921,0.055503816036082065,0.08581858656975057,0.21547164747625988,-0.1848689574839837,0.3333333333333333,0.16666666666666666,6628,10812
KEGG_2019_Mouse,Nicotinate and nicotinamide metabolism,23,433.3817755870272,-0.08790386371416727,0.08790386371416727,-0.04634783628214335,29.621621296867467,0.055462137902239084,0.10393814505063034,0.22411275962076002,-0.4083168316831683,0.3333333333333333,0.16666666666666666,6628,10812
Reactome_2022,HCMV Early Events R-HSA-9609690,56,2216.2142840281863,0.16672432745917934,0.16672432745917934,0.07428950210033673,45.186905890460935,0.05540802876800792,0.1756902132125522,0.23505530793769402,0.07715783343040186,0.3333333333333333,0.16666666666666666,6628,10812
KEGG_2019_Mouse,Pancreatic cancer,63,1919.1942598796425,0.14574887921798188,0.14574887921798188,0.06621968395738301,42.303791025865905,0.055343335688586334,0.1559025997167379,0.2123560682849182,0.03240535818287711,0.16666666666666666,0.16666666666666666,6628,10812
Reactome_2022,Activation Of GABAB Receptors R-HSA-991365,16,56.600624190504895,0.026945056975504453,0.026945056975504453,0.05790824804058341,19.339316876071642,0.055286644955744764,0.06150324549058983,0.13613154663736443,0.3232149097262667,0.3333333333333333,0.5,6628,10812
Reactome_2022,GABA Receptor Activation R-HSA-977443,17,51.44335748809363,0.025302180202372973,0.025302180202372973,0.05326886772663947,19.877603409353846,0.05522728736735357,0.060747457501936705,0.13851586969875077,0.3013628421665696,0.3333333333333333,0.5,6628,10812
Reactome_2022,Laminin Interactions R-HSA-3000157,19,2671.918574304288,0.2254877298199438,0.2254877298199438,0.13746782060965757,24.40602047128201,0.05507995682502808,0.23211746582969345,0.2933617360340046,0.1644729178800233,0.16666666666666666,0.16666666666666666,6628,10812
Reactome_2022,SUMOylation Of Intracellular Receptors R-HSA-4090294,21,496.6827529853448,-0.09574067335165898,0.09574067335165898,-0.06584054383872215,18.766788053780534,0.055053852824493904,0.11044094912961454,0.23704470534793995,0.06012813046010483,0.3333333333333333,0.3333333333333333,6628,10812
KEGG_2019_Mouse,Retinol metabolism,22,35.98468735797796,-0.04151895524830408,0.04151895524830408,0.021098622995957085,19.398636983396358,0.05501469163337994,0.06892343534986167,0.2039834102461376,0.958345952242283,1.0,0.5,6628,10812
Reactome_2022,SUMOylation Of SUMOylation Proteins R-HSA-4085377,30,1598.7896208430643,0.15823142207461607,0.15823142207461607,0.07287999518766516,41.12689656511334,0.054994314045345105,0.1675158425614525,0.23454915687415276,0.16894583576004657,0.16666666666666666,0.16666666666666666,6628,10812
Reactome_2022,Resolution Of Sister Chromatid Cohesion R-HSA-2500257,64,2568.3529113495456,0.16954334698766488,0.16954334698766488,0.09255713729044084,45.42905350514056,0.05497322133435285,0.1782329979876214,0.23215490117726456,-0.08046592894583575,0.16666666666666666,0.16666666666666666,6628,10812
KEGG_2019_Mouse,MicroRNAs in cancer,100,4679.344222954471,0.1936760563370792,0.1936760563370792,0.09512867231566662,69.94709129578064,0.05471271006669192,0.2012557960435559,0.25354859297819937,0.035725101921956895,0.16666666666666666,0.16666666666666666,6628,10812
Reactome_2022,Cardiac Conduction R-HSA-5576891,36,407.063094685878,-0.06596482262930725,0.06596482262930725,-0.06128731946387708,23.550058143828263,0.054704953857386204,0.08569708163674372,0.2052155099584002,0.2940361094933022,0.3333333333333333,0.3333333333333333,6628,10812
Reactome_2022,KSRP (KHSRP) Binds And Destabilizes mRNA R-HSA-450604,14,1290.5579670818254,0.1861323500150876,0.1861323500150876,0.09049349057190807,24.16217882576223,0.05465315338185355,0.19399025464367922,0.25721918946162003,-0.16051252184041934,0.16666666666666666,0.3333333333333333,6628,10812
Reactome_2022,Downstream Signaling Of Activated FGFR3 R-HSA-5654708,15,53.087923720545966,0.031827612415695615,0.031827612415695615,0.0365136946460316,19.675881976780456,0.05464279821999139,0.0632363211247653,0.09646659246556591,0.33490972626674426,0.3333333333333333,0.3333333333333333,6628,10812
Reactome_2022,Amino Acids Regulate mTORC1 R-HSA-9639288,48,170.37786207824516,-0.042485409599100805,0.042485409599100805,-0.03354351015925093,25.101815056908276,0.05463420248495056,0.06920914758881189,0.17313961609500406,0.8175655212580081,0.3333333333333333,0.3333333333333333,6628,10812
KEGG_2019_Mouse,Arginine and proline metabolism,32,888.4797806626431,-0.11176355992437,0.11176355992437,-0.11721087383870173,16.298899427057943,0.05460926388368572,0.12439157941310278,0.1854743476323713,0.9057891671520092,0.6666666666666666,0.16666666666666666,6628,10812
Reactome_2022,rRNA Processing In Nucleus And Cytosol R-HSA-8868773,95,3178.6509475003745,0.16224062014827914,0.16224062014827914,0.09528871651355059,54.808247181462484,0.05457577737758451,0.1711739883932891,0.2685355822601628,0.06827023878858474,0.16666666666666666,0.16666666666666666,6628,10812
Reactome_2022,Ion Transport By P-type ATPases R-HSA-936837,26,55.96059181456053,-0.027310417078930744,0.027310417078930744,-0.0197891151846495,23.219781916800407,0.054573716265250934,0.06102580919598908,0.17646084766228015,-0.045334886429819456,0.3333333333333333,0.6666666666666666,6628,10812
Reactome_2022,NOTCH3 Intracellular Domain Regulates Transcription R-HSA-9013508,15,4.202245858375924,-0.011056923497335981,0.011056923497335981,-0.008257991609332478,16.68710537069475,0.054519530830994874,0.05562944183845223,0.14767013104498833,-0.26518345952242284,0.3333333333333333,0.6666666666666666,6628,10812
Reactome_2022,EPHB-mediated Forward Signaling R-HSA-3928662,29,2100.7980809074343,0.18046649963280542,0.18046649963280542,0.08976223963227212,32.92037948890252,0.0544357446173881,0.18849776598614332,0.24340191553651494,-0.2087128712871287,0.16666666666666666,0.16666666666666666,6628,10812
MSigDB_Hallmark_2020,Pperoxisome,83,149.52118335040248,-0.046864626840021344,0.046864626840021344,-0.025092627068022347,22.1632036245978,0.05432324971431175,0.07174474690441049,0.18629902491643568,0.5016656959813628,1.0,0.5,6628,10812
KEGG_2019_Mouse,ABC transporters,23,89.44673759489409,-0.030672131960964227,0.030672131960964227,-0.04798713311349027,20.19239157795873,0.054252884790429015,0.062322990838970235,0.16837425290097918,0.3918462434478742,0.3333333333333333,0.3333333333333333,6628,10812
Reactome_2022,SMAD2/SMAD3:SMAD4 Heterotrimer Regulates Transcription R-HSA-2173796,30,2341.373006661159,0.19135249189774825,0.19135249189774825,0.10869221523735881,32.2808193763349,0.05418907060731528,0.19887742840443812,0.2841298675988109,0.10196854979615609,0.16666666666666666,0.16666666666666666,6628,10812
KEGG_2019_Mouse,beta-Alanine metabolism,20,5435.632810977259,-0.3934875683967482,0.3934875683967482,-0.29363311205730247,20.901760753411093,0.054119497905156966,0.39719187622142027,0.5022530445636972,0.847245195107746,1.0,0.16666666666666666,6628,10812
Reactome_2022,Detoxification Of Reactive Oxygen Species R-HSA-3299685,23,14.869608211855454,0.03227216621004519,0.03227216621004519,-0.009484077745334434,15.563826373614488,0.054064618224465705,0.06296408226636842,0.108331733404644,0.8010133954571926,1.0,1.0,6628,10812
Reactome_2022,Transport Of Mature mRNAs Derived From Intronless Transcripts R-HSA-159234,38,1559.0447006330726,0.1478383366168203,0.1478383366168203,0.07006919700955376,36.33947285938921,0.054047954393023886,0.15740824358240793,0.2139256263298267,0.07775189283634244,0.16666666666666666,0.16666666666666666,6628,10812
Reactome_2022,Growth Hormone Receptor Signaling R-HSA-982772,17,78.15435441670253,-0.04348599686365842,0.04348599686365842,-0.01548554133000023,23.57334033278395,0.05404510386553411,0.06936789729451572,0.14533055287377736,0.3064065230052417,0.16666666666666666,0.3333333333333333,6628,10812
Reactome_2022,"BMAL1:CLOCK,NPAS2 Activates Circadian Gene Expression R-HSA-1368108",21,2.465665071656703,0.024737015987965138,0.024737015987965138,-0.05392400488886851,25.834896386052606,0.05381269486784721,0.05922605920478648,0.10205280375023655,-0.1317763541059988,0.3333333333333333,0.16666666666666666,6628,10812
Reactome_2022,Synthesis Of Substrates In N-glycan Biosythesis R-HSA-446219,45,0.019573770412986042,0.0012762470191496037,0.0012762470191496037,0.010315418273947271,28.472430237810613,0.05378149165132852,0.053796632336009745,0.12455475471214889,0.2461386138613861,0.3333333333333333,1.0,6628,10812
Reactome_2022,PINK1-PRKN Mediated Mitophagy R-HSA-5205685,18,223.17392938119363,-0.0765832763382751,0.0765832763382751,-0.04146614841191803,14.57256291743684,0.053753562360746944,0.09356518412943626,0.16252359794651788,0.19836924868957484,0.3333333333333333,0.16666666666666666,6628,10812
KEGG_2019_Mouse,Cocaine addiction,23,29.070438271564473,0.017291154878861095,0.017291154878861095,0.027964336205488202,22.648466739891322,0.05373474353630656,0.056448265694859064,0.10727798805728012,0.12905066977285964,0.3333333333333333,0.16666666666666666,6628,10812
Reactome_2022,Signaling By Retinoic Acid R-HSA-5362517,26,610.6396868239078,-0.10049045794291743,0.10049045794291743,-0.08387811956059199,19.471585714151093,0.05361177623858378,0.11389712326934874,0.25185672790747066,0.6366569598136284,0.3333333333333333,0.3333333333333333,6628,10812
Reactome_2022,Regulation Of HSF1-mediated Heat Shock Response R-HSA-3371453,66,1216.1786525414107,0.11864679222237857,0.11864679222237857,0.04602866912242097,44.717768448805316,0.05357712831241745,0.13018283290382615,0.1802606132621976,-0.08262085032032615,0.16666666666666666,0.16666666666666666,6628,10812
Reactome_2022,Translation Initiation Complex Formation R-HSA-72649,23,1722.8338889008241,0.19741377338425684,0.19741377338425684,0.10202640355873938,22.001225377783424,0.053340431688113886,0.20449303062570376,0.25454696935256516,0.08066394874781595,0.5,0.16666666666666666,6628,10812
Reactome_2022,L13a-mediated Translational Silencing Of Ceruloplasmin Expression R-HSA-156827,23,1722.8338889008241,0.19741377338425684,0.19741377338425684,0.10202640355873938,22.001225377783424,0.053340431688113886,0.20449303062570376,0.25454696935256516,0.08066394874781595,0.5,0.16666666666666666,6628,10812
Reactome_2022,AKT Phosphorylates Targets In Cytosol R-HSA-198323,14,528.4135069493017,0.12416095659195044,0.12416095659195044,0.05991933254781133,15.44056521737561,0.05323887601442984,0.13509374915631006,0.1907523343753778,0.1021083284799068,0.16666666666666666,0.16666666666666666,6628,10812
KEGG_2019_Mouse,Regulation of lipolysis in adipocytes,31,6.01187621313525,-0.014558255399543453,0.014558255399543453,0.00972720373997144,25.681963264353968,0.053230309188281824,0.05518522099764045,0.16903842546749587,0.2799767035527082,0.3333333333333333,0.6666666666666666,6628,10812
Reactome_2022,Transport Of Mature mRNA Derived From An Intron-Containing Transcript R-HSA-159236,62,1324.4196506780918,0.12349439293294173,0.12349439293294173,0.046708670200488,43.23418220372221,0.05305634033526476,0.1344092271224236,0.18603535874379362,-0.03511939429237042,0.16666666666666666,0.16666666666666666,6628,10812
Reactome_2022,TNFR1-induced Proapoptotic Signaling R-HSA-5357786,11,273.8415483978319,0.08952916370195291,0.08952916370195291,0.06335550236040793,11.40299059846571,0.05281736379841311,0.1039477997447998,0.16723146586813592,-0.353733255678509,0.16666666666666666,0.16666666666666666,6628,10812
Reactome_2022,Downstream Signaling Of Activated FGFR2 R-HSA-5654696,15,38.469914340204234,0.025916044180406952,0.025916044180406952,0.03213572111043269,19.069165794445915,0.05277048423609778,0.058790861130562214,0.08550049229046745,0.8030052417006405,0.3333333333333333,0.3333333333333333,6628,10812
Reactome_2022,PERK Regulates Gene Expression R-HSA-381042,26,823.7530277332979,0.12465629386257517,0.12465629386257517,0.037043731234484296,28.536194536092317,0.05270077574301821,0.13533869869135212,0.2524088500947525,0.24825859056493882,0.16666666666666666,0.3333333333333333,6628,10812
KEGG_2019_Mouse,Sphingolipid metabolism,34,210.9871368349206,-0.04289218014202109,0.04289218014202109,-0.07217441493242208,22.403334804779597,0.05250766095909773,0.06779965764464554,0.15598411717602872,0.1302387885847408,0.3333333333333333,0.3333333333333333,6628,10812
Reactome_2022,Ubiquitin-dependent Degradation Of Cyclin D R-HSA-75815,45,2728.0864589511566,0.20791693184332302,0.20791693184332302,0.1730089780271054,25.24667651076383,0.05248668863281981,0.21443950902475886,0.26619030181820197,0.08870122306348283,0.16666666666666666,0.3333333333333333,6628,10812
KEGG_2019_Mouse,Focal adhesion,137,4332.576647109197,0.1782880380198261,0.1782880380198261,0.09633132208845892,58.89679653156504,0.05248170852580617,0.18585196859529532,0.2421296157386919,-0.042644146767617935,0.16666666666666666,0.16666666666666666,6628,10812
Reactome_2022,Apoptotic Execution Phase R-HSA-75153,35,1721.0268987638171,0.15670414418603826,0.15670414418603826,0.1001254601372437,23.260528490512698,0.052457677015439075,0.1652513137101633,0.2246506844959586,-0.16048922539312754,0.16666666666666666,0.16666666666666666,6628,10812
Reactome_2022,KEAP1-NFE2L2 Pathway R-HSA-9755511,86,3806.059331434704,0.22320913209853005,0.22320913209853005,0.16425836985247189,28.533536412394295,0.05234735639621329,0.22926526639212305,0.2871701081091454,0.23146185206755968,0.5,0.16666666666666666,6628,10812
Reactome_2022,Cellular Hexose Transport R-HSA-189200,10,14.163563441367137,-0.0018219945316476358,0.0018219945316476358,-0.0677880467622494,18.61892804829246,0.052176985232707807,0.0522087871152698,0.0975332921576012,0.7618870122306348,0.3333333333333333,1.0,6628,10812
Reactome_2022,Acyl Chain Remodelling Of PE R-HSA-1482839,11,349.6206757624338,0.10312398429465572,0.10312398429465572,0.06334104906384518,14.667187069406577,0.05214980758309281,0.11556019456438282,0.16666547153960037,-0.233954571927781,0.3333333333333333,0.16666666666666666,6628,10812
Reactome_2022,Peptide Hormone Metabolism R-HSA-2980736,37,19.200097143409515,0.017143073291840158,0.017143073291840158,0.01918689975372757,18.569756477953785,0.052143395881978145,0.054889149164421384,0.11735784254123394,0.06058241118229469,0.3333333333333333,0.5,6628,10812
Reactome_2022,Calnexin/calreticulin Cycle R-HSA-901042,21,182.2183983029244,-0.06117967560928248,0.06117967560928248,-0.033475056104902666,13.169615143975777,0.05209795584433641,0.08035639184791377,0.15854323266824383,0.23953407105416424,0.3333333333333333,0.16666666666666666,6628,10812
Reactome_2022,Antimicrobial Peptides R-HSA-6803157,10,2903.3798865670847,0.2940329261697982,0.2940329261697982,0.233130580808383,13.143448736605563,0.052040787030628824,0.29860275482108545,0.37359173698276604,0.5082119976703552,0.16666666666666666,0.16666666666666666,6628,10812
Reactome_2022,Mitotic Prophase R-HSA-68875,72,2633.324864742131,0.1639396612165853,0.1639396612165853,0.09457298640156404,41.562891928659035,0.05193792080963746,0.17197023038257792,0.22567692327817546,0.13249854397204425,0.16666666666666666,0.16666666666666666,6628,10812
Reactome_2022,Transport Of Mature Transcript To Cytoplasm R-HSA-72202,71,1423.5260592772597,0.12456959607108191,0.12456959607108191,0.05064126816834804,42.87960306724726,0.05192774098330244,0.13495952930023672,0.18513615815700696,-0.03987186953989517,0.16666666666666666,0.16666666666666666,6628,10812
Reactome_2022,Insulin Processing R-HSA-264876,17,0.7222113034866154,0.00139605771674958,0.00139605771674958,-0.021678078915247537,14.297358171176768,0.05186626559934376,0.05188505068292953,0.11693336078562112,-0.03214909726266744,0.3333333333333333,0.8333333333333334,6628,10812
Reactome_2022,Inwardly Rectifying K+ Channels R-HSA-1296065,11,21.948806626945004,-0.03164034789125677,0.03164034789125677,0.011988646654853056,14.10191974074312,0.0518588664691398,0.0607491040768819,0.18441854177167447,0.78592894583576,0.3333333333333333,0.6666666666666666,6628,10812
Reactome_2022,Signaling By Insulin Receptor R-HSA-74752,53,62.503690340453595,-0.02501545919410697,0.02501545919410697,-0.011902633008971226,24.9212945416198,0.051857400191816824,0.05757571669850298,0.14525091404579638,0.6287594641817122,0.3333333333333333,0.3333333333333333,6628,10812
Reactome_2022,Stimuli-sensing Channels R-HSA-2672351,36,434.693087180324,-0.07968107185176468,0.07968107185176468,-0.03265388476088973,25.36370263303763,0.05184575449093722,0.09506342866834029,0.2142914778584133,0.3622481071636575,0.3333333333333333,0.3333333333333333,6628,10812
Reactome_2022,Regulation Of IFNG Signaling R-HSA-877312,11,366.02313136137906,0.11700107367981168,0.11700107367981168,0.0646795940732131,14.57417468296293,0.05179476734803523,0.12795291777394452,0.19413867632017145,-0.12018637157833431,0.16666666666666666,0.16666666666666666,6628,10812
Reactome_2022,Interleukin-20 Family Signaling R-HSA-8854691,11,421.5376934744283,0.11074036346035797,0.11074036346035797,0.09273771095824213,10.133507631244672,0.05179071576423614,0.1222526332587732,0.19496094629979444,0.011904484566103669,0.3333333333333333,0.16666666666666666,6628,10812
Reactome_2022,Uptake And Actions Of Bacterial Toxins R-HSA-5339562,19,1941.6118557765842,0.21195417309258427,0.21195417309258427,0.1508776777174567,16.12095966035996,0.051772208699870675,0.2181855473788861,0.27944580360743637,0.05376820034944671,0.3333333333333333,0.16666666666666666,6628,10812
Reactome_2022,Unattached Kinetochores Signal Amplification Via A MAD2 Inhibitory Signal R-HSA-141444,54,2579.640741450288,0.17421706548851978,0.17421706548851978,0.09923320388337714,37.57119815709656,0.05171293185224165,0.18173005592962815,0.23558010723641093,-0.06490390215492137,0.16666666666666666,0.16666666666666666,6628,10812
Reactome_2022,Signaling By High-Kinase Activity BRAF Mutants R-HSA-6802948,27,4261.684203016685,0.24343519699927207,0.24343519699927207,0.28356205181369065,20.824264542380373,0.05169225267332663,0.24886298263204493,0.3090969699606626,0.3145602795573675,0.16666666666666666,0.16666666666666666,6628,10812
KEGG_2019_Mouse,Glycerolipid metabolism,39,1029.0519045914762,-0.13082333816303296,0.13082333816303296,-0.09969535598182645,18.453163551890878,0.051680025295541575,0.14066119160119142,0.24558906017817267,0.7155037856726849,1.0,0.16666666666666666,6628,10812
KEGG_2019_Mouse,Malaria,15,3072.591354124342,0.2674147412640874,0.2674147412640874,0.17747907440520586,20.22984884484533,0.05161944124025679,0.27235126318652386,0.3482722011969186,-0.2744554455445544,0.3333333333333333,0.16666666666666666,6628,10812
Reactome_2022,Transcriptional Regulation By MECP2 R-HSA-8986944,37,26.679311420856838,0.03240410127656569,0.03240410127656569,-0.030873088597994865,28.084163436351986,0.051592536427968114,0.06092467147726888,0.11715197143257061,-0.3085032032615026,0.3333333333333333,0.16666666666666666,6628,10812
KEGG_2019_Mouse,AMPK signaling pathway,94,49.761587874179625,-0.020705723194314303,0.020705723194314303,-0.005395927238566003,35.14118480889348,0.05150284353170067,0.05550918721122123,0.14642581443664837,-0.07824111822947001,0.3333333333333333,0.3333333333333333,6628,10812
Reactome_2022,NF-kB Activation Thru FADD/RIP-1 Pathway Mediated By Caspase-8 And -10 R-HSA-933543,10,802.3669064811033,0.16940993285547595,0.16940993285547595,0.11760637366841503,11.518918290789898,0.05144622002609891,0.17704925559027543,0.2569270135930662,-0.419009900990099,1.0,0.3333333333333333,6628,10812
KEGG_2019_Mouse,Galactose metabolism,21,313.2075085049322,-0.0729993032427068,0.0729993032427068,-0.03900388927072956,18.18729356477187,0.05142805230743657,0.08929581646447439,0.19505869066011902,0.1005824111822947,0.3333333333333333,0.3333333333333333,6628,10812
Reactome_2022,Regulation Of PTEN mRNA Translation R-HSA-8943723,10,31.69023045279318,0.037705176862591616,0.037705176862591616,0.01585522838431623,9.605318572782965,0.05142682178609406,0.06376831784874049,0.12418696585337191,0.01322073383808969,0.3333333333333333,0.3333333333333333,6628,10812
Reactome_2022,Influenza Viral RNA Transcription And Replication R-HSA-168273,48,2024.2874719858273,0.15859781163790884,0.15859781163790884,0.0843093891278961,41.98568261590947,0.05142371075676758,0.16672631431279614,0.22207805849628282,0.017052999417588817,0.3333333333333333,0.16666666666666666,6628,10812
Reactome_2022,FOXO-mediated Transcription Of Cell Death Genes R-HSA-9614657,14,1611.8482789507448,-0.1916298632180539,0.1916298632180539,-0.17806392543369795,16.723794996101972,0.05140008478246134,0.1984035614413568,0.29569523544018655,0.10286546301688991,0.3333333333333333,0.3333333333333333,6628,10812
KEGG_2019_Mouse,Steroid hormone biosynthesis,22,6174.88282563256,-0.2613233476206,0.2613233476206,-0.28443416276079364,18.95125289598038,0.05136863874987171,0.2663242930313564,0.34365515899699245,0.7006173558532324,0.3333333333333333,0.16666666666666666,6628,10812
Reactome_2022,RORA Activates Gene Expression R-HSA-1368082,17,20.208607876554797,0.03009957510032607,0.03009957510032607,-0.001167921203039915,14.276967195387986,0.05126195793436015,0.05944554442920242,0.11962684285094542,0.2681537565521258,0.3333333333333333,0.16666666666666666,6628,10812
Reactome_2022,rRNA Processing R-HSA-72312,103,2741.0765018986103,0.14754699953670156,0.14754699953670156,0.08624991095972238,49.70215704925619,0.05125460031865374,0.15619587422882952,0.2448953955904094,0.0477577169481654,0.16666666666666666,0.16666666666666666,6628,10812
KEGG_2019_Mouse,Colorectal cancer,67,1474.6039180419796,0.12655649533388677,0.12655649533388677,0.05341071307228686,37.815100914049836,0.05120642024882284,0.13652341918475072,0.18601398539190805,0.08875946418171228,0.16666666666666666,0.16666666666666666,6628,10812
KEGG_2019_Mouse,Complement and coagulation cascades,27,1772.3666872371507,0.1323963426059465,0.1323963426059465,0.16293211753837944,26.693577412160955,0.05115782434409914,0.14193630447159342,0.22452824169687327,0.24065230052417003,0.3333333333333333,0.16666666666666666,6628,10812
Reactome_2022,Transport Of Mature mRNA Derived From An Intronless Transcript R-HSA-159231,37,1398.8839863477317,0.14013367435840007,0.14013367435840007,0.06689928932095482,32.27317612750233,0.05113769614246733,0.14917275440222127,0.20070275674719223,0.04736167734420501,0.16666666666666666,0.16666666666666666,6628,10812
Reactome_2022,Cytoprotection By HMOX1 R-HSA-9707564,49,81.3920168002275,0.0396003103044673,0.0396003103044673,0.010760353104660374,21.36921727065236,0.05101860142077297,0.06458391647416403,0.12298022202254345,0.1492836342457775,0.5,0.16666666666666666,6628,10812
Reactome_2022,Biosynthesis Of N-glycan Precursor (Dolichol LLO) And Transfer To Protein R-HSA-446193,57,3.198863998810244,0.007799241459762201,0.007799241459762201,0.008937997161689089,28.77360187349422,0.050951513330731946,0.05154497917391594,0.11266018638209699,0.1605824111822947,0.3333333333333333,0.6666666666666666,6628,10812
Reactome_2022,Cellular Response To Heat Stress R-HSA-3371556,82,1713.0813954137886,0.13439350058297622,0.13439350058297622,0.0666284440303093,35.710422147834265,0.050856455671066836,0.14369409202319214,0.19753716309853891,0.07786837507280138,0.16666666666666666,0.16666666666666666,6628,10812
Reactome_2022,Regulation Of TP53 Activity Thru Methylation R-HSA-6804760,12,193.44202197339607,0.08576259726520762,0.08576259726520762,0.019076882629253777,16.060191050876274,0.05071257933075803,0.09963427518706916,0.14127534037946954,-0.09044845661036692,0.3333333333333333,0.3333333333333333,6628,10812
Reactome_2022,Viral Messenger RNA Synthesis R-HSA-168325,42,2007.8538257604541,0.1592616906676245,0.1592616906676245,0.0834789948484881,40.955579070225546,0.05053911385736557,0.16708826453045073,0.22341657192758113,-0.031869539895165985,0.16666666666666666,0.16666666666666666,6628,10812
Reactome_2022,Trafficking Of GluR2-containing AMPA Receptors R-HSA-416993,10,1028.8610397892337,0.19393946550409916,0.19393946550409916,0.12295615107553477,13.48689207021816,0.05037137174550703,0.20037412849851582,0.26945177182218355,0.7524985439720442,0.3333333333333333,0.3333333333333333,6628,10812
Reactome_2022,N-glycan Antennae Elongation In medial/trans-Golgi R-HSA-975576,16,0.16547009240330907,0.013238885051375727,0.013238885051375727,-0.04755101743109049,16.345564728955477,0.05034446842243742,0.05205606187699314,0.10201648768497382,0.3741875364006989,0.3333333333333333,0.3333333333333333,6628,10812
Reactome_2022,NR1H2 And NR1H3-mediated Signaling R-HSA-9024446,32,1.2349868016841519,-0.004252449707135581,0.004252449707135581,0.006243198519144179,22.76655233733899,0.05032924491307789,0.05050857572761575,0.13605001941710262,0.4099708794408852,0.3333333333333333,1.0,6628,10812
Reactome_2022,Influenza Infection R-HSA-168255,63,2698.7400092305134,0.16980686482974375,0.16980686482974375,0.09940675880082397,38.212872265041014,0.05029411550547153,0.17709847373081614,0.22436563119973912,-0.0254397204426325,0.16666666666666666,0.16666666666666666,6628,10812
Reactome_2022,Platelet Calcium Homeostasis R-HSA-418360,13,46.91063789845711,0.05060639278127771,0.05060639278127771,-0.030429160270070373,17.75868950380897,0.05027183582894822,0.07133207180466355,0.11833478913657447,0.9010483401281305,0.3333333333333333,0.16666666666666666,6628,10812
Reactome_2022,SUMOylation Of RNA Binding Proteins R-HSA-4570464,39,1397.0390038546025,0.13623144520124136,0.13623144520124136,0.0562936524304314,34.9933071946723,0.05026378317580422,0.14520831436513226,0.20418859743338807,0.35253348864298195,0.16666666666666666,0.16666666666666666,6628,10812
Reactome_2022,TRAF6 Mediated NF-kB Activation R-HSA-933542,19,1025.4702656350585,0.15459338775679168,0.15459338775679168,0.06772424301305177,18.353751368776614,0.05021383475783201,0.16254397786201927,0.24482082911383415,-0.22962143273150842,1.0,0.16666666666666666,6628,10812
Reactome_2022,MAP2K And MAPK Activation R-HSA-5674135,30,3622.5200155312946,0.2167840774917185,0.2167840774917185,0.2563875729053585,24.08384149263926,0.0501383465832115,0.22250660676041428,0.27468784216054437,0.2627023878858474,0.16666666666666666,0.16666666666666666,6628,10812
Reactome_2022,Azathioprine ADME R-HSA-9748787,13,569.122557755857,0.12177318782728999,0.12177318782728999,0.09155324558653,11.531158670311736,0.050126388446547765,0.13168661318567904,0.1837365606403255,-0.1314152591729761,0.3333333333333333,0.16666666666666666,6628,10812
Reactome_2022,"Formation Of Ternary Complex, And Subsequently, 43S Complex R-HSA-72695",16,1773.0149412305577,0.2179267432021449,0.2179267432021449,0.13409329897797068,17.929345438009126,0.05008270725180092,0.22360756464923817,0.28559748429234433,0.07345369831100756,0.16666666666666666,0.16666666666666666,6628,10812
Reactome_2022,Regulation Of Localization Of FOXO Transcription Factors R-HSA-9614399,10,715.0185268718684,0.1677892655602753,0.1677892655602753,0.07140475660922245,12.314201366461758,0.05007514098042368,0.17510213414309347,0.24142551418782532,0.0010599883517763541,0.16666666666666666,0.16666666666666666,6628,10812
KEGG_2019_Mouse,Mineral absorption,30,1482.191108968568,0.15568015961886525,0.15568015961886525,0.13414256319264223,21.707628230046282,0.05005724933013676,0.16352993704351151,0.237567274603731,0.8729411764705881,0.6666666666666666,0.16666666666666666,6628,10812
Reactome_2022,Signaling By Hippo R-HSA-2028269,19,1546.0129110591602,0.18974029057534725,0.18974029057534725,0.08970321701637927,17.4490034570374,0.05004295773174609,0.19622863064843157,0.26963610900193097,0.2995923121723937,0.16666666666666666,0.16666666666666666,6628,10812
Reactome_2022,Negative Regulation Of NOTCH4 Signaling R-HSA-9604323,46,2979.6703490074383,0.21177133956056776,0.21177133956056776,0.18932448446854627,18.895626872256333,0.049995897293554394,0.21759294567026966,0.2756798954322536,0.17613278974956317,0.5,0.16666666666666666,6628,10812
Reactome_2022,"FOXO-mediated Transcription Of Oxidative Stress, Metabolic And Neuronal Genes R-HSA-9615017",18,841.3824753481906,-0.12128193936163288,0.12128193936163288,-0.13446809627716985,13.386967732562368,0.049931467097686505,0.13115814965851771,0.21122068151665588,0.7706464764123471,0.6666666666666666,0.3333333333333333,6628,10812
Reactome_2022,Cytosolic Sulfonation Of Small Molecules R-HSA-156584,11,2511.7548644846743,-0.25730294338434795,0.25730294338434795,-0.22214236889475536,9.523850789831785,0.049889788558106114,0.2620950126893329,0.3633633839767395,0.686243447874199,0.6666666666666666,0.16666666666666666,6628,10812
Reactome_2022,Early SARS-CoV-2 Infection Events R-HSA-9772572,32,1126.2470017271548,0.13807846484087863,0.13807846484087863,0.06400057079768914,23.914283769185047,0.04986982280987408,0.14680824799684106,0.22643047601651145,0.16080372743156668,0.3333333333333333,0.16666666666666666,6628,10812
Reactome_2022,Keratan Sulfate/Keratin Metabolism R-HSA-1638074,22,868.1125286006894,-0.11556201732418453,0.11556201732418453,-0.08202577075558581,21.061113877071918,0.049821820354594364,0.12584432300060497,0.25204389398579574,-0.02457775189283634,0.3333333333333333,0.3333333333333333,6628,10812
Reactome_2022,PRC2 Methylates Histones And DNA R-HSA-212300,11,213.5433693005368,0.09114961988310953,0.09114961988310953,0.0364565179688797,13.10339454982987,0.049764820458225556,0.10384984622075655,0.15922707491375382,0.5797437390797904,0.5,0.3333333333333333,6628,10812
Reactome_2022,Mitotic G2-G2/M Phases R-HSA-453274,137,3418.475840530259,0.16995592241718901,0.16995592241718901,0.12087142091865173,39.69493210163497,0.04968693376442246,0.17707006226798377,0.2262923352101636,0.02198019801980198,0.16666666666666666,0.16666666666666666,6628,10812
Reactome_2022,Activation Of BH3-only Proteins R-HSA-114452,24,2304.3664013017346,0.20386646385168447,0.20386646385168447,0.12038541384485983,24.283489639891446,0.04957442137208011,0.209807431559911,0.2692712442526147,-0.09439720442632499,0.16666666666666666,0.16666666666666666,6628,10812
Reactome_2022,Transcriptional Regulation By RUNX2 R-HSA-8878166,86,3295.729571938762,0.19184815633025165,0.19184815633025165,0.131459200395949,31.408822440077707,0.049524986518917354,0.1981374254829602,0.2527629969374247,0.01033197437390798,0.16666666666666666,0.16666666666666666,6628,10812
KEGG_2019_Mouse,Fc gamma R-mediated phagocytosis,62,3229.6236502375214,0.17976271050587486,0.17976271050587486,0.08597328784780645,41.570665068855156,0.04951691328216469,0.18645792230262676,0.24056615546914814,-0.02230634828188701,0.16666666666666666,0.16666666666666666,6628,10812
KEGG_2019_Mouse,Ether lipid metabolism,25,136.55368576319978,-0.03932976074366123,0.03932976074366123,-0.036595717390334945,18.149290196765836,0.04950978188112311,0.06323012400802344,0.15736771797801133,0.23770529994175885,0.3333333333333333,0.16666666666666666,6628,10812
Reactome_2022,RHO GTPases Activate Formins R-HSA-5663220,77,4267.28344163744,0.1970032312637685,0.1970032312637685,0.1294097477665084,36.74642555296212,0.04943607443036056,0.20311129605083517,0.257389780005547,-0.08237623762376237,0.16666666666666666,0.16666666666666666,6628,10812
Reactome_2022,Binding And Uptake Of Ligands By Scavenger Receptors R-HSA-2173782,20,5860.562421908248,0.3159395028304956,0.3159395028304956,0.33893001650149274,14.692714948727696,0.04941295256800504,0.3197802516264391,0.394759330150817,0.39195107746068725,0.3333333333333333,0.16666666666666666,6628,10812
Reactome_2022,Platelet Sensitization By LDL R-HSA-432142,16,491.23201070766174,0.09534040372320705,0.09534040372320705,0.12935428396337734,13.935175597911694,0.049332445246211346,0.10734748593271551,0.163130893354962,0.2541176470588235,0.3333333333333333,0.16666666666666666,6628,10812
Reactome_2022,ECM Proteoglycans R-HSA-3000178,24,1785.5622215975009,0.17406352175061718,0.17406352175061718,0.09428656160697858,22.79189239948927,0.04927707280326385,0.18090422744724824,0.24004027938835482,0.28527664531158997,0.16666666666666666,0.16666666666666666,6628,10812
Reactome_2022,MAPK6/MAPK4 Signaling R-HSA-5687128,72,2350.600872793411,0.16459687433437944,0.16459687433437944,0.11321254145845049,28.8611717832882,0.049268978353442315,0.1718125818112267,0.22298984161896826,-0.08128130460104833,0.16666666666666666,0.16666666666666666,6628,10812
Reactome_2022,Mitochondrial Calcium Ion Transport R-HSA-8949215,19,111.93587723668453,-0.0501089178616283,0.0501089178616283,-0.03128764248515145,15.154454144501292,0.04921200588339831,0.07023336224566672,0.1510870956114836,0.24888759464181712,0.5,0.16666666666666666,6628,10812
Reactome_2022,Host Interactions Of HIV Factors R-HSA-162909,103,3343.5843204239354,0.186390934085208,0.186390934085208,0.13769190570898715,31.514862740773328,0.049210658322730964,0.1927777715446283,0.24738237331482155,-0.08598718695398952,0.16666666666666666,0.16666666666666666,6628,10812
KEGG_2019_Mouse,Cortisol synthesis and secretion,34,180.99187896076208,-0.045556764299222396,0.045556764299222396,-0.03757222111290283,28.155130738276387,0.04913837028821029,0.06700744889932889,0.17142475278335748,0.05072801397786838,0.3333333333333333,0.3333333333333333,6628,10812
Reactome_2022,Ubiquitin Mediated Degradation Of Phosphorylated Cdc25A R-HSA-69601,44,2819.7955436886973,0.20959096705992597,0.20959096705992597,0.18803785415607824,21.662692144975754,0.04911295389410332,0.21526833420946817,0.2636594156031205,0.21368666278392545,0.6666666666666666,0.3333333333333333,6628,10812
KEGG_2019_Mouse,Starch and sucrose metabolism,21,373.18536442659615,-0.07893434414827924,0.07893434414827924,-0.036229372281491805,17.707665097962042,0.049090575954123014,0.09295437232119048,0.20658667714368786,0.27522422830518345,0.3333333333333333,0.3333333333333333,6628,10812
Reactome_2022,Nephrin Family Interactions R-HSA-373753,15,1988.235101307103,0.21575519471639673,0.21575519471639673,0.13851948846859663,16.05197319517241,0.04908759404782256,0.22126883182344978,0.2763671488419277,0.2690856144437973,0.16666666666666666,0.16666666666666666,6628,10812
Reactome_2022,TP53 Regulates Transcription Of Additional Cell Cycle Genes With Uncertain Roles In P53 Pathway R-HSA-6804115,17,318.3803254970755,0.09125419479877653,0.09125419479877653,0.01218443923177446,22.75342826530599,0.04903944473379649,0.10359630885399408,0.1647847321315274,0.10429819452533488,0.16666666666666666,0.16666666666666666,6628,10812
Reactome_2022,Arachidonic Acid Metabolism R-HSA-2142753,21,469.0372096748766,-0.06890320715792801,0.06890320715792801,-0.1285676759832657,23.196448721809517,0.04903680295352556,0.08457103523400454,0.14148218569193616,0.8149097262667443,0.6666666666666666,0.3333333333333333,6628,10812
Reactome_2022,"Tristetraprolin (TTP, ZFP36) Binds And Destabilizes mRNA R-HSA-450513",15,897.8994411667697,0.1549196890051658,0.1549196890051658,0.06363665252275447,20.747050637464806,0.04902454564378497,0.1624915878346841,0.21465717256599032,-0.03131042516016307,0.16666666666666666,0.3333333333333333,6628,10812
Reactome_2022,Downstream Signaling Of Activated FGFR4 R-HSA-5654716,15,33.1840084991555,0.025716302970952166,0.025716302970952166,0.02667943036290381,15.736022295606318,0.04895316068625909,0.055296836977068636,0.08349820324130704,0.47546884100174713,0.3333333333333333,0.16666666666666666,6628,10812
Reactome_2022,Pre-NOTCH Transcription And Translation R-HSA-1912408,29,543.8000198879907,0.10027619621511588,0.10027619621511588,-0.0011031095494060958,34.912184797805544,0.04889403710793652,0.11156138396454526,0.1651673006013802,0.023610949330227136,0.16666666666666666,0.16666666666666666,6628,10812
Reactome_2022,Resolution Of D-Loop Structures R-HSA-5693537,14,579.2108784382999,0.12293686348069173,0.12293686348069173,0.05348940651656998,24.050894077508932,0.04884460429815789,0.13228479796074027,0.18009009818067834,-0.24895748398369247,0.16666666666666666,0.16666666666666666,6628,10812
Reactome_2022,Golgi Cisternae Pericentriolar Stack Reorganization R-HSA-162658,11,352.3548329895862,0.11117422981931814,0.11117422981931814,0.06607410449881304,9.82367870244429,0.048799250710654614,0.12141283394205032,0.18596888515176332,0.10326150262085032,0.16666666666666666,0.3333333333333333,6628,10812
Reactome_2022,Resolution Of D-loop Structures Thru Holliday Junction Intermediates R-HSA-5693568,13,503.72334302474576,0.11925772119143817,0.11925772119143817,0.04916776945003716,22.64700872533187,0.048798437100010805,0.1288553123746883,0.17648589927623376,-0.22471753057658705,0.16666666666666666,0.3333333333333333,6628,10812
Reactome_2022,Gap-filling DNA Repair Synthesis And Ligation In TC-NER R-HSA-6782210,56,1694.3016242437652,0.14286381168358858,0.14286381168358858,0.07614441248467434,33.741744255984955,0.048742853298240726,0.15095010578471843,0.2014476981697263,0.073185789167152,0.3333333333333333,0.16666666666666666,6628,10812
KEGG_2019_Mouse,Ribosome biogenesis in eukaryotes,65,2368.3045462859295,0.1494211183910854,0.1494211183910854,0.08570202445711861,39.31478863201804,0.048666759613313286,0.15714682342479214,0.24642321552926177,0.1838555620267909,0.16666666666666666,0.16666666666666666,6628,10812
Reactome_2022,ATF4 Activates Genes In Response To Endoplasmic Reticulum Stress R-HSA-380994,22,563.8236692342172,0.11015666386789764,0.11015666386789764,0.019169954605202676,22.879367448249855,0.048607955663593744,0.12040441830887631,0.2258966293926991,0.2958415841584158,0.16666666666666666,0.3333333333333333,6628,10812
MSigDB_Hallmark_2020,PI3K/AKT/mTOR  Signaling,86,3231.364600977695,0.17951879306987412,0.17951879306987412,0.1089989878753627,38.12061066855201,0.04857098672003095,0.18597348686364332,0.2401253538343195,-0.18496214327315083,0.16666666666666666,0.16666666666666666,6628,10812
Reactome_2022,Smooth Muscle Contraction R-HSA-445355,30,4943.934260056983,0.26889362034243774,0.26889362034243774,0.17822905899996955,28.584708232867122,0.04844773822927858,0.27322328304958887,0.33795799524406345,0.27836924868957486,0.16666666666666666,0.16666666666666666,6628,10812
KEGG_2019_Mouse,Glycerophospholipid metabolism,60,43.530651233123514,-0.02096172656714813,0.02096172656714813,-0.0059390314334665986,26.062663821057264,0.0483584777377659,0.0527061319941986,0.13199255444268215,-0.030250436808386717,0.3333333333333333,0.6666666666666666,6628,10812
Reactome_2022,Glycogen Breakdown (Glycogenolysis) R-HSA-70221,11,38.16304061704611,-0.03666443698854914,0.03666443698854914,-0.0010155337468206699,14.681538752297337,0.048353272767568574,0.06068212197197935,0.15599891663478999,-0.4313919627256843,0.3333333333333333,0.16666666666666666,6628,10812
Reactome_2022,Signaling By WNT In Cancer R-HSA-4791275,27,61.261620422844494,0.030621564588644172,0.030621564588644172,0.03155457267793856,16.54700854999454,0.04834593526175813,0.05722770023503141,0.10189685835866813,-0.07481654047757717,0.3333333333333333,0.16666666666666666,6628,10812
Reactome_2022,"PTK6 Regulates RHO GTPases, RAS GTPase And MAP Kinases R-HSA-8849471",10,1597.8129942894482,0.2324980858046822,0.2324980858046822,0.1424220143276543,12.816361459165309,0.04834509991186621,0.2374712795020267,0.2900081047955856,0.10312172393709959,0.16666666666666666,0.16666666666666666,6628,10812
Reactome_2022,Lysosome Vesicle Biogenesis R-HSA-432720,30,31.185822242464454,0.020233088185895875,0.020233088185895875,0.04551840104387301,17.19505566810986,0.04831044257282009,0.052376299211761686,0.09618449024452597,0.28025626092020967,0.3333333333333333,0.5,6628,10812
Reactome_2022,Dual Incision In TC-NER R-HSA-6782135,57,1823.1319896187902,0.1455923794989203,0.1455923794989203,0.07555912937281019,34.37544848693099,0.04830857033920802,0.15339771489945941,0.20204254979902903,0.12144437973209087,0.16666666666666666,0.16666666666666666,6628,10812
Reactome_2022,Defective B3GALT6 Causes EDSP2 And SEMDJL1 R-HSA-4420332,13,165.82598665910925,0.07083990568756061,0.07083990568756061,0.006620890602927889,15.157230914139555,0.04830819323456135,0.08574365149333336,0.153773456565238,-0.018858474082702387,0.3333333333333333,0.16666666666666666,6628,10812
Reactome_2022,G2/M Transition R-HSA-69275,135,3302.2447520292008,0.1673531354081431,0.1673531354081431,0.12043479079669792,36.966322096615244,0.04829625446997992,0.17418266310619246,0.22285670507415117,0.022632498543972042,0.16666666666666666,0.16666666666666666,6628,10812
Reactome_2022,Disorders Of Developmental Biology R-HSA-9675151,11,343.250013291823,0.10987702002384298,0.10987702002384298,0.04082742181997271,12.917481683651314,0.04821984081548781,0.11999213548225132,0.19150641965553306,-0.06397204426324984,0.3333333333333333,0.16666666666666666,6628,10812
MSigDB_Hallmark_2020,IL-6/JAK/STAT3 Signaling,47,4939.3949288038,0.23520605955607302,0.23520605955607302,0.13346804939417636,49.286553088139506,0.048191249883436,0.24009224689111203,0.2938470206987692,-0.3899592312172394,0.16666666666666666,0.16666666666666666,6628,10812
Reactome_2022,Ribosomal Scanning And Start Codon Recognition R-HSA-72702,23,1356.7461591909453,0.17179019712437496,0.17179019712437496,0.09391009556853917,20.333382408786186,0.04813005444400971,0.17840508392087637,0.23117992226375184,0.06202679091438555,0.3333333333333333,0.16666666666666666,6628,10812
Reactome_2022,Aspirin ADME R-HSA-9749641,11,8552.171403477501,-0.4967549340200578,0.4967549340200578,-0.4269653046433398,12.300480856974318,0.048120754696662736,0.49908022552075565,0.6379141056403401,0.890203843913803,1.0,0.16666666666666666,6628,10812
Reactome_2022,Activation Of G Protein Gated Potassium Channels R-HSA-1296041,10,29.594466625320912,0.02637868163189689,0.02637868163189689,0.042584991853555035,9.637019585871231,0.048051823362814966,0.05481617072660354,0.10873953783858872,0.8202912055911473,0.3333333333333333,0.8333333333333334,6628,10812
KEGG_2019_Mouse,Spliceosome,117,2089.558461935793,0.14121125124023187,0.14121125124023187,0.08482425948395092,35.47375691935078,0.0480438158838757,0.1491604026594043,0.197976270406268,-0.0024694234129295283,0.16666666666666666,0.16666666666666666,6628,10812
Reactome_2022,MHC Class II Antigen Presentation R-HSA-2132295,65,794.5624127650517,0.09220773732355605,0.09220773732355605,0.0844904526264082,22.48683347181802,0.04790209043995845,0.10390802226415374,0.16969524232786581,0.2805591147350029,0.16666666666666666,0.16666666666666666,6628,10812
Reactome_2022,EML4 And NUDC In Mitotic Spindle Formation R-HSA-9648025,58,2668.3443249713687,0.17245228358881123,0.17245228358881123,0.10378541543844917,32.785000947702656,0.04789047222028269,0.1789784552522383,0.23129729161689272,-0.03914967967384973,0.16666666666666666,0.16666666666666666,6628,10812
Reactome_2022,Activation Of BAD And Translocation To Mitochondria R-HSA-111447,14,2713.1423616713523,0.2691219566169243,0.2691219566169243,0.18180034117195873,14.98015995850976,0.0478156995901726,0.2733367312686303,0.3321584784803268,-0.02780430984274898,0.5,0.16666666666666666,6628,10812
KEGG_2019_Mouse,Intestinal immune network for IgA production,15,500.6136463983911,-0.12143929593600654,0.12143929593600654,-0.0672356391064198,13.253642707154517,0.04774413501977043,0.13048756655796387,0.18632744018531222,-0.08110658124635992,0.3333333333333333,0.3333333333333333,6628,10812
Reactome_2022,Mitotic Prometaphase R-HSA-68877,123,2687.2418298101134,0.14818307285286542,0.14818307285286542,0.08272283134643107,45.12696168516185,0.0476691211587668,0.15566171074534296,0.20652702063505357,-0.006907396622015141,0.16666666666666666,0.16666666666666666,6628,10812
KEGG_2019_Mouse,Alcoholism,67,382.79020454205425,0.05937145314528308,0.05937145314528308,0.05979290259197759,25.66891462517678,0.047599907936439395,0.07609678497899924,0.12393141391462402,0.1341176470588235,0.3333333333333333,0.16666666666666666,6628,10812
Reactome_2022,Uptake And Function Of Anthrax Toxins R-HSA-5210891,10,678.234638602206,0.1530877388509828,0.1530877388509828,0.14093787087717558,8.950076873540237,0.04759428666328499,0.1603155385778111,0.24129911926922143,-0.10747815958066392,0.5,0.16666666666666666,6628,10812
KEGG_2019_Mouse,Proteoglycans in cancer,141,3391.954268016805,0.1585820460722816,0.1585820460722816,0.07858502586440967,48.61634249433043,0.04755964717857045,0.16556021676786173,0.21748281004292802,-0.004868957483983692,0.16666666666666666,0.16666666666666666,6628,10812
Reactome_2022,Cohesin Loading Onto Chromatin R-HSA-2470946,10,232.61505233828828,0.09716947729291774,0.09716947729291774,0.03797979845620955,12.253130948320019,0.0474858809531075,0.10815182017549005,0.15009897742597972,-0.14306348281887013,0.3333333333333333,0.16666666666666666,6628,10812
Reactome_2022,Mitotic Telophase/Cytokinesis R-HSA-68884,10,232.61505233828828,0.09716947729291774,0.09716947729291774,0.03797979845620955,12.253130948320019,0.0474858809531075,0.10815182017549005,0.15009897742597972,-0.14306348281887013,0.3333333333333333,0.16666666666666666,6628,10812
Reactome_2022,Regulation Of RUNX3 Expression And Activity R-HSA-8941858,48,2880.9762887593056,0.20290103974098525,0.20290103974098525,0.1780824906048381,22.17786008605583,0.04742692006585234,0.20837021062259745,0.26099535910077937,0.2571927781013395,0.3333333333333333,0.3333333333333333,6628,10812
KEGG_2019_Mouse,Glycosylphosphatidylinositol (GPI)-anchor biosynthesis,20,1.5694590947561686,-0.0064696310914525695,0.0064696310914525695,0.006081697470360518,19.61207374003826,0.04734937160400881,0.04778932012232446,0.11953080957484608,-0.584053581828771,0.3333333333333333,0.6666666666666666,6628,10812
Reactome_2022,Phospholipid Metabolism R-HSA-1483257,143,99.97669504176623,-0.026190514622187924,0.026190514622187924,-0.015265149644875523,32.7965626919427,0.047334550815632086,0.05409716034222772,0.1387438155978748,-0.10828188701223063,0.3333333333333333,0.3333333333333333,6628,10812
Reactome_2022,SARS-CoV-2 Modulates Autophagy R-HSA-9754560,11,11.92302913177294,0.020801808982402244,0.020801808982402244,0.0157193669358623,10.986543664824927,0.04727467334023493,0.05164891089235346,0.08771344967713526,0.48415841584158414,0.3333333333333333,0.5,6628,10812
KEGG_2019_Mouse,Salivary secretion,38,105.136987084193,-0.03587051799731085,0.03587051799731085,-0.018461279994265684,25.259718976537894,0.04718741378836241,0.059273485484063936,0.15290548050105313,0.5023179965055329,0.3333333333333333,0.3333333333333333,6628,10812
Reactome_2022,Phase I - Functionalization Of Compounds R-HSA-211945,42,540.966319123184,-0.07415348025463014,0.07415348025463014,-0.08024764085254402,20.214510004788636,0.047162836293214355,0.0878810091037555,0.19478553785450806,0.7207920792079208,1.0,0.3333333333333333,6628,10812
KEGG_2019_Mouse,Endometrial cancer,51,809.1891281029455,0.1049395880401581,0.1049395880401581,0.030256526345165423,28.527924448295185,0.047109484228833286,0.1150287817997947,0.1628105710734056,0.1170762958648806,0.16666666666666666,0.16666666666666666,6628,10812
Reactome_2022,Recycling Pathway Of L1 R-HSA-437239,19,3230.5996625473076,0.26352760824054605,0.26352760824054605,0.18807511151307546,15.324876100790954,0.047092469765796736,0.26770226187618423,0.34788259215944983,-0.0188351776354106,1.0,0.16666666666666666,6628,10812
Reactome_2022,SLC Transporter Disorders R-HSA-5619102,69,116.39664139653287,-0.01308375021634174,0.01308375021634174,-0.0828200700445185,35.49917686731941,0.04700281912624718,0.048789850640664295,0.09478250488779086,0.6647524752475248,0.3333333333333333,1.0,6628,10812
KEGG_2019_Mouse,RNA transport,127,1742.5699462286486,0.12571098514238122,0.12571098514238122,0.06119756843380571,39.96365533385231,0.046937897313261735,0.13418799495356612,0.17942502751832612,0.06556785090273733,0.16666666666666666,0.16666666666666666,6628,10812
MSigDB_Hallmark_2020,Hypoxia,145,444.54381682988935,0.06483005052507557,0.06483005052507557,0.0001433517200729469,46.16953262858013,0.046762687251645896,0.07993550131249003,0.12541098494176328,0.4832847990681421,0.16666666666666666,0.16666666666666666,6628,10812
KEGG_2019_Mouse,Endocrine and other factor-regulated calcium reabsorption,34,146.66387334410132,-0.04418220279556645,0.04418220279556645,-0.032808634141548665,15.690757523277046,0.04676220678673853,0.06433328086950216,0.1394512825938224,0.7389516598718695,1.0,0.6666666666666666,6628,10812
Reactome_2022,Energy Dependent Regulation Of mTOR By LKB1-AMPK R-HSA-380972,26,27.496640670671862,-0.019803506780227808,0.019803506780227808,-0.012438124984653503,18.60559814023955,0.04672632359353066,0.0507496620418488,0.12269265345507444,0.16860803727431567,0.3333333333333333,0.5,6628,10812
Reactome_2022,Regulation Of Activated PAK-2p34 By Proteasome Mediated Degradation R-HSA-211733,43,2556.534217693944,0.20199218833171234,0.20199218833171234,0.1868603646272766,15.131575505477613,0.046697867159007346,0.2073198855494433,0.2655674586996491,0.27894001164822363,0.8333333333333334,0.16666666666666666,6628,10812
Reactome_2022,Vpu Mediated Degradation Of CD4 R-HSA-180534,43,2425.8108535869437,0.19521514264023418,0.19521514264023418,0.18477277791616722,15.286719401365076,0.04668989689963079,0.2007209465615015,0.25904289146805826,0.26609202096680257,0.8333333333333334,0.16666666666666666,6628,10812
Reactome_2022,AURKA Activation By TPX2 R-HSA-8854518,52,2403.3985470686903,0.1608370528286362,0.1608370528286362,0.09854165409554703,31.961944605020253,0.046666774885991295,0.16747043154199273,0.218704696480802,0.11684333139196272,0.16666666666666666,0.16666666666666666,6628,10812
Reactome_2022,Loss Of Nlp From Mitotic Centrosomes R-HSA-380259,52,2403.3985470686903,0.1608370528286362,0.1608370528286362,0.09854165409554703,31.961944605020253,0.046666774885991295,0.16747043154199273,0.218704696480802,0.11684333139196272,0.16666666666666666,0.16666666666666666,6628,10812
Reactome_2022,Golgi Associated Vesicle Biogenesis R-HSA-432722,50,60.152059411246846,0.022233913076739362,0.022233913076739362,0.04403243665287798,22.596536951256486,0.04654667448563263,0.05158429796338654,0.08651860401101191,0.1741642399534071,0.3333333333333333,0.16666666666666666,6628,10812
Reactome_2022,Downregulation Of SMAD2/3:SMAD4 Transcriptional Activity R-HSA-2173795,26,599.9545812164175,0.11138683616311384,0.11138683616311384,0.034561831385816505,16.524173837073498,0.046517386348768265,0.12070996024831158,0.1821619105471071,0.21772859638905065,0.16666666666666666,0.16666666666666666,6628,10812
KEGG_2019_Mouse,Pancreatic secretion,40,2.6667083398441345,0.002179804720588427,0.002179804720588427,-0.022854071971605175,18.32158686147617,0.046507923228977434,0.046558978421915115,0.10387446772743242,0.80944670937682,0.6666666666666666,0.8333333333333334,6628,10812
Reactome_2022,Mitochondrial Translation R-HSA-5368287,14,6.967279465916276,-0.016217361198380874,0.016217361198380874,0.023577495508137213,12.986593571452696,0.04649477399254348,0.049241921295339885,0.11657172773826847,0.07037856726849155,0.8333333333333334,0.5,6628,10812
Reactome_2022,Regulation Of TP53 Activity Thru Phosphorylation R-HSA-6804756,60,637.2823658210498,0.08731669319542344,0.08731669319542344,0.01905385989211233,37.1739450121678,0.04648308156049597,0.0989185613620792,0.14018296586408843,-0.11080955154338963,0.16666666666666666,0.16666666666666666,6628,10812
Reactome_2022,Transcriptional Regulation By Small RNAs R-HSA-5578749,41,1767.3857283705106,0.15232341663201465,0.15232341663201465,0.07791799825045873,29.480436130530357,0.04646335440281114,0.15925221052409774,0.2093385027745993,0.008875946418171228,0.16666666666666666,0.16666666666666666,6628,10812
Reactome_2022,Metabolism Of Nucleotides R-HSA-15869,67,1077.373588537146,0.11589178298848922,0.11589178298848922,0.06490345947508623,26.46022771582281,0.04645350442912031,0.12485524994167203,0.1756486397125123,0.009994175888177054,1.0,0.16666666666666666,6628,10812
Reactome_2022,WNT5A-dependent Internalization Of FZD4 R-HSA-5099900,13,1604.0257940644653,0.21154997312539958,0.21154997312539958,0.17082663100386006,11.89863512089489,0.046371804300903915,0.2165727022583378,0.29132090742325967,-0.03471170646476412,0.5,0.3333333333333333,6628,10812
Reactome_2022,FBXL7 Down-Regulates AURKA During Mitotic Entry And In Early Mitosis R-HSA-8854050,44,2531.1069898019714,0.198490669187771,0.198490669187771,0.18583676241606134,15.19581638613552,0.04635409151202147,0.20383141944880337,0.26212624655913874,0.27207920792079204,0.8333333333333334,0.16666666666666666,6628,10812
Reactome_2022,Mitophagy R-HSA-5205647,24,109.3771027448317,-0.046604523809325546,0.046604523809325546,-0.02346976177332737,12.752338025636284,0.04633985154742573,0.0657218645576299,0.12035054063043321,0.2356668608037274,0.8333333333333334,0.3333333333333333,6628,10812
KEGG_2019_Mouse,Measles,84,2661.3298293219636,0.15638644920492165,0.15638644920492165,0.07450175299653738,42.19687755744143,0.046316682036264836,0.16310106231956928,0.22695379571110783,-0.15845078625509607,0.16666666666666666,0.16666666666666666,6628,10812
Reactome_2022,Dectin-1 Mediated Noncanonical NF-kB Signaling R-HSA-5607761,52,2733.398819384716,0.19826907231777677,0.19826907231777677,0.17379683060905243,16.888043061373274,0.04625839130508875,0.20359386976008512,0.26521685939749823,0.2727082119976703,0.8333333333333334,0.16666666666666666,6628,10812
Reactome_2022,Regulation Of Apoptosis R-HSA-169911,46,2326.1793244625,0.18819147130177666,0.18819147130177666,0.16979271785145122,15.69574086958066,0.046216208927918084,0.19378330123722323,0.2508583676421452,0.2376587070471753,0.8333333333333334,0.16666666666666666,6628,10812
Reactome_2022,GTP Hydrolysis And Joining Of 60S Ribosomal Subunit R-HSA-72706,24,1398.8722562736766,0.17191389359409304,0.17191389359409304,0.09441245654861846,19.577735096602776,0.0461994396404885,0.17801341251090125,0.22956590829454881,0.08502038439138031,0.3333333333333333,0.16666666666666666,6628,10812
Reactome_2022,Stabilization Of P53 R-HSA-69541,47,2425.2051263740746,0.1896543681322782,0.1896543681322782,0.1658909493975151,20.30839381926569,0.04613052301557661,0.1951840272802678,0.24208104345579182,0.18686080372743155,0.6666666666666666,0.3333333333333333,6628,10812
KEGG_2019_Mouse,Adipocytokine signaling pathway,49,411.208837875801,0.06973122272972636,0.06973122272972636,0.05136097159691974,16.929646857860618,0.046049229917529404,0.08356419687509835,0.15144490859476123,0.057845078625509604,1.0,0.16666666666666666,6628,10812
Reactome_2022,SCF-beta-TrCP Mediated Degradation Of Emi1 R-HSA-174113,45,2447.1519568674025,0.192871772173157,0.192871772173157,0.18218869384044825,15.288457262858206,0.04603352916330569,0.19828919866811473,0.2564601305588657,0.24429819452533488,0.8333333333333334,0.16666666666666666,6628,10812
Reactome_2022,Hh Mutants Are Degraded By ERAD R-HSA-5362768,48,2023.6332787757667,0.17578292062128711,0.17578292062128711,0.16300617621435784,15.29030747985635,0.04600746023848574,0.1817039393622097,0.24384399066735868,0.2709609784507862,0.8333333333333334,0.16666666666666666,6628,10812
Reactome_2022,NIK To Noncanonical NF-kB Signaling R-HSA-5676590,51,2648.6374889574154,0.19622101968604755,0.19622101968604755,0.17393568401977214,16.394426794488368,0.04596966247233351,0.20153386423738454,0.2626558937981126,0.2689341875364007,0.8333333333333334,0.16666666666666666,6628,10812
Reactome_2022,Regulation Of MECP2 Expression And Activity R-HSA-9022692,24,295.3549903620773,0.07916639116953667,0.07916639116953667,0.023618881981288607,16.308005997376647,0.045868405327906724,0.091494415666385,0.15856554192626038,-0.1749330227140361,0.3333333333333333,0.16666666666666666,6628,10812
Reactome_2022,Pyroptosis R-HSA-5620971,12,1442.8700185379769,0.2043798280402142,0.2043798280402142,0.13476850388367587,13.517754268936942,0.04586643354109886,0.20946322788386404,0.27032707725546373,-0.17154338963308097,0.3333333333333333,0.16666666666666666,6628,10812
Reactome_2022,Signaling By Activin R-HSA-1502540,10,284.7217191550205,0.1069487147695356,0.1069487147695356,0.020900067327536447,13.868820217590567,0.04583148215605504,0.1163552850001936,0.1603826910786046,-0.07431566686080372,0.3333333333333333,0.3333333333333333,6628,10812
Reactome_2022,Meiotic Synapsis R-HSA-1221632,18,754.6840580292867,0.1280906350872174,0.1280906350872174,0.07718664903059527,15.432663194349951,0.045830562718556164,0.13604282883028493,0.19525566082806195,0.031822947000582406,0.3333333333333333,0.16666666666666666,6628,10812
Reactome_2022,Autodegradation Of E3 Ubiquitin Ligase COP1 R-HSA-349425,43,2524.104488488513,0.199311936180266,0.199311936180266,0.18460660893728698,18.348188988834885,0.04576784407515701,0.20449925050037307,0.2532108206550791,0.2646592894583576,0.8333333333333334,0.3333333333333333,6628,10812
Reactome_2022,GSK3B And BTRC:CUL1-mediated-degradation Of NFE2L2 R-HSA-9762114,46,2701.013255862997,0.1996721567010491,0.1996721567010491,0.18865657338053268,15.56122528891126,0.04572691917748682,0.20484120996301672,0.2619787097531391,0.23678509027373323,0.8333333333333334,0.16666666666666666,6628,10812
Reactome_2022,"Defective B4GALT7 Causes EDS, Progeroid Type R-HSA-3560783",13,175.03751131143113,0.07320838842118879,0.07320838842118879,0.009539581855046943,13.900765801723042,0.045662444678695006,0.08628167238331981,0.14814414131107806,0.049120559114735,0.3333333333333333,0.16666666666666666,6628,10812
Reactome_2022,Transcription-Coupled Nucleotide Excision Repair (TC-NER) R-HSA-6781827,69,1833.0573308837531,0.14136035603490826,0.14136035603490826,0.08356341662110506,30.472110983391048,0.04555332233501045,0.14851887231619215,0.1988102781785393,0.06839836924868957,0.16666666666666666,0.16666666666666666,6628,10812
Reactome_2022,RHO GTPases Activate WASPs And WAVEs R-HSA-5663213,26,1829.744567654768,0.18059573405498633,0.18059573405498633,0.09549128933585821,20.275507172127273,0.045546868855769695,0.18625073535807585,0.2513640102612077,-0.06104834012813046,0.16666666666666666,0.16666666666666666,6628,10812
KEGG_2019_Mouse,Fluid shear stress and atherosclerosis,103,1870.768177077937,0.1348155282681206,0.1348155282681206,0.08071258245609973,31.858249192115697,0.04553475938367277,0.14229771949803485,0.20397776546342106,-0.11327897495631915,0.3333333333333333,0.16666666666666666,6628,10812
Reactome_2022,Degradation Of DVL R-HSA-4641258,47,2275.419658567297,0.18352177460878347,0.18352177460878347,0.16765875658246482,15.59584324204905,0.045486636459005435,0.1890747890436767,0.24723404901130264,0.22662783925451366,0.8333333333333334,0.16666666666666666,6628,10812
Reactome_2022,Intrinsic Pathway For Apoptosis R-HSA-109606,41,3663.75936847876,0.21898128126431238,0.21898128126431238,0.13713617502454062,27.184645061325163,0.04547054106944099,0.22365234550370267,0.28575029599257107,-0.0343739079790332,0.3333333333333333,0.16666666666666666,6628,10812
Reactome_2022,Role Of Phospholipids In Phagocytosis R-HSA-2029485,16,31.632139783436592,0.035974753830940925,0.035974753830940925,-0.024943841157594293,12.824964237185238,0.045436828417857206,0.0579541913054664,0.11493396952816666,0.6040302853814793,0.3333333333333333,0.16666666666666666,6628,10812
Reactome_2022,ERKs Are Inactivated R-HSA-202670,12,2560.768053374603,0.27064808810804697,0.27064808810804697,0.20920116401183397,9.930948756810123,0.045418294987969565,0.274432521972443,0.33065926387022015,0.16302853814793244,0.5,0.16666666666666666,6628,10812
Reactome_2022,Cross-presentation Of Soluble Exogenous Antigens (Endosomes) R-HSA-1236978,42,2868.4916531206236,0.21124674393247392,0.21124674393247392,0.19201842770251643,14.761002729052947,0.04539537797172083,0.21606926473533344,0.27548643184838584,0.2107047175305766,0.8333333333333334,0.16666666666666666,6628,10812
KEGG_2019_Mouse,IL-17 signaling pathway,49,2904.3134051454763,0.17609041817070664,0.17609041817070664,0.10540282545960182,30.0349981635466,0.04532209897914677,0.18182939263884126,0.2352831105088587,0.3700873616773442,0.16666666666666666,0.16666666666666666,6628,10812
Reactome_2022,Ion Homeostasis R-HSA-5578775,23,111.94568744236338,-0.036271876678709195,0.036271876678709195,-0.04879788806091476,14.1898454995517,0.04526828667988587,0.05800747207668871,0.14089739636623666,0.7510425160163074,0.3333333333333333,0.6666666666666666,6628,10812
KEGG_2019_Mouse,Notch signaling pathway,38,28.83299064186699,0.02068483820864998,0.02068483820864998,0.006758563302270732,17.09798774242584,0.045221217744021554,0.04972746792236899,0.09599637128690788,-0.06414676761793826,0.3333333333333333,0.16666666666666666,6628,10812
Reactome_2022,Cleavage Of Damaged Pyrimidine R-HSA-110329,10,424.4249884201165,0.11974544447995793,0.11974544447995793,0.06807112266182058,14.767390865181452,0.04520931219065543,0.12799552094684735,0.16539295882078833,0.09956901572510192,0.3333333333333333,0.3333333333333333,6628,10812
KEGG_2019_Mouse,Pyrimidine metabolism,41,1657.0694628094711,0.15335961695721093,0.15335961695721093,0.08694262995230802,23.3756477560431,0.04519466148506574,0.15988036008219447,0.2148320447064303,0.6661153174140944,1.0,0.16666666666666666,6628,10812
KEGG_2019_Mouse,Arachidonic acid metabolism,30,1100.5673613688025,-0.1256139792368459,0.1256139792368459,-0.13084595336064553,13.19084290176575,0.045182017286725565,0.1334926457368073,0.24108472648420357,0.920873616773442,1.0,0.16666666666666666,6628,10812
Reactome_2022,HS-GAG Biosynthesis R-HSA-2022928,18,0.4792448746648734,0.0032382381734624116,0.0032382381734624116,-0.0037792533371407812,13.78388317265467,0.045171450109582435,0.045287372318015585,0.12181244175563156,0.5916831683168317,0.3333333333333333,0.8333333333333334,6628,10812
Reactome_2022,ER Quality Control Compartment (ERQC) R-HSA-901032,16,452.9714446234085,-0.10714047287058036,0.10714047287058036,-0.06641532238301821,12.35185577926199,0.04510613609816823,0.11624820188131102,0.19698546978787812,0.3877810133954572,0.5,0.16666666666666666,6628,10812
Reactome_2022,Negative Regulators Of DDX58/IFIH1 Signaling R-HSA-936440,23,2.214477288912688,-0.0017939026020285173,0.0017939026020285173,-0.008248342521105715,11.819117653951952,0.04508764533691285,0.04512331823539581,0.08277460686102114,0.011799650553290623,0.3333333333333333,1.0,6628,10812
Reactome_2022,trans-Golgi Network Vesicle Budding R-HSA-199992,62,108.88774692940663,0.031431545617628995,0.031431545617628995,0.04965863873678474,21.76157373528187,0.04508325364566214,0.054958546370807534,0.08837035786530059,0.11888177052999417,0.3333333333333333,0.16666666666666666,6628,10812
Reactome_2022,Regulation Of PTEN Stability And Activity R-HSA-8948751,60,2143.7894124174895,0.1694226099615457,0.1694226099615457,0.1425283064298561,17.352540825625734,0.04504944964774423,0.17530965084600073,0.23849260276168932,0.17175305765870705,0.8333333333333334,0.16666666666666666,6628,10812
Reactome_2022,Regulation Of APC/C Activators Between G1/S And Early Anaphase R-HSA-176408,63,2365.337288235309,0.1718130735377722,0.1718130735377722,0.1508287331490057,18.615971156795094,0.04500112005037019,0.17760865137792067,0.23213116485385654,0.13325567850902736,0.6666666666666666,0.16666666666666666,6628,10812
Reactome_2022,Activation Of NF-kappaB In B Cells R-HSA-1169091,55,2317.585831197762,0.17835508074952333,0.17835508074952333,0.1586741076221028,16.711994767904578,0.04493029038234147,0.1839273384329,0.24224901907991953,0.2852417006406523,0.8333333333333334,0.16666666666666666,6628,10812
Reactome_2022,APC:Cdc20 Mediated Degradation Of Cell Cycle Proteins Before Cycle Checkpoint Satisfied R-HSA-179419,59,2359.157384664369,0.17543608960483265,0.17543608960483265,0.15598893485724225,17.658957332908614,0.044927134660417804,0.18109740187156242,0.23501457983770135,0.17383808969132206,0.8333333333333334,0.16666666666666666,6628,10812
Reactome_2022,Cdc20:Phospho-APC/C Mediated Degradation Of Cyclin A R-HSA-174184,59,2359.157384664369,0.17543608960483265,0.17543608960483265,0.15598893485724225,17.658957332908614,0.044927134660417804,0.18109740187156242,0.23501457983770135,0.17383808969132206,0.8333333333333334,0.16666666666666666,6628,10812
Reactome_2022,N-glycan Trimming In ER And Calnexin/Calreticulin Cycle R-HSA-532668,29,21.386749603469994,-0.019971931643073336,0.019971931643073336,8.210926102412757e-05,12.983070993755835,0.04488752689549786,0.049130114230985025,0.09446854717298785,0.4241351193942923,0.8333333333333334,0.5,6628,10812
Reactome_2022,RUNX3 Regulates NOTCH Signaling R-HSA-8941856,11,43.688501756073016,-0.03241426880366631,0.03241426880366631,-0.03822617122504956,7.072887919033338,0.04485990387835671,0.05534524187364022,0.14864466028186252,0.27656377402446125,0.3333333333333333,0.3333333333333333,6628,10812
MSigDB_Hallmark_2020,Pancreas Beta Cells,16,67.31564704100805,-0.042832893754509264,0.042832893754509264,-0.00033790846140294823,13.141791936781335,0.04485321813979186,0.06201989974903885,0.1404129022352648,0.732417006406523,0.6666666666666666,0.3333333333333333,6628,10812
Reactome_2022,FGFR1 Mutant Receptor Activation R-HSA-1839124,21,125.5074041004275,0.04522492789870322,0.04522492789870322,0.056003703897268345,13.057058355182662,0.044807916119452125,0.0636635174209748,0.11007179985033488,0.3095981362842167,0.16666666666666666,0.16666666666666666,6628,10812
Reactome_2022,Notch-HLH Transcription Pathway R-HSA-350054,25,0.25721327850404896,0.00845442583774266,0.00845442583774266,-0.03196689492402553,15.80116096159616,0.044779551090697214,0.04557066503936773,0.09632652210901528,0.10437973209085614,0.3333333333333333,0.8333333333333334,6628,10812
Reactome_2022,Pre-NOTCH Processing In Golgi R-HSA-1912420,15,77.06082781657372,-0.03182333826759518,0.03182333826759518,-0.0637667294148808,8.539558211363193,0.04461414641598175,0.054800975528912305,0.13390973470086498,0.39859056493884676,0.3333333333333333,0.3333333333333333,6628,10812
KEGG_2019_Mouse,Melanogenesis,52,283.0461487092375,0.05046606795203944,0.05046606795203944,0.05463578907044148,22.960771444021287,0.044611563736983786,0.06735737252594425,0.11240683596850665,-0.0341642399534071,0.3333333333333333,0.16666666666666666,6628,10812
Reactome_2022,SHC1 Events In ERBB2 Signaling R-HSA-1250196,16,91.82373189972937,0.05169040831740517,0.05169040831740517,-0.020635947500043918,18.30665101479137,0.04453557559926774,0.06822987473224734,0.13627389585027178,0.7964123471170647,0.16666666666666666,0.16666666666666666,6628,10812
Reactome_2022,Defective B3GAT3 Causes JDSSDHD R-HSA-3560801,13,183.1757366206955,0.07396703357171258,0.07396703357171258,0.006221879606887486,13.54985878707169,0.044521344140860966,0.08633233542252766,0.1476379988823303,0.05976703552708212,0.3333333333333333,0.16666666666666666,6628,10812
Reactome_2022,NRIF Signals Cell Death From Nucleus R-HSA-205043,11,92.26521089394943,0.05986541246235614,0.05986541246235614,0.020212096060540176,10.653035356597574,0.0444998931329622,0.07459294938620595,0.13803906684727515,0.4248806057076296,0.16666666666666666,0.3333333333333333,6628,10812
Reactome_2022,GAB1 Signalosome R-HSA-180292,12,4.557585397919424,-0.00041643435897714275,0.00041643435897714275,-0.05321867728582978,12.946413855605716,0.044478438394634494,0.04448038780856833,0.09788880134645092,0.8186953989516598,0.16666666666666666,1.0,6628,10812
Reactome_2022,Regulation Of TP53 Activity Thru Acetylation R-HSA-6804758,26,0.18937193042688444,0.00805519584707105,0.00805519584707105,-0.02122152675713545,13.300566997815869,0.04445651073438472,0.04518038874125735,0.09118015950440285,0.07124053581828772,0.3333333333333333,0.16666666666666666,6628,10812
Reactome_2022,Formation Of A Pool Of Free 40S Subunits R-HSA-72689,14,1539.0255790665806,0.21521705926029436,0.21521705926029436,0.12978365957821408,13.47572483917164,0.044440229548600385,0.21975740396851562,0.2654654554584215,0.10202679091438555,0.5,0.16666666666666666,6628,10812
Reactome_2022,RNA Polymerase II Transcription Termination R-HSA-73856,58,1166.1467157961517,0.1175315489131842,0.1175315489131842,0.05896457500451586,26.112104137866357,0.04442953654467414,0.12564891049072707,0.17458510695097088,-0.0799883517763541,0.16666666666666666,0.16666666666666666,6628,10812
Reactome_2022,TNFR2 Non-Canonical NF-kB Pathway R-HSA-5668541,62,4170.117358827796,0.2314722430712519,0.2314722430712519,0.19133330578736488,18.20749728477514,0.0444239521081011,0.2356965991127992,0.2971990633033536,0.23324403028538146,0.8333333333333334,0.16666666666666666,6628,10812
Reactome_2022,Signaling By EGFR In Cancer R-HSA-1643713,17,14.151213462801001,0.02348472266114383,0.02348472266114383,-0.016194584580474996,15.203847689966809,0.04442251856199262,0.05024830697507551,0.12303474423385677,0.5956552125800815,0.16666666666666666,0.16666666666666666,6628,10812
Reactome_2022,VEGFA-VEGFR2 Pathway R-HSA-4420097,75,1085.6804864716114,0.10953419805922618,0.10953419805922618,0.03405843402369165,29.96486581892183,0.04441643591778306,0.11819712485554085,0.17311360609963752,0.0322189866045428,0.16666666666666666,0.16666666666666666,6628,10812
Reactome_2022,Vif-mediated Degradation Of APOBEC3G R-HSA-180585,46,2527.585164384662,0.19658920607505823,0.19658920607505823,0.18484721432061046,14.148311228109094,0.04439372188486321,0.20153937205422737,0.2603354609637629,0.2745253348864298,0.8333333333333334,0.16666666666666666,6628,10812
Reactome_2022,Miscellaneous Transport And Binding Events R-HSA-5223345,17,464.859211874568,-0.08740607896372161,0.08740607896372161,-0.10901316040388585,11.2641674003113,0.04438856644854242,0.09803146163946043,0.14893109116413566,0.5588817705299941,0.6666666666666666,0.3333333333333333,6628,10812
Reactome_2022,Regulation Of TP53 Expression And Degradation R-HSA-6806003,29,150.69859709824127,0.06082098834867311,0.06082098834867311,-0.007454242066434459,18.168817355736202,0.0443400768452128,0.07526775563512442,0.1170089174618322,0.1118229470005824,0.5,0.3333333333333333,6628,10812
Reactome_2022,Regulation Of TP53 Degradation R-HSA-6804757,29,150.69859709824127,0.06082098834867311,0.06082098834867311,-0.007454242066434459,18.168817355736202,0.0443400768452128,0.07526775563512442,0.1170089174618322,0.1118229470005824,0.5,0.3333333333333333,6628,10812
KEGG_2019_Mouse,Insulin secretion,35,126.26371891614359,-0.03959803476657686,0.03959803476657686,-0.02487030160563948,21.143214763289777,0.04429910290849531,0.05941729441730318,0.16019685224328511,0.3395340710541642,0.3333333333333333,0.3333333333333333,6628,10812
KEGG_2019_Mouse,mTOR signaling pathway,111,0.0383745462582503,0.005994161909877621,0.005994161909877621,-0.0054934801992197095,22.595682068143343,0.044268854430932786,0.04467282674768796,0.08662114328872642,0.10397204426324984,0.3333333333333333,0.8333333333333334,6628,10812
KEGG_2019_Mouse,N-Glycan biosynthesis,39,4.097787977033521,0.011690019898961915,0.011690019898961915,-0.004602421306894413,16.19080156706148,0.044233100574716556,0.045751762279622805,0.08969943848834824,-0.020489225393127544,0.3333333333333333,0.5,6628,10812
Reactome_2022,Degradation Of GLI1 By Proteasome R-HSA-5610780,50,2080.662674295753,0.1724327012220058,0.1724327012220058,0.15215769590206732,15.481955818245478,0.04421177859401913,0.178010443000303,0.2343767551352502,0.214944670937682,0.8333333333333334,0.16666666666666666,6628,10812
Reactome_2022,ERCC6 (CSB) And EHMT2 (G9a) Positively Regulate rRNA Expression R-HSA-427389,15,25.028394308825536,0.0344614007258505,0.0344614007258505,0.00042924682894743054,10.043962975277438,0.0441994282161583,0.05604620945811574,0.11430187250898043,0.19355853232382064,0.3333333333333333,0.16666666666666666,6628,10812
Reactome_2022,MAPK Targets/ Nuclear Events Mediated By MAP Kinases R-HSA-450282,21,1962.2263429366799,0.19130119636357387,0.19130119636357387,0.1306588928500993,15.484772820892545,0.04419657379255606,0.1963402273227152,0.24841597294731027,0.15603960396039604,0.16666666666666666,0.16666666666666666,6628,10812
Reactome_2022,VLDLR Internalisation And Degradation R-HSA-8866427,12,789.9893365310569,0.15579644308165308,0.15579644308165308,0.15939997358358815,8.568533607868476,0.04416929395001373,0.1619365869868125,0.23546568943641982,0.49246359930110656,1.0,0.3333333333333333,6628,10812
KEGG_2019_Mouse,Circadian rhythm,26,174.6771601023917,-0.03919378681599226,0.03919378681599226,-0.067578790431133,14.283588528334281,0.04415869580955881,0.05904357154321369,0.1205358866469636,0.3500757134536983,0.3333333333333333,0.3333333333333333,6628,10812
Reactome_2022,Centrosome Maturation R-HSA-380287,60,2125.7367418661206,0.14487961198857485,0.14487961198857485,0.08587490251758534,30.89356467119012,0.044141394320534724,0.1514548271350932,0.20036034628342164,0.07691322073383808,0.16666666666666666,0.16666666666666666,6628,10812
Reactome_2022,Recruitment Of NuMA To Mitotic Centrosomes R-HSA-380320,60,1963.4285423265303,0.14044299596965645,0.14044299596965645,0.07926904529516753,31.106572106629343,0.04409585104703261,0.14720285050397303,0.19764759827355466,0.09648223645894,0.16666666666666666,0.16666666666666666,6628,10812
Reactome_2022,Selective Autophagy R-HSA-9663891,53,94.616752535083,0.04487732057429547,0.04487732057429547,0.006554588557257089,15.27301926917013,0.04408271817157894,0.06290675594340354,0.12478999857289355,0.23630751310425158,0.6666666666666666,0.5,6628,10812
Reactome_2022,Collagen Chain Trimerization R-HSA-8948216,17,3845.9336396320286,0.32029986237675273,0.32029986237675273,0.2748212164527449,10.427097567413778,0.04405442359143498,0.32331531679854003,0.3834391638214733,0.6640768782760629,0.16666666666666666,0.16666666666666666,6628,10812
KEGG_2019_Mouse,Viral carcinogenesis,136,2839.023121923871,0.15323848676444746,0.15323848676444746,0.07030236188326867,37.78884501710009,0.043956440720428536,0.15941832550452378,0.21788793300710152,0.07064647641234711,0.16666666666666666,0.16666666666666666,6628,10812
MSigDB_Hallmark_2020,Epithelial Mesenchymal Transition,126,7803.72709735175,0.2538469257116379,0.2538469257116379,0.16413934997479665,39.433364971936484,0.0439527403557689,0.2576239606054364,0.31686396053184906,0.48647641234711697,0.16666666666666666,0.16666666666666666,6628,10812
Reactome_2022,DARPP-32 Events R-HSA-180024,20,225.94026359194763,0.0513855555418904,0.0513855555418904,0.09979244756521936,16.64840103328261,0.04394483230843881,0.06761378265535446,0.12508254700299412,0.6401980198019802,0.3333333333333333,0.16666666666666666,6628,10812
KEGG_2019_Mouse,Serotonergic synapse,50,261.57701273822425,-0.036590123030803216,0.036590123030803216,-0.08554298782436966,19.416273877582036,0.04394192527293488,0.05718155209594709,0.10830020353845614,0.7562958648806056,0.3333333333333333,0.3333333333333333,6628,10812
Reactome_2022,Antiviral Mechanism By IFN-stimulated Genes R-HSA-1169410,61,1655.520357857749,0.132570332943871,0.132570332943871,0.08223950819687657,22.8521543372915,0.043805242388920265,0.1396201720296923,0.1870286792628741,0.08680256260920208,0.16666666666666666,0.16666666666666666,6628,10812
KEGG_2019_Mouse,ECM-receptor interaction,45,4406.150598375433,0.22497131890867353,0.22497131890867353,0.1433141225611167,27.352552911929866,0.04380119030871587,0.22919563391122533,0.27644850724141895,0.21418753640069887,0.16666666666666666,0.16666666666666666,6628,10812
Reactome_2022,RIPK1-mediated Regulated Necrosis R-HSA-5213460,24,1703.4280251947032,0.17296103001208438,0.17296103001208438,0.12108810648656447,17.736891429627626,0.04377503615088146,0.17841460616455188,0.2316619503670962,0.2908328479906814,0.16666666666666666,0.16666666666666666,6628,10812
Reactome_2022,Oncogene Induced Senescence R-HSA-2559585,24,1557.362156993349,0.16604681416440173,0.16604681416440173,0.09304449295699116,19.49870148737688,0.04374837103974283,0.17171332057466707,0.2256094135657927,0.023890506697728596,0.3333333333333333,0.3333333333333333,6628,10812
Reactome_2022,Signaling By Non-Receptor Tyrosine Kinases R-HSA-9006927,35,378.3265588611282,0.07962512220951451,0.07962512220951451,-0.005670107145475891,26.200602572872796,0.04374018040076104,0.09084802402018019,0.12994466677039093,-0.017868375072801396,0.16666666666666666,0.16666666666666666,6628,10812
KEGG_2019_Mouse,Amino sugar and nucleotide sugar metabolism,40,271.3445786364117,0.058966626148050795,0.058966626148050795,0.05230591953550642,16.07371733644633,0.04373161499578916,0.07341333086997157,0.12693524563846456,-0.1597903319743739,0.3333333333333333,0.16666666666666666,6628,10812
Reactome_2022,Regulated Necrosis R-HSA-5218859,36,2424.384245127337,0.18343396268812737,0.18343396268812737,0.12564823895226793,23.531629919804807,0.04372157814177067,0.188572519372989,0.23048145777293536,0.1106697728596389,0.16666666666666666,0.16666666666666666,6628,10812
Reactome_2022,Separation Of Sister Chromatids R-HSA-2467813,120,2716.817497830961,0.16166725112329408,0.16166725112329408,0.12054574432727667,25.94263279988623,0.043705143764763504,0.16747071289410842,0.21986229714967087,-0.06725684333139197,0.5,0.16666666666666666,6628,10812
KEGG_2019_Mouse,AGE-RAGE signaling pathway in diabetic complications,77,2804.63460000335,0.15644540037735633,0.15644540037735633,0.07245016408497094,36.78278879479667,0.043703196460316375,0.16243501063527016,0.22026855572524118,0.19818287711124055,0.16666666666666666,0.16666666666666666,6628,10812
Reactome_2022,Hh Mutants Abrogate Ligand Secretion R-HSA-5387390,49,2051.9450070720995,0.17521160197226554,0.17521160197226554,0.1643617093603879,13.870356670141842,0.04367857335375793,0.1805738719635463,0.2429587135358253,0.2974839836924869,0.8333333333333334,0.16666666666666666,6628,10812
Reactome_2022,Degradation Of AXIN R-HSA-4641257,47,2112.1259644886836,0.17836067630222316,0.17836067630222316,0.16387119612493858,13.996067307512185,0.04365079152924835,0.18362440592719792,0.24243153312098378,0.2984158415841584,0.8333333333333334,0.16666666666666666,6628,10812
Reactome_2022,Gene Silencing By RNA R-HSA-211000,54,1685.085762402981,0.13716097197882612,0.13716097197882612,0.06792179791663064,29.89134488678662,0.043608745101344645,0.14392656072973595,0.19321294464289196,0.025334886429819452,0.16666666666666666,0.16666666666666666,6628,10812
KEGG_2019_Mouse,Glycosaminoglycan biosynthesis,32,9.617396640893034,-0.010662476971726531,0.010662476971726531,-0.006626803230167127,20.244392427222838,0.04357717433387662,0.044862663074071656,0.11913128704690644,-0.10708211997670355,0.3333333333333333,0.6666666666666666,6628,10812
Reactome_2022,COPI-dependent Golgi-to-ER Retrograde Traffic R-HSA-6811434,51,214.6366123364152,0.04499264587174334,0.04499264587174334,0.06829974730378092,20.909084368511053,0.04353993211942199,0.06261041344300464,0.10382121402693498,0.013861386138613862,0.16666666666666666,0.16666666666666666,6628,10812
Reactome_2022,Sphingolipid Metabolism R-HSA-428157,61,248.29900579788176,-0.040420720891198844,0.040420720891198844,-0.06408682730220035,20.37233506875562,0.04350385614423396,0.05938366927685088,0.12964408354483148,0.09355853232382061,0.3333333333333333,0.3333333333333333,6628,10812
KEGG_2019_Mouse,Arrhythmogenic right ventricular cardiomyopathy (ARVC),36,1473.73712062704,0.1368987057755328,0.1368987057755328,0.0771733439192961,23.176914164501937,0.04350035785630637,0.1436437843299967,0.18971190685833006,0.012999417588817704,0.16666666666666666,0.16666666666666666,6628,10812
Reactome_2022,APC/C:Cdc20 Mediated Degradation Of Mitotic Proteins R-HSA-176409,60,2209.6094831007517,0.1683289641455018,0.1683289641455018,0.15029097577646275,16.708340569059093,0.043450366098258544,0.17384641061687278,0.22713405464262532,0.16676761793826442,0.8333333333333334,0.16666666666666666,6628,10812
Reactome_2022,Activation Of APC/C And APC/C:Cdc20 Mediated Degradation Of Mitotic Proteins R-HSA-176814,60,2209.6094831007517,0.1683289641455018,0.1683289641455018,0.15029097577646275,16.708340569059093,0.043450366098258544,0.17384641061687278,0.22713405464262532,0.16676761793826442,0.8333333333333334,0.16666666666666666,6628,10812
Reactome_2022,Spry Regulation Of FGF Signaling R-HSA-1295596,13,852.750699118535,0.14833472079555904,0.14833472079555904,0.13044471459801657,8.884653921504787,0.04342994163719079,0.15456179742778048,0.23882959471485996,0.19237041351193943,0.16666666666666666,0.16666666666666666,6628,10812
Reactome_2022,Synthesis Of PA R-HSA-1483166,23,3.0047945003228294,0.010210122393981494,0.010210122393981494,0.005029762080624003,12.306753597767258,0.04339462143472412,0.04457958914977909,0.09265028525101925,0.21614443797320906,0.6666666666666666,0.8333333333333334,6628,10812
Reactome_2022,Activation Of SMO R-HSA-5635838,14,1.3541586482497203,-0.000688732962187053,0.000688732962187053,0.030822741590116207,14.066556057699843,0.043389285754966485,0.04339475165753733,0.09843041518357448,0.5244379732090856,0.3333333333333333,1.0,6628,10812
Reactome_2022,Mitotic Spindle Checkpoint R-HSA-69618,68,2100.0097123224587,0.1488681010268249,0.1488681010268249,0.09072535378381448,24.164036055549687,0.04337673528021149,0.1550588683916612,0.20817355549391606,-0.03058823529411765,0.16666666666666666,0.16666666666666666,6628,10812
Reactome_2022,"Base-Excision Repair, AP Site Formation R-HSA-73929",11,394.2878757442112,0.11120472756310035,0.11120472756310035,0.06480974234730001,14.745373447502468,0.043358289100656686,0.11935842101049889,0.15627371601704834,0.02237623762376238,0.3333333333333333,0.3333333333333333,6628,10812
Reactome_2022,SUMOylation R-HSA-2990846,139,846.4054352456958,0.0881856927769562,0.0881856927769562,0.02259323355058089,34.54864644060507,0.043205126342992894,0.09820081136561797,0.1523306246510715,0.07962725684333138,0.16666666666666666,0.16666666666666666,6628,10812
Reactome_2022,HCMV Infection R-HSA-9609646,78,2335.1653510131596,0.15422328801466353,0.15422328801466353,0.08852379793491646,29.118627133362374,0.04316486315036258,0.16015001709910423,0.21638737411543643,0.03317414094350611,0.16666666666666666,0.16666666666666666,6628,10812
Reactome_2022,SARS-CoV-1 Infection R-HSA-9678108,43,77.40750234824226,0.031191615128610583,0.031191615128610583,0.02903579722332265,16.604564710915085,0.04292503168168961,0.053061051621744404,0.10337364480700521,-0.009167152009318578,0.3333333333333333,0.16666666666666666,6628,10812
Reactome_2022,Sema4D In Semaphorin Signaling R-HSA-400685,22,1526.1171653630174,0.16584822200925797,0.16584822200925797,0.10924966610903111,12.240524196867517,0.04289658070568711,0.17130601092743847,0.2412347441805122,-0.035666860803727427,0.16666666666666666,0.16666666666666666,6628,10812
Reactome_2022,O-linked Glycosylation R-HSA-5173105,41,295.7150009744303,-0.05191766867098179,0.05191766867098179,-0.03771346982974875,24.344724995670653,0.0428816086070509,0.06733703792830618,0.16134618255285388,-0.26536983110075707,0.3333333333333333,0.3333333333333333,6628,10812
Reactome_2022,Translation Of Structural Proteins R-HSA-9683701,23,23.517429373793846,-0.02078245008547544,0.02078245008547544,-0.008663104398725923,17.84622946412906,0.042824667874995156,0.04760107572480816,0.11452831368617981,0.14027955736750145,0.3333333333333333,0.16666666666666666,6628,10812
Reactome_2022,Late Endosomal Microautophagy R-HSA-9615710,24,1063.5448250565357,0.1432457376300027,0.1432457376300027,0.10212613022180166,12.80506053583363,0.04278863275081429,0.14949986100945925,0.20099230761242984,0.1577402446126966,0.5,0.16666666666666666,6628,10812
Reactome_2022,GAG Synthesis Requires Tetrasaccharide Linker Sequence R-HSA-1971475,17,74.40097685400197,0.04759784590123478,0.04759784590123478,-0.015832962731650864,15.359064623425608,0.04276201620874775,0.0639855058952799,0.12066803416460259,-0.016260920209668024,0.3333333333333333,0.16666666666666666,6628,10812
Reactome_2022,Sema4D Induced Cell Migration And Growth-Cone Collapse R-HSA-416572,19,1111.44865760849,0.14765889059893034,0.14765889059893034,0.10309897583727197,10.266760419255721,0.0427298091949245,0.15371722273948854,0.2231230974912468,-0.03513104251601631,0.16666666666666666,0.16666666666666666,6628,10812
Reactome_2022,GLI3 Is Processed To GLI3R By Proteasome R-HSA-5610785,50,2183.7202973240287,0.17582769809457538,0.17582769809457538,0.15944199394098021,14.394916054245872,0.04269159069985113,0.18093631844856567,0.2348948387351177,0.25463016889924284,0.8333333333333334,0.16666666666666666,6628,10812
Reactome_2022,Degradation Of GLI2 By Proteasome R-HSA-5610783,50,2183.7202973240287,0.17582769809457538,0.17582769809457538,0.15944199394098021,14.394916054245872,0.04269159069985113,0.18093631844856567,0.2348948387351177,0.25463016889924284,0.8333333333333334,0.16666666666666666,6628,10812
Reactome_2022,CDK-mediated Phosphorylation And Removal Of Cdc6 R-HSA-69017,59,2340.4575704671597,0.17421592737280484,0.17421592737280484,0.15777866391518638,15.59967436232761,0.042667145502754814,0.17936464159839208,0.2342663924921105,0.21292952824694233,0.8333333333333334,0.16666666666666666,6628,10812
KEGG_2019_Mouse,Calcium signaling pathway,77,15.526874326204055,-0.009626473191558191,0.009626473191558191,-0.010115256076336924,28.490627220730598,0.042650369087054545,0.04372325433187432,0.1192385316579425,0.1774490390215492,0.3333333333333333,0.3333333333333333,6628,10812
Reactome_2022,ISG15 Antiviral Mechanism R-HSA-1169408,58,1361.3311644144521,0.12337639515069401,0.12337639515069401,0.07684290092199086,20.209133023807045,0.04264616135134064,0.13053899784503004,0.18103991587336676,0.07786837507280138,0.16666666666666666,0.16666666666666666,6628,10812
Reactome_2022,"Inactivation, Recovery And Regulation Of Phototransduction Cascade R-HSA-2514859",10,1786.3681012068187,0.23835494797079057,0.23835494797079057,0.15972685922692023,9.545166058416068,0.042638596035169195,0.242138660882579,0.29626270145189665,0.43127548048922537,0.5,0.16666666666666666,6628,10812
Reactome_2022,Phototransduction Cascade R-HSA-2514856,10,1786.3681012068187,0.23835494797079057,0.23835494797079057,0.15972685922692023,9.545166058416068,0.042638596035169195,0.242138660882579,0.29626270145189665,0.43127548048922537,0.5,0.16666666666666666,6628,10812
Reactome_2022,RA Biosynthesis Pathway R-HSA-5365859,10,7.664626442653652,-0.018473977270758748,0.018473977270758748,0.006425454910451517,9.828028542951465,0.0426340824928628,0.04646453299247438,0.14878168924765872,0.8981129877693651,1.0,0.5,6628,10812
Reactome_2022,Triglyceride Metabolism R-HSA-8979227,21,328.937817341505,-0.07266176587833366,0.07266176587833366,-0.06745068805930837,11.048226882460954,0.0425128612098475,0.08418477052772388,0.16215598843124746,0.7113686662783926,0.6666666666666666,0.16666666666666666,6628,10812
Reactome_2022,RAB Geranylgeranylation R-HSA-8873719,42,255.13489901623132,0.056177079220054736,0.056177079220054736,0.046016735228168563,16.279375496724494,0.042478162790126464,0.07042910295979064,0.12429365586695057,-0.03156668608037274,0.3333333333333333,0.16666666666666666,6628,10812
KEGG_2019_Mouse,Phosphatidylinositol signaling system,73,0.31605240102998067,0.0024546783852761535,0.0024546783852761535,-0.009010171169602694,23.547105360628617,0.04245717414729229,0.042528074051720786,0.08782189025415416,0.06899242865463016,0.3333333333333333,0.8333333333333334,6628,10812
Reactome_2022,SUMO E3 Ligases SUMOylate Target Proteins R-HSA-3108232,134,772.2420843583725,0.08498559195918329,0.08498559195918329,0.020321718135984424,33.02741480422897,0.04242736732868443,0.09498753780941961,0.14954953562695555,0.07150844496214327,0.16666666666666666,0.16666666666666666,6628,10812
Reactome_2022,VxPx Cargo-Targeting To Cilium R-HSA-5620916,16,60.34772388890441,0.036340777366059965,0.036340777366059965,0.04522059056195898,8.593301631524426,0.04237661336911241,0.055824989567439885,0.10536118825807594,0.3886196854979615,0.6666666666666666,0.6666666666666666,6628,10812
Reactome_2022,Regulation Of Actin Dynamics For Phagocytic Cup Formation R-HSA-2029482,42,2544.659022004574,0.18226977500369776,0.18226977500369776,0.09165143828550767,26.68150040148548,0.04231145327875202,0.18711635406467986,0.2400019910089875,0.02378567268491555,0.16666666666666666,0.16666666666666666,6628,10812
Reactome_2022,Mitochondrial Iron-Sulfur Cluster Biogenesis R-HSA-1362409,11,104.6818159088674,-0.060445008112809194,0.060445008112809194,-0.025471857757144174,9.567807470846645,0.042294459214204216,0.07377276113837382,0.1414573368391258,-0.044589400116482235,1.0,0.3333333333333333,6628,10812
Reactome_2022,Synaptic Adhesion-Like Molecules R-HSA-8849932,10,227.01489507939442,0.08898193914312977,0.08898193914312977,0.057744093427633064,6.169742406440846,0.04226932694345113,0.09851132672908232,0.1579025275251968,0.496365754222481,0.8333333333333334,0.16666666666666666,6628,10812
Reactome_2022,APC/C-mediated Degradation Of Cell Cycle Proteins R-HSA-174143,66,2167.085422879479,0.16031057590205797,0.16031057590205797,0.14314244270193485,17.01700854006803,0.04223829430929296,0.16578164630684522,0.21936096330065313,0.1279324403028538,0.8333333333333334,0.16666666666666666,6628,10812
Reactome_2022,PPARA Activates Gene Expression R-HSA-1989781,92,46.809294879973685,0.020093945828681025,0.020093945828681025,0.02436961319595679,22.146053166791777,0.042200548590173796,0.04674027129015821,0.0821218699444011,0.17740244612696565,0.3333333333333333,0.5,6628,10812
Reactome_2022,Nucleotide Salvage R-HSA-8956321,15,1260.2952136212255,0.16861054055804361,0.16861054055804361,0.14153818157819825,12.050841508932862,0.04219198539767008,0.17380931511018863,0.21662762860494966,-0.2678974956319161,1.0,0.3333333333333333,6628,10812
Reactome_2022,ERK/MAPK Targets R-HSA-198753,16,1735.8951158231944,0.19652242345285173,0.19652242345285173,0.14568382784035577,11.109347407543963,0.04217487310250427,0.20099697221847473,0.24770535822066816,0.17381479324403026,0.16666666666666666,0.16666666666666666,6628,10812
Reactome_2022,TNF Signaling R-HSA-75893,36,133.23426290278195,0.04186901497192016,0.04186901497192016,0.03597544321648933,15.239427387889302,0.04216954080862838,0.05942461263423976,0.10727588928316922,-0.028177052999417588,0.3333333333333333,0.16666666666666666,6628,10812
Reactome_2022,Signaling By ERBB2 In Cancer R-HSA-1227990,20,213.70035533705914,0.07278620007216169,0.07278620007216169,-0.00416367622261025,19.63243084445651,0.04213393053426309,0.08410171831306928,0.1344911777272328,0.5158765288293534,0.16666666666666666,0.16666666666666666,6628,10812
Reactome_2022,Regulation Of Lipid Metabolism By PPARalpha R-HSA-400206,94,53.88541828368598,0.021477414781661465,0.021477414781661465,0.02564384693899372,22.13870214186976,0.04210938718210845,0.04727028490030761,0.0825319442865935,0.17358182877111242,0.3333333333333333,0.5,6628,10812
Reactome_2022,Regulation Of Ornithine Decarboxylase (ODC) R-HSA-350562,46,2520.0675540048405,0.196806899479219,0.196806899479219,0.18460839277475455,12.379649567171482,0.042076937273821335,0.20125462561881277,0.25953305301440666,0.36087361677344204,0.8333333333333334,0.16666666666666666,6628,10812
Reactome_2022,TP53 Regulates Metabolic Genes R-HSA-5628897,71,148.29546965367177,0.043602124049107474,0.043602124049107474,0.041605657150638665,15.142101823197326,0.04207290737352067,0.060591045183711834,0.11186781711447968,0.3457076295864881,1.0,0.5,6628,10812
Reactome_2022,Oxidative Stress Induced Senescence R-HSA-2559580,48,463.3778624344208,0.07971549689348267,0.07971549689348267,0.028397944662859255,22.431744230181234,0.04206209443552645,0.09013201558424172,0.13693233628090298,0.054280722189866036,0.16666666666666666,0.16666666666666666,6628,10812
Reactome_2022,Regulation Of TNFR1 Signaling R-HSA-5357905,28,278.4003359472184,0.06615782909312168,0.06615782909312168,0.0530099638004988,12.498477539132283,0.042000484215958984,0.07836388852456035,0.13375862684460132,0.004507862550960978,0.5,0.16666666666666666,6628,10812
Reactome_2022,Apoptosis R-HSA-109581,133,3214.0194631246127,0.17031789445121126,0.17031789445121126,0.1298966265497393,24.361890869288438,0.04198765335688861,0.1754170693082979,0.23057236720190483,-0.03613278974956319,0.5,0.16666666666666666,6628,10812
Reactome_2022,Chaperonin-mediated Protein Folding R-HSA-390466,56,3973.8848981903157,0.20298050069138157,0.20298050069138157,0.14343123399348717,24.48772899214906,0.04190011692511735,0.2072599900107651,0.25063933667083516,0.002516016307513104,0.3333333333333333,0.16666666666666666,6628,10812
Reactome_2022,Maturation Of Nucleoprotein R-HSA-9683610,10,7.509363098427697,0.010527340043983662,0.010527340043983662,0.031314004360474,9.29679783581339,0.04189721429837518,0.043199553867669,0.08634718490304837,-0.14974956319161326,0.3333333333333333,0.16666666666666666,6628,10812
Reactome_2022,Transcriptional Regulation Of Pluripotent Stem Cells R-HSA-452723,10,1235.7944960478294,0.1898814125900033,0.1898814125900033,0.14344752766825244,10.1772634998108,0.041846461277693814,0.19443784911544498,0.24354794296316862,0.6310308677926616,0.3333333333333333,0.16666666666666666,6628,10812
Reactome_2022,RHOBTB1 GTPase Cycle R-HSA-9013422,22,1170.6486023647424,0.1482443464713162,0.1482443464713162,0.10209745797518324,14.073781553311198,0.041835497818862345,0.15403439595901838,0.20568258819419485,-0.04200349446709376,0.16666666666666666,0.16666666666666666,6628,10812
Reactome_2022,Heme Signaling R-HSA-9707616,34,102.54759413239788,0.042100390304610456,0.042100390304610456,0.011308898755144474,15.703382026903588,0.04180509282318748,0.05933050353533046,0.11365036783352737,-0.17309260337798482,0.3333333333333333,0.16666666666666666,6628,10812
KEGG_2019_Mouse,Proteasome,42,2963.954997154682,0.2163063041459224,0.2163063041459224,0.2054311476438439,15.102965284516372,0.04175063162163639,0.2202987345721121,0.26808128394289,0.29952242283051833,1.0,0.3333333333333333,6628,10812
Reactome_2022,"Nucleotide-binding Domain, Leucine Rich Repeat Containing NLR Signaling Pathways R-HSA-168643",39,1058.8663096521411,0.1192307534062017,0.1192307534062017,0.06940512860121756,17.99823440155171,0.041645551302584204,0.12629459410880048,0.19295923809250648,0.03115899825276645,0.6666666666666666,0.16666666666666666,6628,10812
Reactome_2022,Downstream TCR Signaling R-HSA-202424,67,2086.1534112183467,0.16156111186764624,0.16156111186764624,0.135332424830869,15.777386746494264,0.04162840326138626,0.16683799575037667,0.22814034820063941,0.2564589400116482,0.8333333333333334,0.16666666666666666,6628,10812
Reactome_2022,RUNX2 Regulates Osteoblast Differentiation R-HSA-8940973,14,1369.5673008427577,0.1902557700687628,0.1902557700687628,0.1057701809925325,11.686004870146016,0.04159535811842143,0.1947496645990891,0.2716750381814148,0.1514036109493302,0.5,0.16666666666666666,6628,10812
Reactome_2022,COPII-mediated Vesicle Transport R-HSA-204005,52,24.476284183976194,0.014023581491278414,0.014023581491278414,0.037165705147098285,18.532519580322507,0.04159503446996457,0.043895418102577265,0.08211836893654306,0.16514851485148516,0.5,0.6666666666666666,6628,10812
Reactome_2022,Receptor Mediated Mitophagy R-HSA-8934903,10,74.11034597699192,-0.04799634855773998,0.04799634855773998,-0.030068319894952508,8.451152654414955,0.04157743882505318,0.06350065270630774,0.11783993762455786,0.24900407687827605,0.6666666666666666,0.3333333333333333,6628,10812
Reactome_2022,ERBB2 Regulates Cell Motility R-HSA-6785631,10,4.558197469496664,-0.003111863434862577,0.003111863434862577,-0.05120254254462776,10.322418913216712,0.04155715886030488,0.041673506530862645,0.05807328124558758,0.7941059988351776,0.16666666666666666,0.6666666666666666,6628,10812
Reactome_2022,COPI-mediated Anterograde Transport R-HSA-6807878,67,231.73597267829442,0.046676884854278816,0.046676884854278816,0.06289636162268038,19.47729210707657,0.04155261796022686,0.06249281269912701,0.11207727950327273,0.0782877111240536,0.5,0.16666666666666666,6628,10812
Reactome_2022,Regulation Of RAS By GAPs R-HSA-5658442,55,2405.8587227366934,0.17719559614461483,0.17719559614461483,0.15755921512776577,14.783020945237753,0.041536862905804176,0.1819988743731703,0.2383383397024018,0.25833430401863716,0.8333333333333334,0.16666666666666666,6628,10812
Reactome_2022,Signaling By VEGF R-HSA-194138,81,990.3742493843923,0.10218040822747476,0.10218040822747476,0.030275189249025836,27.577196311992385,0.04153664515727414,0.11030017550509472,0.16421609517344085,0.15581828771112405,0.16666666666666666,0.16666666666666666,6628,10812
Reactome_2022,"Adrenaline,noradrenaline Inhibits Insulin Secretion R-HSA-400042",12,647.3782329222597,0.11653043190943292,0.11653043190943292,0.1367926578710095,9.731367458173889,0.04152687238101906,0.1237086201149638,0.17037691330133337,0.4584857309260338,0.3333333333333333,0.16666666666666666,6628,10812
Reactome_2022,Aggrephagy R-HSA-9646399,18,435.2795156348127,0.10730936632433628,0.10730936632433628,0.06112867141479185,11.191802331699957,0.04139098123445468,0.11501527476157929,0.177539217453147,0.21550378567268488,0.6666666666666666,0.16666666666666666,6628,10812
Reactome_2022,RUNX1 Regulates Transcription Of Genes Involved In Differentiation Of HSCs R-HSA-8939236,57,2271.353061109435,0.1646551169798373,0.1646551169798373,0.14016993799350197,16.6086252197418,0.04133473570169822,0.16976415382280538,0.2201490091931339,0.18052417006406518,0.5,0.16666666666666666,6628,10812
Reactome_2022,MECP2 Regulates Neuronal Receptors And Channels R-HSA-9022699,10,3.598355604748539,0.021616626443154832,0.021616626443154832,-0.011544116334934199,8.269607377676882,0.04132567222484277,0.046637857193679494,0.09329709802477242,0.022387885847408265,0.8333333333333334,0.16666666666666666,6628,10812
Reactome_2022,PIWI-interacting RNA (piRNA) Biogenesis R-HSA-5601884,12,781.6570980223959,0.1541200841083025,0.1541200841083025,0.09852105650638916,10.376353739658258,0.04126343896184877,0.15954833662720677,0.20079314112068913,-0.0384391380314502,0.6666666666666666,0.3333333333333333,6628,10812
Reactome_2022,Downregulation Of ERBB2 Signaling R-HSA-8863795,20,2.0528417942347144,0.014228940838181056,0.014228940838181056,-0.035507838178111054,12.930455156052568,0.04125912925436044,0.04364376821728937,0.07654360166188304,0.4477111240535818,0.16666666666666666,0.5,6628,10812
Reactome_2022,Cell Junction Organization R-HSA-446728,53,4997.466935872258,0.21237297216351936,0.21237297216351936,0.15612463638316396,24.175019180021085,0.04125700657494013,0.21634329177742406,0.310062053346696,0.23875364006988933,0.16666666666666666,0.16666666666666666,6628,10812
Reactome_2022,Regulation Of TP53 Activity R-HSA-5633007,113,427.1575335541249,0.0678412995694939,0.0678412995694939,0.010076426176640155,32.133891537579146,0.041251855803033755,0.07939872501792523,0.12758290523324248,-0.09986022131624926,0.16666666666666666,0.16666666666666666,6628,10812
Reactome_2022,PI Metabolism R-HSA-1483255,61,65.97169830326874,-0.017931561077101053,0.017931561077101053,-0.027589764694888677,18.57768437242752,0.0411806652426466,0.04491534339720366,0.09468918619475022,0.4580314502038439,0.3333333333333333,0.3333333333333333,6628,10812
Reactome_2022,Hedgehog Ligand Biogenesis R-HSA-5358346,52,1757.2442511160982,0.1583085521342173,0.1583085521342173,0.15248078182164287,12.679172782371388,0.04114965185680459,0.163569225488074,0.22543706899702054,0.3613628421665696,0.8333333333333334,0.16666666666666666,6628,10812
Reactome_2022,Signal Regulatory Protein Family Interactions R-HSA-391160,10,277.5720683295969,0.11168416715363935,0.11168416715363935,-0.003628269745635228,11.92873406631232,0.04114159783868877,0.11902094044966399,0.17887728072576528,0.41719277810133953,0.16666666666666666,0.16666666666666666,6628,10812
Reactome_2022,Signaling By TGF-beta Receptor Complex R-HSA-170834,80,1849.5165080394297,0.13681559504042246,0.13681559504042246,0.0781540579874939,26.322633951847727,0.0411343459190006,0.14286546629766367,0.19051414991606935,0.04726849155503785,0.3333333333333333,0.16666666666666666,6628,10812
Reactome_2022,Telomere Extension By Telomerase R-HSA-171319,18,1140.5675445207203,0.15384633550946314,0.15384633550946314,0.1025012540764801,11.306130168864877,0.041133452929978165,0.15925029324818538,0.2055324975524911,0.3250436808386721,0.16666666666666666,0.16666666666666666,6628,10812
Reactome_2022,Signaling To RAS R-HSA-167044,16,1678.838998251183,0.1851572329521222,0.1851572329521222,0.14637927439787515,13.496719917546201,0.04112531188375779,0.1896694287227723,0.2757075111641092,0.5909842748980779,0.16666666666666666,0.3333333333333333,6628,10812
Reactome_2022,Downstream Signaling Events Of B Cell Receptor (BCR) R-HSA-1168372,67,2616.79887073833,0.1752245589731146,0.1752245589731146,0.1612934185981236,15.914209492278081,0.04112429239631223,0.17998570357786722,0.23567103841638065,0.28843331391962723,0.8333333333333334,0.16666666666666666,6628,10812
KEGG_2019_Mouse,cGMP-PKG signaling pathway,93,1.0984463391350796,0.004285518317073487,0.004285518317073487,0.006847200243699902,24.293564777101444,0.0411116301001225,0.041334390000764144,0.09595985879760556,0.32246942341292956,0.3333333333333333,0.8333333333333334,6628,10812
Reactome_2022,N-Glycan Antennae Elongation R-HSA-975577,11,121.4520676355455,0.06735127311217982,0.06735127311217982,0.008388996778939567,11.570728960177417,0.04107936646669649,0.07889048319750985,0.1240634783513202,-0.162527664531159,0.6666666666666666,0.3333333333333333,6628,10812
KEGG_2019_Mouse,Aldosterone synthesis and secretion,51,3.581127202486675,-0.007096758736519056,0.007096758736519056,-0.002882708848992492,22.745074522713452,0.04104473221105381,0.04165373965013798,0.11108638281686013,0.17354688410017474,0.3333333333333333,0.6666666666666666,6628,10812
Reactome_2022,NOD1/2 Signaling Pathway R-HSA-168638,27,45.400382901236725,0.029577039141029545,0.029577039141029545,0.015755642016822193,11.820235318422784,0.04095234504626025,0.05051629251180209,0.1046798710397788,0.07034362259755386,0.3333333333333333,0.16666666666666666,6628,10812
KEGG_2019_Mouse,Epstein-Barr virus infection,141,2762.5848000733426,0.14549034513841452,0.14549034513841452,0.08139831420308014,35.20558787287739,0.040908282649915896,0.15113215448031028,0.20748628001732722,-0.03226557949912638,0.16666666666666666,0.16666666666666666,6628,10812
Reactome_2022,ER To Golgi Anterograde Transport R-HSA-199977,108,180.19295255619562,0.038567283507609296,0.038567283507609296,0.05324623277191428,21.241818650819962,0.040886003042847285,0.05620587693449886,0.10568863344942221,0.11601630751310425,0.5,0.16666666666666666,6628,10812
KEGG_2019_Mouse,Long-term potentiation,40,92.40222169780627,0.030484704756254512,0.030484704756254512,0.04887966673038356,15.710376695988376,0.04087085196199846,0.05098768247504095,0.09152439592274131,0.3091438555620267,0.3333333333333333,0.16666666666666666,6628,10812
Reactome_2022,MTOR Signaling R-HSA-165159,35,303.74619302777387,0.07143320326228339,0.07143320326228339,0.05183170722619748,11.316642571457955,0.04084857613557048,0.0822879620638049,0.1477658631357266,0.08846825859056492,1.0,0.16666666666666666,6628,10812
Reactome_2022,Integration Of Energy Metabolism R-HSA-163685,58,965.3160515010599,0.09654967894135419,0.09654967894135419,0.08730553116807208,14.968005692918151,0.0408199652737075,0.10482418646774826,0.16183260933355625,0.1729528246942341,0.5,0.16666666666666666,6628,10812
Reactome_2022,Paradoxical Activation Of RAF Signaling By Kinase Inactive BRAF R-HSA-6802955,32,4556.321531875414,0.24108644542823293,0.24108644542823293,0.2669980880835008,16.036963311253203,0.04081354270707801,0.2445167058454754,0.2884289866776411,0.4272568433313919,0.5,0.16666666666666666,6628,10812
Reactome_2022,TBC/RABGAPs R-HSA-8854214,37,4.141672966949866,-0.004350485365753121,0.004350485365753121,0.0015605038089799505,13.18686803333895,0.040790472856110725,0.041021816131696774,0.09044725903602205,0.47694816540477575,0.8333333333333334,1.0,6628,10812
Reactome_2022,Sphingolipid De Novo Biosynthesis R-HSA-1660661,35,109.55517875553339,0.04618108056546676,0.04618108056546676,0.001392086712304343,15.017168644284714,0.04077672611242448,0.06160709045752618,0.1215816319487271,0.17332556785090275,0.6666666666666666,0.16666666666666666,6628,10812
Reactome_2022,COPI-independent Golgi-to-ER Retrograde Traffic R-HSA-6811436,32,316.00240680943654,0.07129092561642922,0.07129092561642922,0.051590354425585155,12.110353048941736,0.04066531013164283,0.08207352510615064,0.1486164299183338,0.06355270821199767,0.5,0.16666666666666666,6628,10812
Reactome_2022,NR1H3 And NR1H2 Regulate Gene Expression Linked To Cholesterol Transport And Efflux R-HSA-9029569,27,10.529543735054064,0.018381220548088252,0.018381220548088252,-0.007460634530360802,13.263958162254996,0.040659611259570426,0.04462144391004002,0.08722563080814445,0.29774024461269655,0.3333333333333333,0.16666666666666666,6628,10812
Reactome_2022,"Glutamate Binding, Activation Of AMPA Receptors And Synaptic Plasticity R-HSA-399721",17,857.2938776436597,0.14291136799696263,0.14291136799696263,0.09826642817530847,11.857904135739831,0.04058536453364458,0.14856254883749162,0.21279153998301814,0.4907396622015142,0.8333333333333334,0.3333333333333333,6628,10812
KEGG_2019_Mouse,Melanoma,51,844.38808456497,0.1041855187035765,0.1041855187035765,0.02888174796186183,22.48011742776378,0.04054243013223917,0.11179584495213037,0.15894961370637026,0.31999999999999995,0.16666666666666666,0.16666666666666666,6628,10812
KEGG_2019_Mouse,Signaling pathways regulating pluripotency of stem cells,84,832.5870265660667,0.07852909812648963,0.07852909812648963,0.07063747204031252,24.508048874506915,0.04043133071683793,0.08832616688215426,0.13253914612286272,0.008980780430984275,0.3333333333333333,0.16666666666666666,6628,10812
Reactome_2022,Apoptotic Factor-Mediated Response R-HSA-111471,13,1270.759564376404,0.18840900826609122,0.18840900826609122,0.09993082815521144,13.935751926048248,0.040358747064266176,0.19268311514092096,0.2520444272867082,0.18187536400698892,0.3333333333333333,0.16666666666666666,6628,10812
Reactome_2022,Butyrate Response Factor 1 Binds And Destabilizes mRNA R-HSA-450385,14,2039.212211736816,0.2250181733958261,0.2250181733958261,0.14563257114350978,14.214823086377901,0.04035098197602872,0.22860748042184426,0.27864773580180396,0.049213744903902144,0.16666666666666666,0.3333333333333333,6628,10812
Reactome_2022,Interferon Gamma Signaling R-HSA-877300,38,1166.3762488199911,0.1290400830756324,0.1290400830756324,0.06873376087936929,18.785820319017137,0.04031510124946905,0.1351911625400161,0.19388908876331173,-0.16334304018637155,0.8333333333333334,0.16666666666666666,6628,10812
Reactome_2022,EPHA-mediated Growth Cone Collapse R-HSA-3928663,15,416.6316542179419,0.10153389971806517,0.10153389971806517,0.046375672900547636,10.895887349052884,0.04030268996233421,0.10924028382496151,0.15373031481925933,0.3322655794991264,0.16666666666666666,0.16666666666666666,6628,10812
Reactome_2022,Glycosaminoglycan Metabolism R-HSA-1630316,70,572.5811780030202,-0.06026837501454584,0.06026837501454584,-0.06665704679590354,26.63619638353016,0.040270854681597655,0.07248461052996209,0.16903465229309683,-0.1683750728013978,0.3333333333333333,0.3333333333333333,6628,10812
KEGG_2019_Mouse,Aldosterone-regulated sodium reabsorption,27,531.5640495206686,-0.08761904372075406,0.08761904372075406,-0.08118850437404726,10.828127595600703,0.04026420840316007,0.09642771023348276,0.1988689432501562,0.40449621432731503,0.6666666666666666,0.3333333333333333,6628,10812
Reactome_2022,Golgi-to-ER Retrograde Transport R-HSA-8856688,83,333.1618637004323,0.05513174167692349,0.05513174167692349,0.06185757173628363,19.439634343818028,0.04024979225317734,0.06826093111549938,0.12031572653282264,0.03472335468841002,0.5,0.16666666666666666,6628,10812
Reactome_2022,Circadian Clock R-HSA-400253,53,0.16453745414700685,0.010517359940931337,0.010517359940931337,-0.03411024803335969,20.575460300179603,0.040214142779290016,0.041566719134425695,0.0829626044631282,0.2988584740827024,0.3333333333333333,0.16666666666666666,6628,10812
KEGG_2019_Mouse,Adrenergic signaling in cardiomyocytes,80,122.14736482650444,0.026952485133946512,0.026952485133946512,0.04244215730486306,25.206222350103047,0.04012739342513723,0.04833884729688281,0.07790472194523726,0.20719860221316247,0.3333333333333333,0.16666666666666666,6628,10812
Reactome_2022,mRNA Splicing - Minor Pathway R-HSA-72165,48,1678.1651734410834,0.14471901138080706,0.14471901138080706,0.10336996558486723,16.95375926721336,0.040126656040283565,0.15017902909532133,0.20051786848193787,0.21881188118811878,0.16666666666666666,0.16666666666666666,6628,10812
Reactome_2022,Neuronal System R-HSA-112316,122,179.0365754545733,0.036593034509124545,0.036593034509124545,0.03124608534593403,24.466724960710394,0.04012079817740897,0.054302197202123974,0.0928832764569508,0.22885264997087942,0.3333333333333333,0.16666666666666666,6628,10812
Reactome_2022,Global Genome Nucleotide Excision Repair (GG-NER) R-HSA-5696399,76,1376.4035111238902,0.11827910771682904,0.11827910771682904,0.06611309503290459,22.36438831883664,0.04010222705074742,0.1248924975197427,0.1749933732408427,0.11889341875364007,0.16666666666666666,0.16666666666666666,6628,10812
Reactome_2022,Signal Transduction By L1 R-HSA-445144,16,1289.9769039370358,0.17406304766289094,0.17406304766289094,0.11676163451492778,8.61005690420861,0.04006692823849491,0.17861495822064435,0.24541533123087955,0.1578450786255096,0.16666666666666666,0.16666666666666666,6628,10812
Reactome_2022,mRNA 3-End Processing R-HSA-72187,51,725.7652909999493,0.0955356688026305,0.0955356688026305,0.04672124329482829,19.705445884388,0.04006628697025599,0.10359715905925612,0.1495113133497272,0.0128130460104834,0.16666666666666666,0.16666666666666666,6628,10812
Reactome_2022,Disorders Of Transmembrane Transporters R-HSA-5619115,128,216.2953453407874,0.05255175607291197,0.05255175607291197,0.015910105704655557,21.791563418903515,0.0400612176301843,0.06608016513568825,0.12158417239717452,0.2832149097262668,1.0,0.16666666666666666,6628,10812
Reactome_2022,Mitochondrial Biogenesis R-HSA-1592230,64,86.4400942446553,-0.02615653124739707,0.02615653124739707,-0.023180445354626766,16.80368652800786,0.04004716582355375,0.04783241178735681,0.12003974147272164,0.36583576004659285,1.0,0.6666666666666666,6628,10812
Reactome_2022,CLEC7A (Dectin-1) Signaling R-HSA-5607764,84,2553.794845292682,0.16469762300520227,0.16469762300520227,0.12950085470364692,18.264921298710625,0.04004165418409731,0.16949525389627454,0.22855014344094565,0.14044263249854397,0.8333333333333334,0.16666666666666666,6628,10812
Reactome_2022,UCH Proteinases R-HSA-5689603,74,2463.8844478039214,0.16694343776897103,0.16694343776897103,0.13701996258298393,16.770656225680742,0.04003641219859623,0.17167709723739571,0.2281876794377621,0.10633663366336633,0.8333333333333334,0.16666666666666666,6628,10812
KEGG_2019_Mouse,Prostate cancer,80,1118.7051055639333,0.10755198674503354,0.10755198674503354,0.03645794778977124,29.33522508958396,0.04000989348926685,0.11475287111800883,0.16365989680862625,0.22427489807804307,0.16666666666666666,0.16666666666666666,6628,10812
Reactome_2022,Cooperation Of PDCL (PhLP1) And TRiC/CCT In G-protein Beta Folding R-HSA-6814122,21,1469.6348838883625,0.16416847852774816,0.16416847852774816,0.12515282884872608,11.351402567139926,0.040009740961014575,0.16897357401050378,0.21328840715510836,0.002352941176470588,0.5,0.16666666666666666,6628,10812
Reactome_2022,Acyl Chain Remodelling Of PC R-HSA-1482788,10,165.4997531379397,0.07074408505303077,0.07074408505303077,0.052406883789126904,10.242026859815912,0.0399884207704933,0.08126376416157743,0.11226158381183744,-0.21055329062317993,0.6666666666666666,0.16666666666666666,6628,10812
KEGG_2019_Mouse,Inositol phosphate metabolism,55,235.79691133770203,-0.0386355227867437,0.0386355227867437,-0.05340844233523133,18.110161527645978,0.039921078885533,0.055555343220881466,0.11085909618864226,0.2609784507862551,0.3333333333333333,0.3333333333333333,6628,10812
Reactome_2022,Transcriptional Activity Of SMAD2/SMAD3:SMAD4 Heterotrimer R-HSA-2173793,44,1537.5660840400853,0.1438029575278419,0.1438029575278419,0.07463694753622878,20.640888995831524,0.03991223848315092,0.14923899414861458,0.1996171861229874,0.14292370413511937,0.5,0.16666666666666666,6628,10812
Reactome_2022,Pre-NOTCH Expression And Processing R-HSA-1912422,43,185.2805671638076,0.05760167560747776,0.05760167560747776,-0.019009928469222413,22.379471128517785,0.03987726972310028,0.07005818776815448,0.12853064736586406,0.0630984274898078,0.3333333333333333,0.16666666666666666,6628,10812
Reactome_2022,SUMOylation Of Chromatin Organization Proteins R-HSA-4551638,46,625.6586746973041,0.09079539178818676,0.09079539178818676,0.029043215874612574,22.937115686104004,0.03985549409832363,0.09915777115179543,0.1425519333564059,0.28583576004659283,0.16666666666666666,0.16666666666666666,6628,10812
Reactome_2022,NOTCH2 Activation And Transmission Of Signal To Nucleus R-HSA-2979096,13,35.22012406002026,0.0317407630581735,0.0317407630581735,0.02809922466150914,6.653445205850109,0.03982658427516436,0.050927721866797476,0.10014066969591492,0.25882352941176473,0.3333333333333333,0.16666666666666666,6628,10812
KEGG_2019_Mouse,Dopaminergic synapse,73,786.1926867446266,0.07810230310732208,0.07810230310732208,0.08379399766392634,17.771962849762794,0.039823071295529394,0.08766896120108202,0.13565216357070647,0.3176354105998835,0.3333333333333333,0.16666666666666666,6628,10812
Reactome_2022,Regulation Of PLK1 Activity At G2/M Transition R-HSA-2565942,62,2028.834086394834,0.14221247486037628,0.14221247486037628,0.09404461212147149,23.400463009647005,0.039813823099527045,0.14768049470296876,0.19040417325056086,0.07292952824694234,0.16666666666666666,0.16666666666666666,6628,10812
KEGG_2019_Mouse,Non-small cell lung cancer,58,579.9564527159706,0.08319410138761259,0.08319410138761259,0.02125382333723182,22.494733703381183,0.039803418667557926,0.09222565067982587,0.14061271130457642,0.11560861968549795,0.16666666666666666,0.16666666666666666,6628,10812
Reactome_2022,FCGR3A-mediated Phagocytosis R-HSA-9664422,40,2278.8432368094805,0.1717050595878059,0.1717050595878059,0.07846660168520596,26.22291518160475,0.039774292674673084,0.17625158678951672,0.22958335510296463,0.03958066394874782,0.16666666666666666,0.16666666666666666,6628,10812
KEGG_2019_Mouse,Tight junction,123,4173.405342510491,0.1755328141724336,0.1755328141724336,0.10624697866140005,31.398226172027396,0.03970308993716224,0.17996695308264934,0.23163969602595813,0.051753057658707045,0.16666666666666666,0.16666666666666666,6628,10812
KEGG_2019_Mouse,Autophagy,113,114.98910711419504,0.03259327663115795,0.03259327663115795,0.030112182146312925,19.641806280790576,0.03969631348670497,0.051362622460208764,0.09815375725391688,0.23976703552708212,0.3333333333333333,0.16666666666666666,6628,10812
Reactome_2022,SARS-CoV-2-host Interactions R-HSA-9705683,117,2121.0666023856493,0.1346225147200986,0.1346225147200986,0.07740083547786895,27.554871250909176,0.03969280523410398,0.14035220075551244,0.19677321259474279,-0.07220733838089691,0.16666666666666666,0.16666666666666666,6628,10812
KEGG_2019_Mouse,Hepatitis B,116,2440.931141685196,0.14251119781678068,0.14251119781678068,0.07637270702712207,30.42037102772848,0.039675407538217806,0.14793099562464002,0.2081619061154117,0.023063482818870124,0.16666666666666666,0.16666666666666666,6628,10812
Reactome_2022,Diseases Associated With N-glycosylation Of Proteins R-HSA-3781860,18,4.595989217695646,0.0012201818898417173,0.0012201818898417173,-0.04632921910283513,10.018346075229532,0.039649380051597766,0.03966815072977737,0.08776789346289818,0.5011531741409435,0.6666666666666666,0.8333333333333334,6628,10812
KEGG_2019_Mouse,Kaposi sarcoma-associated herpesvirus infection,124,1823.726128107745,0.12477323416987726,0.12477323416987726,0.05729237817320541,31.84587708768684,0.0395635010334946,0.1308954948775486,0.19238090811356673,-0.04652300524170063,0.16666666666666666,0.16666666666666666,6628,10812
Reactome_2022,Signaling By NOTCH3 R-HSA-9012852,32,20.56348727830412,-0.01770614968841949,0.01770614968841949,-0.00957235479523917,12.823343175271052,0.03956132524321664,0.04334289090252619,0.12697564689933194,0.02399534071054164,0.3333333333333333,0.3333333333333333,6628,10812
MSigDB_Hallmark_2020,DNA Repair,125,2186.26978755452,0.13943859839339806,0.13943859839339806,0.08072371167997003,28.000020120623724,0.03955441519228376,0.14494024452552487,0.19548181877491774,0.022096680256260916,0.6666666666666666,0.16666666666666666,6628,10812
Reactome_2022,Metabolism Of Cofactors R-HSA-8978934,16,368.40454319988896,0.09844930289165066,0.09844930289165066,0.059180234011076846,10.17162899275859,0.03954618450553476,0.1060950797577238,0.16256715632497692,-0.04479906814210832,1.0,0.3333333333333333,6628,10812
Reactome_2022,SUMOylation Of DNA Damage Response And Repair Proteins R-HSA-3108214,64,1075.245589774489,0.10371902657058261,0.10371902657058261,0.040425390230736484,25.717642244677304,0.03954584765219611,0.11100229970266348,0.1511706640561378,0.13389633080955152,0.16666666666666666,0.16666666666666666,6628,10812
Reactome_2022,Chondroitin Sulfate/Dermatan Sulfate Metabolism R-HSA-1793185,28,73.58192233718157,-0.019433185086343494,0.019433185086343494,-0.0682905618008402,16.256088132750026,0.039514746378685066,0.04403480287195445,0.10993531414389943,0.21735585323238205,0.3333333333333333,0.3333333333333333,6628,10812
Reactome_2022,Transport To Golgi And Subsequent Modification R-HSA-948021,127,118.62628367841683,0.03159704607766896,0.03159704607766896,0.037751616512153134,20.137298605329715,0.0395045783162065,0.05058641150324491,0.10023795623027712,0.17712288875946416,0.5,0.16666666666666666,6628,10812
KEGG_2019_Mouse,Thyroid hormone synthesis,43,376.1249474150187,-0.05377028909562019,0.05377028909562019,-0.09222712507886187,15.863227173431051,0.039497906503250794,0.06671827791217418,0.09962495769766833,0.8251252184041933,0.6666666666666666,0.16666666666666666,6628,10812
Reactome_2022,Defective CFTR Causes Cystic Fibrosis R-HSA-5678895,52,1634.3740741846389,0.1541634738052555,0.1541634738052555,0.15532324395689534,11.439149068243246,0.039493671943790054,0.15914184484071878,0.2192309055115598,0.3470937682003495,0.8333333333333334,0.16666666666666666,6628,10812
Reactome_2022,"Synthesis Of IP2, IP, And Ins In Cytosol R-HSA-1855183",13,510.9667418800244,-0.1042377863344959,0.1042377863344959,-0.08750196828513122,8.1560394383962,0.03947405708195173,0.11146173012485143,0.20885639048464494,0.8439138031450203,0.16666666666666666,0.3333333333333333,6628,10812
Reactome_2022,DDX58/IFIH1-mediated Induction Of Interferon-Alpha/Beta R-HSA-168928,48,447.2025521251328,0.0769217961082113,0.0769217961082113,0.045947549981486806,14.342029160127057,0.03937046027280397,0.08641178078598812,0.15056232297079894,0.08460104834012812,1.0,0.16666666666666666,6628,10812
KEGG_2019_Mouse,Glucagon signaling pathway,77,175.21672529679947,-0.03880744048802574,0.03880744048802574,-0.012525498902834536,22.372713624009595,0.03934475405121391,0.05526325278683995,0.13504932930857833,0.6475247524752474,0.3333333333333333,0.3333333333333333,6628,10812
KEGG_2019_Mouse,Adherens junction,59,2108.191599130622,0.15527776484627656,0.15527776484627656,0.08127325859863047,26.104626038350283,0.0393313995676753,0.16018159459690645,0.21041699001877823,0.08730343622597553,0.5,0.16666666666666666,6628,10812
Reactome_2022,Diseases Associated With O-glycosylation Of Proteins R-HSA-3906995,23,3.449857638867655,0.01078191728375562,0.01078191728375562,-0.015668742203272683,11.156554622717087,0.03931755441576501,0.040769103810979104,0.09609235680045411,0.4010832847990681,0.3333333333333333,0.8333333333333334,6628,10812
Reactome_2022,PCP/CE Pathway R-HSA-4086400,70,2739.078189698837,0.18049612053894207,0.18049612053894207,0.15791854210589895,14.35713223040023,0.039313145803598674,0.1847278348343403,0.24673405281854116,0.22436808386721024,0.8333333333333334,0.16666666666666666,6628,10812
Reactome_2022,Signaling By FGFR1 In Disease R-HSA-5655302,27,262.8190295459661,0.06093142029060441,0.06093142029060441,0.06258024255915827,11.733127779193572,0.039297143221293754,0.07250450637019158,0.1209362329877773,0.2548864298194525,0.16666666666666666,0.16666666666666666,6628,10812
Reactome_2022,Interleukin-7 Signaling R-HSA-1266695,16,204.36811111054936,0.06444965687899482,0.06444965687899482,0.05668500469193379,11.49118219186709,0.03926225957197521,0.07546710076925787,0.12003543609398099,-0.1522306348281887,0.3333333333333333,0.16666666666666666,6628,10812
Reactome_2022,Nef-mediated Downmodulation Of Cell Surface Receptors By Recruitment To Clathrin Adapters R-HSA-164938,14,684.2991569621024,0.13407728525956278,0.13407728525956278,0.13016175408548894,8.855495509502285,0.03926129921833745,0.1397074373069881,0.2016348622522271,0.5371345369831101,1.0,0.3333333333333333,6628,10812
Reactome_2022,FCERI Mediated NF-kB Activation R-HSA-2871837,65,2062.8261025512934,0.15871409230630507,0.15871409230630507,0.13151290690033118,14.618678563475127,0.03923252884410403,0.16349114476361643,0.21956937323725956,0.31100757134536977,0.8333333333333334,0.16666666666666666,6628,10812
Reactome_2022,Signaling By TGFB Family Members R-HSA-9006936,92,1801.1285196473423,0.12940154412618335,0.12940154412618335,0.07249131446818373,26.334580483834074,0.0391688572018557,0.13519970043139865,0.18385447393666432,0.01974373907979033,0.16666666666666666,0.16666666666666666,6628,10812
Reactome_2022,Metabolism Of Polyamines R-HSA-351202,49,2414.912437240532,0.18488744952600847,0.18488744952600847,0.1743899847728815,11.620853859873542,0.03915951946112867,0.18898898633692618,0.24420050873170904,0.36022131624927195,0.8333333333333334,0.16666666666666666,6628,10812
Reactome_2022,Formation Of Cornified Envelope R-HSA-6809371,19,1477.0878233786088,0.17391122116169436,0.17391122116169436,0.09014813450927836,14.126746577012506,0.03908804416340033,0.17824979114285577,0.2384827628417024,0.595049504950495,0.3333333333333333,0.16666666666666666,6628,10812
KEGG_2019_Mouse,Leukocyte transendothelial migration,69,3436.0215393796284,0.17581749771733604,0.17581749771733604,0.10885892557271379,25.890124136355283,0.03908171226580002,0.18010878028905816,0.229442254564669,0.09616773442050087,0.16666666666666666,0.16666666666666666,6628,10812
Reactome_2022,Intra-Golgi And Retrograde Golgi-to-ER Traffic R-HSA-6811442,137,112.52495259841892,0.02869057586573124,0.02869057586573124,0.037507772986060915,21.79350971049073,0.039077845303074524,0.04847914125722839,0.09191180147108824,0.08138613861386138,0.16666666666666666,0.16666666666666666,6628,10812
Reactome_2022,Signaling By RAF1 Mutants R-HSA-9656223,30,5007.012167287887,0.2533628468054484,0.2533628468054484,0.2826968978197939,15.121824490618794,0.03895063656646358,0.256339392661943,0.3013701074916209,0.5217705299941758,0.5,0.16666666666666666,6628,10812
Reactome_2022,Signaling By NOTCH4 R-HSA-9013694,66,2365.2173623687777,0.1623416684264945,0.1623416684264945,0.13894051423982556,15.293338377098829,0.03891127712334337,0.1669398238733571,0.22484198128282756,0.16217821782178216,0.8333333333333334,0.16666666666666666,6628,10812
Reactome_2022,Mitochondrial tRNA Aminoacylation R-HSA-379726,15,213.75862341958282,-0.06775503124947528,0.06775503124947528,-0.048123905643470945,8.202574501951714,0.038744906215861144,0.07805070158104441,0.1556932194160637,-0.046779266161910305,1.0,0.3333333333333333,6628,10812
Reactome_2022,TRAF6 Mediated IRF7 Activation R-HSA-933541,12,89.77871882915473,0.053023645140731226,0.053023645140731226,0.029059216492319642,8.13137412046128,0.038743840958652305,0.06567032934468606,0.11724732069519253,-0.22295864880605706,0.3333333333333333,0.16666666666666666,6628,10812
Reactome_2022,Oxygen-dependent Proline Hydroxylation Of Hypoxia-inducible Factor Alpha R-HSA-1234176,56,2026.3033542424641,0.16397481491980068,0.16397481491980068,0.14966151093320618,12.349098369237245,0.03871929989942373,0.16848419543887316,0.22394122973867792,0.3341176470588236,0.8333333333333334,0.16666666666666666,6628,10812
KEGG_2019_Mouse,Fanconi anemia pathway,28,761.9510971957956,0.106529721991881,0.106529721991881,0.0522791353420396,19.624493407564284,0.038652258223139814,0.11332510195634385,0.15865497026624364,0.4703086779266161,0.3333333333333333,0.16666666666666666,6628,10812
Reactome_2022,RHO GTPases Activate CIT R-HSA-5625900,16,914.4719249200568,0.14007289982043447,0.14007289982043447,0.11496860872241846,8.454052288604922,0.03862287356252531,0.14530018453647017,0.21444775490995055,0.3115899825276645,0.3333333333333333,0.16666666666666666,6628,10812
Reactome_2022,Autodegradation Of Cdh1 By Cdh1:APC/C R-HSA-174084,56,2239.4556868278914,0.17090876329913424,0.17090876329913424,0.16428803832265573,12.2607650168472,0.03856854084113203,0.17520655728326376,0.22772618745715506,0.26974956319161325,0.8333333333333334,0.16666666666666666,6628,10812
Reactome_2022,TP53 Regulates Transcription Of Genes Involved In Cytochrome C Release R-HSA-6803204,10,209.0125905321642,0.08496935302603781,0.08496935302603781,0.049642860106005084,7.593153382728461,0.03855599896856051,0.0933078561007972,0.14599404888664622,0.48499708794408847,0.3333333333333333,0.16666666666666666,6628,10812
Reactome_2022,CTLA4 Inhibitory Signaling R-HSA-389513,17,1245.4140772645424,0.16403051151419756,0.16403051151419756,0.11954278655843376,8.854262491315234,0.03853179391331505,0.16849542382446914,0.2261311616330692,0.28302853814793244,0.5,0.16666666666666666,6628,10812
Reactome_2022,Processing Of SMDT1 R-HSA-8949664,14,60.29296657469694,-0.04182114974679473,0.04182114974679473,-0.012854296179092168,8.352629133763644,0.03852962281213754,0.05686422777273439,0.1090719153615107,0.42151426907396616,1.0,0.16666666666666666,6628,10812
Reactome_2022,Signaling By MET R-HSA-6806834,51,1893.6956264691228,0.1440263528153461,0.1440263528153461,0.08984295236071142,24.70878635722455,0.03851850751235069,0.14908811396710858,0.19109364975593832,0.020990099009900988,0.16666666666666666,0.16666666666666666,6628,10812
Reactome_2022,Protein Folding R-HSA-391251,62,3953.1709991415146,0.19937057767970898,0.19937057767970898,0.14258545449000565,21.1251135762063,0.0385048480168978,0.20305479695182113,0.2496414107268497,-0.0063249854397204415,0.5,0.16666666666666666,6628,10812
Reactome_2022,CREB1 Phosphorylation Thru NMDA Receptor-Mediated Activation Of RAS Signaling R-HSA-442742,12,1392.5389573995656,0.19989345164183803,0.19989345164183803,0.1454537744655143,9.659051821749305,0.038481353505009294,0.2035637653829023,0.24973255978658548,0.3022481071636575,0.16666666666666666,0.16666666666666666,6628,10812
Reactome_2022,Thromboxane Signaling Thru TP Receptor R-HSA-428930,12,538.8351828652628,0.11418087467668946,0.11418087467668946,0.1134001582204543,6.85950260358918,0.03844218859806254,0.12047852093274915,0.17449383324992787,0.3966336633663366,0.3333333333333333,0.16666666666666666,6628,10812
Reactome_2022,Glycogen Metabolism R-HSA-8982491,15,8.391868778889854,-0.018239643082808715,0.018239643082808715,0.02278071343018808,11.645413250220917,0.03843236438975084,0.0425409357251911,0.10554806990107231,0.07614443797320909,0.3333333333333333,0.16666666666666666,6628,10812
Reactome_2022,Intra-Golgi Traffic R-HSA-6811438,32,91.57060165921104,-0.03737039574607157,0.03737039574607157,-0.0037803250462506845,20.19871822592328,0.03837963794307528,0.05356811632734109,0.11483375988514682,-0.002539312754804892,0.3333333333333333,0.3333333333333333,6628,10812
Reactome_2022,TP53 Regulates Transcription Of Cell Death Genes R-HSA-5633008,23,7.004318412181103,0.026354298651240254,0.026354298651240254,-0.05506641637475811,15.327934428724808,0.038377822557904055,0.0465554113040013,0.08996917341563002,0.40517181129877694,0.6666666666666666,0.16666666666666666,6628,10812
KEGG_2019_Mouse,C-type lectin receptor signaling pathway,70,2313.4276167429407,0.14992841866780177,0.14992841866780177,0.08719182185447495,24.40651150157796,0.0383568591201212,0.15475716256699876,0.21672751298687454,0.04163075131042516,0.5,0.16666666666666666,6628,10812
Reactome_2022,Nonsense Mediated Decay (NMD) Enhanced By Exon Junction Complex (EJC) R-HSA-975957,25,552.1443183027214,0.10182951716038292,0.10182951716038292,0.054140335426584425,11.565861388011003,0.038329444870736716,0.10880439747186493,0.15254219727919713,0.0693069306930693,0.5,0.16666666666666666,6628,10812
Reactome_2022,Amyloid Fiber Formation R-HSA-977225,32,57.91945318716026,-0.02330865709620761,0.02330865709620761,-0.02534898984357508,11.512977129007687,0.038278586364893834,0.044816778886073744,0.11116712481434153,0.9085032032615026,1.0,0.3333333333333333,6628,10812
Reactome_2022,CD28 Dependent PI3K/Akt Signaling R-HSA-389357,16,70.71884804099531,0.04885737619173119,0.04885737619173119,0.0010326939872430535,9.462308820667648,0.03816900545449702,0.06199932407474911,0.12005170131334794,0.24186371578334304,0.8333333333333334,0.16666666666666666,6628,10812
Reactome_2022,Regulation Of NF-kappa B Signaling R-HSA-9758274,11,319.68733795738575,0.09701152318430535,0.09701152318430535,0.08853903564410824,7.119088634564263,0.038164149906247204,0.10424844348289103,0.15318946016394916,0.5323820617355852,0.6666666666666666,0.3333333333333333,6628,10812
Reactome_2022,Association Of TriC/CCT With Target Proteins During Biosynthesis R-HSA-390471,30,1516.4204660092387,0.15308515177772358,0.15308515177772358,0.08796810745450576,18.209459187910994,0.03813990426285596,0.15776474888893421,0.19810119338049864,0.2861968549796156,0.5,0.16666666666666666,6628,10812
Reactome_2022,Regulation Of RUNX2 Expression And Activity R-HSA-8939902,56,1474.8265316638037,0.14063881497989306,0.14063881497989306,0.13708531209100647,11.515575417549718,0.03812325832979762,0.14571430645145683,0.2024058917357394,0.3274781595806639,0.8333333333333334,0.16666666666666666,6628,10812
Reactome_2022,TRAF3-dependent IRF Activation Pathway R-HSA-918233,11,167.76377006421578,0.07434375637589728,0.07434375637589728,0.0458595726871626,7.492748965075752,0.03811291659313873,0.0835439316965291,0.13953639521883943,-0.13891671520093185,0.6666666666666666,0.16666666666666666,6628,10812
Reactome_2022,Late SARS-CoV-2 Infection Events R-HSA-9772573,48,38.20223597589386,0.02398133485989213,0.02398133485989213,0.012202006852414887,13.191031916478943,0.03807815902805105,0.04500056240346139,0.09413887433470189,0.1807571345369831,0.3333333333333333,0.3333333333333333,6628,10812
Reactome_2022,Cellular Response To Hypoxia R-HSA-1234174,63,1476.31157188942,0.1360260554189007,0.1360260554189007,0.12313520728883262,12.361026589902622,0.03804375447024584,0.14124593801953456,0.20063366448449144,0.283843913803145,0.8333333333333334,0.16666666666666666,6628,10812
Reactome_2022,Inositol Phosphate Metabolism R-HSA-1483249,35,7.0065542504135845,-0.006028438540315234,0.006028438540315234,-0.017571350190246644,14.307069298718963,0.03803091661165005,0.03850574878581948,0.09571922289135056,0.19106581246359927,0.3333333333333333,0.6666666666666666,6628,10812
KEGG_2019_Mouse,Renal cell carcinoma,61,978.8736216189295,0.10585004537805154,0.10585004537805154,0.05714512768652036,15.735873584823128,0.038024424663327824,0.11247261434461575,0.17404886574498224,0.07232382061735586,0.5,0.16666666666666666,6628,10812
Reactome_2022,Disassembly Of Destruction Complex And Recruitment Of AXIN To Membrane R-HSA-4641262,21,146.52404666215048,0.05359015937839246,0.05359015937839246,0.0423884255340586,8.109557229555495,0.038007565386111115,0.06569992548535362,0.12052794621589574,0.0968666278392545,0.6666666666666666,0.16666666666666666,6628,10812
Reactome_2022,HCMV Late Events R-HSA-9610379,52,2020.1418886819968,0.1501187756402197,0.1501187756402197,0.09956452391365733,18.79076168751213,0.037999844607609405,0.15485359211177846,0.20415868198970677,-0.037577169481654044,0.5,0.16666666666666666,6628,10812
Reactome_2022,Retrograde Transport At Trans-Golgi-Network R-HSA-6811440,42,228.44844955357854,-0.05176040050283658,0.05176040050283658,-0.024522762978739173,19.620166472503563,0.03795917349890104,0.06418752147367676,0.12859088517290873,0.016284216656959814,0.3333333333333333,0.3333333333333333,6628,10812
Reactome_2022,Synthesis Of Active Ubiquitin: Roles Of E1 And E2 Enzymes R-HSA-8866652,24,249.82391414549173,0.07694792871801145,0.07694792871801145,0.03199379333126207,9.008764839948498,0.03795886838376887,0.0858012786790993,0.14580024558824287,0.29705299941758884,0.8333333333333334,0.16666666666666666,6628,10812
KEGG_2019_Mouse,Selenocompound metabolism,17,2284.000620758308,-0.22711423628368185,0.22711423628368185,-0.18297476799997578,13.099633271605056,0.03794221476821711,0.23026178142331308,0.31198894724143267,0.6455096097845078,1.0,0.16666666666666666,6628,10812
Reactome_2022,Diseases Of Glycosylation R-HSA-3781865,79,41.202710182146376,-0.011063790996709422,0.011063790996709422,-0.03741710846978732,24.188503027985316,0.0379076460400753,0.03948920231555083,0.10788401152428037,-0.0029004076878276063,0.3333333333333333,0.6666666666666666,6628,10812
Reactome_2022,APC/C:Cdc20 Mediated Degradation Of Securin R-HSA-174154,57,1920.3138080681886,0.1581677667224155,0.1581677667224155,0.15219608111160127,11.853974316215162,0.03789880763109104,0.16264489555413317,0.21640467426695398,0.27631916132789747,0.8333333333333334,0.16666666666666666,6628,10812
KEGG_2019_Mouse,Amoebiasis,54,3025.630656524628,0.1677718135889704,0.1677718135889704,0.10158873295006249,23.435565976431597,0.037843977781034224,0.17198705791199415,0.22050223771403668,0.3202679091438555,0.16666666666666666,0.16666666666666666,6628,10812
Reactome_2022,Rab Regulation Of Trafficking R-HSA-9007101,98,89.13721896889565,0.03140429139093304,0.03140429139093304,0.01961895787324242,17.113969997589574,0.037787039668983946,0.04913338869559067,0.09673318167215895,0.32099009900990094,0.8333333333333334,0.16666666666666666,6628,10812
Reactome_2022,Nuclear Signaling By ERBB4 R-HSA-1251985,23,145.91131954764492,0.046497898608123284,0.046497898608123284,0.041977544150584065,10.775411466340442,0.037744151812968994,0.05988886015822779,0.09132106286305612,0.633302271403611,0.6666666666666666,0.16666666666666666,6628,10812
Reactome_2022,ABC Transporter Disorders R-HSA-5619084,59,1219.238463793396,0.12915375943796814,0.12915375943796814,0.13137420954690973,10.786695740638,0.03771859924471304,0.13454882498908644,0.1991505597419193,0.40804892253931274,1.0,0.3333333333333333,6628,10812
Reactome_2022,Constitutive Signaling By NOTCH1 HD+PEST Domain Mutants R-HSA-2894862,43,84.47470745749325,0.03667638853699706,0.03667638853699706,0.0008680306600920846,14.620750815135995,0.03770225945543984,0.052598648691407214,0.10642221332663951,0.04072218986604543,0.3333333333333333,0.16666666666666666,6628,10812
Reactome_2022,ADP Signaling Thru P2Y Purinoceptor 12 R-HSA-392170,10,955.502230198797,0.16153778081431053,0.16153778081431053,0.1723255431944406,7.8676629851048165,0.0376862284294995,0.16587557518710422,0.20724998946403955,0.39007571345369824,0.3333333333333333,0.16666666666666666,6628,10812
Reactome_2022,Synthesis Of PIPs At Golgi Membrane R-HSA-1660514,15,0.14160208586928258,0.009350128214347206,0.009350128214347206,-0.011101013532085383,9.482795619149105,0.037643328073788423,0.03878717630990427,0.07197098479588901,0.5744554455445544,0.3333333333333333,0.8333333333333334,6628,10812
Reactome_2022,Transcriptional Regulation By AP-2 (TFAP2) Family Of Transcription Factors R-HSA-8864260,26,398.63140682979,0.08019228515322563,0.08019228515322563,0.03611943227522883,13.635341358681927,0.03761920357765979,0.08857768949297369,0.1432098955976559,0.676039603960396,0.16666666666666666,0.16666666666666666,6628,10812
Reactome_2022,tRNA Processing In Nucleus R-HSA-6784531,48,1707.1212666397837,0.13773380312800992,0.13773380312800992,0.0823790404706918,24.23960324946238,0.03757814106570972,0.14276805388482314,0.1803517749784725,0.21453698311007569,0.16666666666666666,0.16666666666666666,6628,10812
Reactome_2022,Processing Of Capped Intronless Pre-mRNA R-HSA-75067,27,1176.4512364548007,0.139479599607211,0.139479599607211,0.08979241376250617,12.775370954515607,0.037550998039379106,0.14444596276927005,0.19110388996365862,0.007629586488060569,0.3333333333333333,0.16666666666666666,6628,10812
Reactome_2022,G Alpha (Z) Signaling Events R-HSA-418597,20,377.24443472097187,0.07454231145903388,0.07454231145903388,0.07488376650316972,10.721118498472764,0.03754172676338552,0.08346219171596383,0.1179155944740288,0.2507979033197437,0.3333333333333333,0.16666666666666666,6628,10812
Reactome_2022,EPH-Ephrin Signaling R-HSA-2682334,67,2602.775296653521,0.15846482694991854,0.15846482694991854,0.09042073173458891,24.300174731584303,0.03752314324461578,0.1628468226869152,0.21689451631287354,-0.06277227722772277,0.5,0.16666666666666666,6628,10812
Reactome_2022,Role Of Nef In HIV-1 Replication And Disease Pathogenesis R-HSA-164952,16,621.760182798932,0.12122495136796056,0.12122495136796056,0.10612796101016855,9.288354506589924,0.03749545763642387,0.1268912848761855,0.18605572634401568,0.47902154921374485,1.0,0.16666666666666666,6628,10812
Reactome_2022,Signaling By NOTCH2 R-HSA-1980145,19,10.275600984291684,0.015344782099598466,0.015344782099598466,0.012429758104113562,8.31896553474635,0.03742094828979311,0.04044489718853946,0.07777182507969947,0.15975538730343622,0.3333333333333333,0.16666666666666666,6628,10812
KEGG_2019_Mouse,Ubiquinone and other terpenoid-quinone biosynthesis,10,184.24452466739484,-0.08628526069234108,0.08628526069234108,-0.027609607713220834,10.11233327259532,0.03741676042642178,0.0940487117059745,0.14052222958087726,0.9869539895165987,1.0,0.3333333333333333,6628,10812
Reactome_2022,PI3K Cascade R-HSA-109704,24,215.4189326958156,-0.05335661227891705,0.05335661227891705,-0.039424862461227034,14.011369455843788,0.03741546353668571,0.06516782170325888,0.13737458982454614,-0.49205591147350025,0.3333333333333333,0.3333333333333333,6628,10812
Reactome_2022,RMTs Methylate Histone Arginines R-HSA-3214858,28,536.0628832411662,0.09428542085393868,0.09428542085393868,0.053276134486945084,12.226288559245175,0.037408302422507776,0.10143530783577355,0.14518086321156098,0.05524752475247524,0.16666666666666666,0.16666666666666666,6628,10812
MSigDB_Hallmark_2020,Protein Secretion,90,154.74064835215407,0.038368063295563415,0.038368063295563415,0.04531010651167889,15.320526421558917,0.03739985737061024,0.0535803845860997,0.09689034686446402,0.28322655794991264,0.8333333333333334,0.16666666666666666,6628,10812
KEGG_2019_Mouse,Glioma,58,1105.9282390326005,0.11280060782937729,0.11280060782937729,0.049968237717135426,21.124773230759544,0.03735509838960691,0.11882499948400667,0.16588912860962662,0.23537565521258005,0.16666666666666666,0.16666666666666666,6628,10812
KEGG_2019_Mouse,Inflammatory mediator regulation of TRP channels,59,27.241642944130085,-0.017643561558494454,0.017643561558494454,-0.0033680362685892047,17.290985740231672,0.03727478106228565,0.041239599509569826,0.11650918292852311,0.13386138613861384,0.3333333333333333,0.3333333333333333,6628,10812
Reactome_2022,Immunoregulatory Interactions Between A Lymphoid And A non-Lymphoid Cell R-HSA-198933,18,1682.7252371650372,0.18442577889091666,0.18442577889091666,0.09375020075636827,14.56149061485996,0.03726986705214941,0.188153955338723,0.2396370287527374,-0.22218986604542804,0.5,0.16666666666666666,6628,10812
Reactome_2022,Macroautophagy R-HSA-1632852,100,6.566089300291738,0.013737277171748791,0.013737277171748791,-0.004855514528623777,14.441115639778515,0.0372362618212676,0.039689444169897885,0.08358400546167397,0.2739429237041351,0.8333333333333334,0.5,6628,10812
Reactome_2022,Transmission Across Chemical Synapses R-HSA-112315,93,175.1535522479778,0.0401916947757501,0.0401916947757501,0.024867509397373835,18.513976281053395,0.03720394793626067,0.05476774663057678,0.09661922816849006,0.25602795573675013,0.3333333333333333,0.16666666666666666,6628,10812
Reactome_2022,"Gamma Carboxylation, Hypusine Formation And Arylsulfatase Activation R-HSA-163841",24,50.984577752113566,-0.026663774990988456,0.026663774990988456,-0.009773047332392638,10.228954923429137,0.037199150328812054,0.045768260639395285,0.11927324950664724,0.5691322073383809,0.3333333333333333,0.6666666666666666,6628,10812
Reactome_2022,Nucleotide Excision Repair R-HSA-5696398,98,1476.0685168090938,0.115757342880552,0.115757342880552,0.07048277248267584,23.64461954974759,0.03718091810322393,0.12158200155353718,0.17024464871625927,0.08648806057076296,0.6666666666666666,0.16666666666666666,6628,10812
Reactome_2022,Activation Of RAC1 R-HSA-428540,10,3.775088172590889,-0.014429815117663714,0.014429815117663714,0.008731981074709155,8.252697409608134,0.03709444235924218,0.03980222629794842,0.1059893062061804,-0.2949097262667443,0.3333333333333333,0.6666666666666666,6628,10812
MSigDB_Hallmark_2020,Hedgehog Signaling,20,276.54842662935664,0.07121959340116965,0.07121959340116965,0.04045591674921005,8.150306443365364,0.03706026362829329,0.08028507722127774,0.13698110076996042,0.13601630751310423,0.3333333333333333,0.16666666666666666,6628,10812
Reactome_2022,"Antigen Presentation: Folding, Assembly, Peptide Loading Of Class I MHC R-HSA-983170",19,76.79077342745092,0.04393249896751972,0.04393249896751972,0.031912230714680176,6.909314432220049,0.03705732686914155,0.0574744285766942,0.11788336401674157,0.4178567268491555,0.5,0.16666666666666666,6628,10812
Reactome_2022,SARS-CoV-2 Activates/Modulates Innate And Adaptive Immune Responses R-HSA-9705671,79,1340.0340158507524,0.11220498932744097,0.11220498932744097,0.06604630413523559,20.87634081710447,0.037025642657812594,0.11815607408929575,0.17087095271165817,-0.061444379732090854,0.16666666666666666,0.16666666666666666,6628,10812
Reactome_2022,Other Semaphorin Interactions R-HSA-416700,13,446.0238640762768,0.11929304005000749,0.11929304005000749,0.0071334198280782754,16.11900855058849,0.03701639936114308,0.12490413614463025,0.17190539199547009,-0.006651135701805474,0.3333333333333333,0.16666666666666666,6628,10812
Reactome_2022,Signaling By ERBB2 TMD/JMD Mutants R-HSA-9665686,16,98.65313006856398,0.052344189099776735,0.052344189099776735,-0.0059916698003555655,11.76948504686421,0.03700553069525025,0.06410400482458405,0.10434636673550046,0.8110774606872452,0.16666666666666666,0.16666666666666666,6628,10812
Reactome_2022,VEGFR2 Mediated Vascular Permeability R-HSA-5218920,22,982.4752721997506,0.13981551507949228,0.13981551507949228,0.07919074202897726,11.634437111355872,0.03699732808704555,0.14462773089046313,0.1903075695795872,0.1281071636575422,0.5,0.16666666666666666,6628,10812
Reactome_2022,Negative Regulation Of MAPK Pathway R-HSA-5675221,33,1396.5990227090633,0.14083059563646977,0.14083059563646977,0.11689074735309948,11.112609739377305,0.0369894841588598,0.14560727524976702,0.20316279853208935,0.16587070471753057,0.5,0.16666666666666666,6628,10812
Reactome_2022,APC/C:Cdh1 Mediated Degradation Of Cdc20 And APC/C:Cdh1 Targets In Late Mitosis/Early G1 R-HSA-174178,59,1948.0219126424047,0.1572507875893184,0.1572507875893184,0.1525050402937836,11.476683961878441,0.03698441593507748,0.16154150308672924,0.21523530418386166,0.2610832847990681,0.8333333333333334,0.16666666666666666,6628,10812
KEGG_2019_Mouse,Apoptosis,104,3997.9903759997264,0.18008743809726435,0.18008743809726435,0.10581266197543279,26.993204384300626,0.03697178759517473,0.1838434073836175,0.23603859447706385,0.12172393709959231,0.5,0.16666666666666666,6628,10812
Reactome_2022,Fcgamma Receptor (FCGR) Dependent Phagocytosis R-HSA-2029480,62,1817.8214360336221,0.13829671828421447,0.13829671828421447,0.056078487009671656,26.20789915266856,0.03695518023607244,0.14314910979277506,0.19906411607064506,0.08222481071636575,0.3333333333333333,0.16666666666666666,6628,10812
Reactome_2022,Potential Therapeutics For SARS R-HSA-9679191,72,996.6442977019527,0.10640759323386839,0.10640759323386839,0.06531116428893083,14.561467690039263,0.03695330661062056,0.11264156767056699,0.17583103121921084,0.2659871869539895,0.8333333333333334,0.16666666666666666,6628,10812
Reactome_2022,Cell-Cell Communication R-HSA-1500931,77,4331.500631105378,0.18957868857184812,0.18957868857184812,0.12472299844532711,24.648402190841274,0.03694272075154985,0.19314461881488898,0.2570096753227417,0.2378916715200932,0.16666666666666666,0.16666666666666666,6628,10812
Reactome_2022,PTEN Regulation R-HSA-6807070,119,977.7263408613527,0.09780925596100824,0.09780925596100824,0.07393564713811814,16.723646034476317,0.036937829601514,0.10455168007888019,0.16164238721135402,0.08187536400698893,1.0,0.16666666666666666,6628,10812
Reactome_2022,VEGFR2 Mediated Cell Proliferation R-HSA-5218921,17,160.1815286120489,0.06837009687441813,0.06837009687441813,0.0016816947683982535,12.692260741623848,0.03693769692818725,0.07771012547265599,0.127253975770315,0.7295282469423413,0.3333333333333333,0.16666666666666666,6628,10812
Reactome_2022,Role Of LAT2/NTAL/LAB On Calcium Mobilization R-HSA-2730905,12,63.60284808596147,0.05545870283921594,0.05545870283921594,-0.022436609979650256,13.272610240537398,0.03683748596421567,0.06657828544482235,0.10957988015073043,0.7469656377402445,0.3333333333333333,0.16666666666666666,6628,10812
Reactome_2022,Downregulation Of TGF-beta Receptor Signaling R-HSA-2173788,22,1012.648047784165,0.1382200618457829,0.1382200618457829,0.08229159550877034,11.9584570495434,0.03679631388489938,0.14303410157080754,0.18695903370862788,0.01974373907979033,0.5,0.16666666666666666,6628,10812
Reactome_2022,IL-6-type Cytokine Receptor Ligand Interactions R-HSA-6788467,10,714.8316032287353,0.1573113475538646,0.1573113475538646,0.08719816567936446,7.89594162264324,0.03678433410656746,0.16155478112663943,0.21789188741544083,0.44874781595806634,0.5,0.16666666666666666,6628,10812
KEGG_2019_Mouse,Inflammatory bowel disease (IBD),21,148.76156547087098,0.06790791484995509,0.06790791484995509,-0.0074215294598946584,12.255081456228204,0.036744356040062744,0.07721160923117484,0.13573189158041601,0.8041817122888758,0.6666666666666666,0.16666666666666666,6628,10812
KEGG_2019_Mouse,RIG-I-like receptor signaling pathway,42,991.6891086595284,0.10551710716566559,0.10551710716566559,0.08611059283814079,12.774905664037117,0.03673096436589692,0.11172745252559617,0.17355517969067005,-0.06898078043098427,0.6666666666666666,0.16666666666666666,6628,10812
Reactome_2022,Platelet Homeostasis R-HSA-418346,44,562.4254041857885,0.07611184599691834,0.07611184599691834,0.06900243577434215,11.78048301514399,0.03672266644609364,0.08450779450423294,0.13730925725138785,0.6303319743739079,0.3333333333333333,0.16666666666666666,6628,10812
Reactome_2022,Translation R-HSA-72766,96,1251.794056491958,0.11902821767930949,0.11902821767930949,0.08267890472061093,14.597070371348053,0.036714942332857325,0.12456204716693653,0.18040668160625678,0.21373325567850904,0.8333333333333334,0.16666666666666666,6628,10812
Reactome_2022,Metabolism Of Nitric Oxide: NOS3 Activation And Regulation R-HSA-202131,12,407.5309083058172,0.10002263480668687,0.10002263480668687,0.11393203883729627,6.489011598509689,0.03670079460719044,0.10654330480359156,0.1447051810023327,0.24221316249271985,0.5,0.16666666666666666,6628,10812
Reactome_2022,TCR Signaling R-HSA-202403,80,2166.9799905196055,0.15310872501618633,0.15310872501618633,0.12089222913815896,14.685436260868517,0.03665986920142724,0.1574364242669019,0.21483681676398803,0.22803727431566684,0.8333333333333334,0.16666666666666666,6628,10812
Reactome_2022,InlB-mediated Entry Of Listeria Monocytogenes Into Host Cell R-HSA-8875360,11,151.08538387336907,0.06821384110736002,0.06821384110736002,0.04353569738072999,7.859904522712532,0.03664743864375486,0.07743489444538512,0.164218543251605,0.5026557949912639,0.16666666666666666,0.16666666666666666,6628,10812
Reactome_2022,Synthesis Of IP3 And IP4 In Cytosol R-HSA-1855204,17,44.624675093294435,0.028589543881368192,0.028589543881368192,0.02249896142532683,10.690282978796997,0.03663316432266109,0.0464688147862173,0.080793669144548,-0.04435643564356435,0.3333333333333333,0.16666666666666666,6628,10812
KEGG_2019_Mouse,ErbB signaling pathway,64,681.3008339484011,0.08370510784346995,0.08370510784346995,0.03153500083124709,18.404875898144837,0.0366325343578192,0.09137005884075888,0.13193448182755568,0.11953407105416423,0.16666666666666666,0.16666666666666666,6628,10812
Reactome_2022,L1CAM Interactions R-HSA-373760,52,2540.588723264269,0.16963264737980968,0.16963264737980968,0.1157875489568486,14.115531625965115,0.03662521892825157,0.17354146973742385,0.24099413639996242,0.18744321490972626,1.0,0.16666666666666666,6628,10812
Reactome_2022,mRNA Decay By 3 To 5 Exoribonuclease R-HSA-429958,10,974.0651941876815,0.17655367505288638,0.17655367505288638,0.10995464374009509,10.809827777287222,0.036596464864838876,0.18030668710639544,0.23605055681564518,-0.22157251019219568,0.3333333333333333,0.3333333333333333,6628,10812
Reactome_2022,RAB GEFs Exchange GTP For GDP On RABs R-HSA-8876198,71,127.23025995478146,0.03826966423602896,0.03826966423602896,0.022737547465991534,14.685190727942857,0.03659146976152977,0.05294811479219391,0.10425254764578322,0.22875946418171228,0.8333333333333334,0.16666666666666666,6628,10812
Reactome_2022,FLT3 Signaling In Disease R-HSA-9682385,22,183.2997351203069,0.06463740011660798,0.06463740011660798,0.024981986790256205,12.577375070730142,0.03655226331194999,0.07425672661153736,0.1119614702961555,0.28585905649388466,0.16666666666666666,0.3333333333333333,6628,10812
Reactome_2022,Asymmetric Localization Of PCP Proteins R-HSA-4608870,52,2217.631906100629,0.16996187533755022,0.16996187533755022,0.16076303389695046,10.914596143790066,0.036532602476045624,0.17384380953007708,0.22952512399599406,0.40464764123471164,0.8333333333333334,0.16666666666666666,6628,10812
Reactome_2022,Transcriptional Activation Of Mitochondrial Biogenesis R-HSA-2151201,42,110.20248190869438,-0.029956033727711856,0.029956033727711856,-0.03799474998858278,12.730875524252728,0.03652261694409216,0.04723627319275621,0.11342570855343236,0.5097495631916132,1.0,0.3333333333333333,6628,10812
KEGG_2019_Mouse,Transcriptional misregulation in cancer,109,902.164395609421,0.08945363058144992,0.08945363058144992,0.020307146147232155,31.41061724874304,0.03651117546116571,0.09661789667426289,0.14535938071055465,-0.01749563191613279,0.16666666666666666,0.16666666666666666,6628,10812
Reactome_2022,Degradation Of Beta-Catenin By Destruction Complex R-HSA-195253,71,1828.2521408351333,0.14599303077356368,0.14599303077356368,0.13254817321073267,12.359904199108923,0.036411717881454836,0.15046520605618224,0.2064326708948363,0.22861968549796155,0.8333333333333334,0.16666666666666666,6628,10812
Reactome_2022,RHO GTPases Activate NADPH Oxidases R-HSA-5668599,12,50.31252467620323,-0.02682070526857908,0.02682070526857908,-0.04824685622364466,7.083093828842409,0.03640529058283074,0.04521830838857566,0.07967048247879932,0.4335818287711124,0.3333333333333333,0.16666666666666666,6628,10812
Reactome_2022,PKMTs Methylate Histone Lysines R-HSA-3214841,41,609.1893481984956,0.09216873441044642,0.09216873441044642,0.030450796959390264,16.935683716944187,0.036402820137642476,0.0990971287010727,0.14135272835884644,0.20879440885264997,0.16666666666666666,0.16666666666666666,6628,10812
Reactome_2022,Autophagy R-HSA-9612973,112,20.96142023726808,0.018797311051799024,0.018797311051799024,0.004963166968032948,14.006465487192006,0.036362190596129905,0.04093345584882083,0.08733603011219127,0.28663948747815954,0.8333333333333334,0.5,6628,10812
Reactome_2022,Interleukin-1 Signaling R-HSA-9020702,88,1858.252113301972,0.13735582058591395,0.13735582058591395,0.10886850785569188,15.277088229441773,0.03629631928126067,0.1420705607865225,0.1971516093807088,0.1741409435061153,0.8333333333333334,0.16666666666666666,6628,10812
KEGG_2019_Mouse,TNF signaling pathway,73,2058.3410183565243,0.14067029253987426,0.14067029253987426,0.06966506964399186,24.035325768794102,0.0362950042101501,0.1452771782967601,0.20764931636109749,0.12392545136866627,0.3333333333333333,0.16666666666666666,6628,10812
Reactome_2022,Negative Regulation Of MET Activity R-HSA-6807004,17,62.139726332340196,0.04218871722392925,0.04218871722392925,0.009304267370461323,10.278571887112378,0.036273588113451195,0.05563866511361477,0.11146262184399616,0.08086196854979616,0.16666666666666666,0.16666666666666666,6628,10812
Reactome_2022,Downstream Signal Transduction R-HSA-186763,27,1145.2199409711222,0.1334385810533382,0.1334385810533382,0.0867314185149677,11.527309659876257,0.0362080109326443,0.1382637876279498,0.2042786116198281,0.0394059405940594,0.16666666666666666,0.16666666666666666,6628,10812
Reactome_2022,Synthesis Of PIPs At Plasma Membrane R-HSA-1660499,39,0.12698911979062522,0.0044795955436045115,0.0044795955436045115,-0.011950164182455725,11.912341794713019,0.03619328007957216,0.03646944336225379,0.06865616547053405,0.2880722189866045,0.16666666666666666,0.5,6628,10812
Reactome_2022,Synthesis Of Glycosylphosphatidylinositol (GPI) R-HSA-162710,13,41.18307888565416,-0.02965618643090621,0.02965618643090621,-0.03581920233350894,11.351673233189647,0.036186255600102926,0.04678605014297153,0.10334094711268833,-0.5005125218404193,0.3333333333333333,0.16666666666666666,6628,10812
Reactome_2022,Positive Epigenetic Regulation Of rRNA Expression R-HSA-5250913,38,669.2884970979703,0.09832835186424997,0.09832835186424997,0.0484796866466241,15.453886340119935,0.0361825612666926,0.10477424550030277,0.1521068696354317,-0.0229120559114735,0.5,0.16666666666666666,6628,10812
Reactome_2022,Interferon Signaling R-HSA-913531,114,1909.3922228309198,0.12016737004700434,0.12016737004700434,0.06971153220566831,23.043358320495297,0.036178423893693225,0.12549531935273694,0.17279737128851694,0.006418171228887594,0.16666666666666666,0.16666666666666666,6628,10812
Reactome_2022,IRS-related Events Triggered By IGF1R R-HSA-2428928,28,81.89408719211266,-0.0302960837139131,0.0302960837139131,-0.022903694069888327,13.77612936979831,0.03613648976805657,0.04715610863034912,0.10884205988062925,-0.27348864298194525,0.3333333333333333,0.3333333333333333,6628,10812
Reactome_2022,CLEC7A (Dectin-1) Induces NFAT Activation R-HSA-5607763,11,34.67588668392823,0.03506921452216941,0.03506921452216941,0.028017700016911517,5.0461152257339545,0.03605993801378559,0.05030078465352202,0.1020248993049555,0.63648223645894,0.6666666666666666,0.16666666666666666,6628,10812
KEGG_2019_Mouse,Gastric cancer,83,1006.224638263949,0.09970460849059053,0.09970460849059053,0.035212272878379004,21.50247289585737,0.03604500008494361,0.10602004992163284,0.15587971674465828,0.21516598718695398,0.6666666666666666,0.16666666666666666,6628,10812
KEGG_2019_Mouse,Hepatocellular carcinoma,115,2648.9651783821405,0.15032249624965463,0.15032249624965463,0.09708736260084318,19.277272370939517,0.036033401841050874,0.154580913850857,0.21391374748354,0.039836924868957485,0.8333333333333334,0.16666666666666666,6628,10812
Reactome_2022,TNFR1-induced NFkappaB Signaling Pathway R-HSA-5357956,23,361.64204391954775,0.07778249623545418,0.07778249623545418,0.06013166338686406,9.09274230030176,0.03602892341783102,0.08572164279379142,0.13243316684656783,0.048922539312754795,1.0,0.16666666666666666,6628,10812
Reactome_2022,Sensory Processing Of Sound By Outer Hair Cells Of Cochlea R-HSA-9662361,25,2392.683994569857,0.18911047036281892,0.18911047036281892,0.1870852733985892,8.737929192802214,0.036006396112711496,0.1925077415634813,0.23849763695272713,0.7687594641817123,0.8333333333333334,0.16666666666666666,6628,10812
Reactome_2022,ABC-family Proteins Mediated Transport R-HSA-382556,72,1014.5206050410943,0.10839128049103378,0.10839128049103378,0.12040864885680763,11.797538280265021,0.03597165594701204,0.1142043331842368,0.17445223415744956,0.3943622597553873,1.0,0.3333333333333333,6628,10812
Reactome_2022,Carboxyterminal Post-Translational Modifications Of Tubulin R-HSA-8955332,19,3680.2834778996244,0.24576249652985202,0.24576249652985202,0.20799090507196935,12.88359422423829,0.03590593169047184,0.24837157774420637,0.28863837995088676,0.41813628421665694,0.16666666666666666,0.16666666666666666,6628,10812
Reactome_2022,Toll-like Receptor Cascades R-HSA-168898,106,2292.0715058888386,0.1296804620838932,0.1296804620838932,0.12325089976491777,18.32167512217512,0.03586412285108406,0.13454834653079056,0.1858178620095287,0.10690739662201514,0.6666666666666666,0.16666666666666666,6628,10812
Reactome_2022,RHOG GTPase Cycle R-HSA-9013408,61,1160.1390748280394,0.10784617486249906,0.10784617486249906,0.06936636920416553,17.497465225372114,0.03579665117481301,0.11363185146693675,0.1683971571437628,0.00926033779848573,0.6666666666666666,0.16666666666666666,6628,10812
Reactome_2022,HDACs Deacetylate Histones R-HSA-3214815,30,0.43661287541974875,0.001867289933729932,0.001867289933729932,-0.013387126924949318,8.99822688191232,0.03574245213359187,0.035791195233167546,0.06669274161874236,0.2695165987186954,1.0,0.8333333333333334,6628,10812
Reactome_2022,Listeria Monocytogenes Entry Into Host Cells R-HSA-8876384,15,396.82797604268285,0.0989227343217149,0.0989227343217149,0.05922784476480309,9.226353086108322,0.03573927456299687,0.10518081151984833,0.18717882962935545,0.46024461269656375,0.5,0.16666666666666666,6628,10812
Reactome_2022,TP53 Regulates Transcription Of DNA Repair Genes R-HSA-6796648,49,1033.190433174045,0.10994587633323458,0.10994587633323458,0.06303755304828479,18.138424316668374,0.03570737003931672,0.11559892732118063,0.16127794679704993,-0.09734420500873618,0.8333333333333334,0.16666666666666666,6628,10812
Reactome_2022,Signaling By PDGFR In Disease R-HSA-9671555,18,122.1560324438408,0.0509099301088394,0.0509099301088394,0.03184122462238159,9.89235332955381,0.035676256818690785,0.0621660380294586,0.1114712467787257,0.0829120559114735,0.3333333333333333,0.16666666666666666,6628,10812
Reactome_2022,IKK Complex Recruitment Mediated By RIP1 R-HSA-937041,14,133.61572789079358,0.05653552522076665,0.05653552522076665,0.06033096135374007,7.660703419407975,0.03562560733145359,0.06682401895817748,0.11855763177019109,0.42495049504950494,1.0,0.16666666666666666,6628,10812
Reactome_2022,Regulation Of Expression Of SLITs And ROBOs R-HSA-9010553,68,1945.6605722434128,0.1506847407785576,0.1506847407785576,0.13384584165299832,12.212918563370824,0.035609565925936386,0.15483517781478048,0.20773776167300195,0.29566686080372745,0.8333333333333334,0.16666666666666666,6628,10812
Reactome_2022,Cargo Trafficking To Periciliary Membrane R-HSA-5620920,40,2.20810433825173,0.004625075508569621,0.004625075508569621,0.013712742295323627,11.391656239460236,0.03560746086339007,0.03590658146632488,0.07476186303219526,0.2640419336051252,0.8333333333333334,0.5,6628,10812
KEGG_2019_Mouse,Insulin signaling pathway,100,252.17247787192383,0.0441701808880232,0.0441701808880232,0.05046843285949745,16.76733696831429,0.035604470011899536,0.05673343956176942,0.10319404593049393,0.31614443797320907,0.8333333333333334,0.16666666666666666,6628,10812
Reactome_2022,GRB2 Events In ERBB2 Signaling R-HSA-1963640,10,3.5235159933405438,-0.0042518810867477426,0.0042518810867477426,-0.037582074184181455,6.985247392772205,0.03559327946549005,0.03584633922570502,0.06624503577611532,0.9304018637157833,0.16666666666666666,1.0,6628,10812
KEGG_2019_Mouse,Gap junction,55,2490.078622246249,0.15331330816605893,0.15331330816605893,0.09341056461348013,22.202833478089325,0.035590204131765134,0.15739006668453273,0.1951586392567968,0.23369831100757132,0.16666666666666666,0.16666666666666666,6628,10812
KEGG_2019_Mouse,Glutamatergic synapse,48,87.892996871698,0.02312483433330846,0.02312483433330846,0.03911318578141745,18.302725223438372,0.03557057762013691,0.0424266891846765,0.07301963086344873,0.3255562026790914,0.3333333333333333,0.16666666666666666,6628,10812
Reactome_2022,RUNX2 Regulates Bone Development R-HSA-8941326,18,1307.7491294514782,0.16882799019962072,0.16882799019962072,0.08970191180775176,10.858491405867982,0.035568085660194,0.17253399372985645,0.24107723106565482,0.2893302271403611,0.8333333333333334,0.16666666666666666,6628,10812
Reactome_2022,RIP-mediated NFkB Activation Via ZBP1 R-HSA-1810476,15,1524.368037885838,0.1933424607975563,0.1933424607975563,0.11804230729094786,11.126302009426553,0.035531403652628996,0.19658023245682832,0.24627542612604617,0.24274898078043097,1.0,0.16666666666666666,6628,10812
Reactome_2022,tRNA Aminoacylation R-HSA-379724,21,42.958945188770244,0.03350124601437358,0.03350124601437358,0.006430507749390411,10.509708255793921,0.03551974300583169,0.048826075284789286,0.09010912354782012,0.21195107746068723,1.0,0.5,6628,10812
Reactome_2022,HIV Life Cycle R-HSA-162587,125,2013.148715899222,0.12536907897902197,0.12536907897902197,0.07995663534860634,23.73088664825362,0.035458451271024004,0.13028702057606434,0.17454314509981556,0.026103669190448455,0.5,0.16666666666666666,6628,10812
Reactome_2022,Signaling By NOTCH1 R-HSA-1980143,55,44.45092762675772,0.02499796876784558,0.02499796876784558,-0.0033670806829726972,15.515026568789642,0.03537396242976964,0.043315305153039586,0.08906079870108345,0.03219569015725102,0.3333333333333333,0.16666666666666666,6628,10812
KEGG_2019_Mouse,cAMP signaling pathway,95,185.6696815340155,0.03887187414978256,0.03887187414978256,0.03238955939672762,17.37277838155231,0.03536534032479603,0.052552163573017424,0.09516421461792084,0.12166569598136283,0.8333333333333334,0.16666666666666666,6628,10812
MSigDB_Hallmark_2020,Androgen Response,83,870.86419285601,0.09695239353328432,0.09695239353328432,0.05093307238202303,17.65727468571937,0.035335894670988376,0.10319104643345767,0.1600621764274061,0.3922539312754804,1.0,0.16666666666666666,6628,10812
KEGG_2019_Mouse,Natural killer cell mediated cytotoxicity,52,549.7338900145567,0.07874612557019778,0.07874612557019778,0.0433996606236266,15.3180945403779,0.03530468005919166,0.08629816177879598,0.1436266350022503,-0.012382061735585322,0.16666666666666666,0.16666666666666666,6628,10812
Reactome_2022,Semaphorin Interactions R-HSA-373755,49,1592.6827031049258,0.13322345704417907,0.13322345704417907,0.06574672866968138,16.38341468826481,0.03529934843189453,0.1378206570384807,0.19574034522134415,0.0017472335468841,0.5,0.16666666666666666,6628,10812
Reactome_2022,Beta-catenin Independent WNT Signaling R-HSA-3858494,101,2838.038758930428,0.16260488663072095,0.16260488663072095,0.13268664456102416,15.63377275632716,0.03523219618944774,0.16637805385483193,0.2250928639742587,0.09192778101339545,1.0,0.16666666666666666,6628,10812
Reactome_2022,Cellular Response To Starvation R-HSA-9711097,60,0.09883113530039046,0.00587931565298884,0.00587931565298884,-0.012379923524147591,12.00387952247504,0.03522382103708544,0.03571111761062796,0.07137023011617982,0.8130343622597553,0.5,0.5,6628,10812
Reactome_2022,C-type Lectin Receptors (CLRs) R-HSA-5621481,98,2395.7895970038726,0.15121970015422695,0.15121970015422695,0.11560542347517143,15.86966824472479,0.03521221519865519,0.1552652498594927,0.2089182395857025,0.18822364589400115,0.8333333333333334,0.16666666666666666,6628,10812
KEGG_2019_Mouse,Sphingolipid signaling pathway,92,917.8366713490861,0.08920291545175717,0.08920291545175717,0.06056874539251576,13.433292740186733,0.035209378389697524,0.0959002630428209,0.1586830270530574,0.11930110658124635,0.5,0.16666666666666666,6628,10812
Reactome_2022,RHO GTPases Activate ROCKs R-HSA-5627117,19,1518.1828063000496,0.1691177910613697,0.1691177910613697,0.12439832150326222,7.275665512370629,0.035172253632068586,0.1727365470276503,0.23546132280699925,0.10704717530576587,0.5,0.16666666666666666,6628,10812
KEGG_2019_Mouse,Toll-like receptor signaling pathway,54,1800.4635416463666,0.13545140124169883,0.13545140124169883,0.0854687052608397,16.439133264646163,0.03507610147749587,0.13991931601176183,0.20241153031443515,-0.06225975538730343,0.3333333333333333,0.16666666666666666,6628,10812
Reactome_2022,FLT3 Signaling R-HSA-9607240,27,106.73341257461045,0.04937594808069752,0.04937594808069752,0.002857935492831674,11.652256974596314,0.034978476407952507,0.06051014841073709,0.10567884364670005,-0.008410017472335468,0.3333333333333333,0.16666666666666666,6628,10812
Reactome_2022,RAF Activation R-HSA-5673000,27,1459.177880894948,0.1517349039306151,0.1517349039306151,0.14850481141375302,7.638579280005502,0.03496519313901869,0.15571141834201455,0.2172472247165248,0.22729178800232963,0.8333333333333334,0.16666666666666666,6628,10812
Reactome_2022,Post-translational Modification: Synthesis Of GPI-anchored Proteins R-HSA-163125,30,285.96262040952706,0.06261647278381902,0.06261647278381902,0.031082878151899886,12.606585247268907,0.03494848431155048,0.07170926871445166,0.12670415584126785,-0.03720442632498543,0.6666666666666666,0.16666666666666666,6628,10812
Reactome_2022,FGFR2 Mutant Receptor Activation R-HSA-1839126,18,168.52581407973773,0.05127125902155229,0.05127125902155229,0.0740834052702348,10.130776852534375,0.03494430854148423,0.06204713289989756,0.0912770226425755,0.7653348864298194,0.6666666666666666,0.16666666666666666,6628,10812
Reactome_2022,RHOD GTPase Cycle R-HSA-9013405,45,1386.417179572634,0.12037382221165424,0.12037382221165424,0.08225965915946781,14.370785845317846,0.0349325567704583,0.12534009971419455,0.16961722320013478,0.16656959813628422,0.16666666666666666,0.16666666666666666,6628,10812
Reactome_2022,Deadenylation Of mRNA R-HSA-429947,24,98.88138229663973,0.04921428019877976,0.04921428019877976,-0.0018438510913472337,9.328081886411344,0.0348964413573608,0.06033081298053034,0.11644567895812519,0.09103086779266162,0.6666666666666666,0.16666666666666666,6628,10812
Reactome_2022,Post-translational Protein Phosphorylation R-HSA-8957275,65,341.9866205831139,0.05312491831546502,0.05312491831546502,0.04983119470341607,16.75040183211931,0.0348129916822719,0.06351536299112807,0.09893190705648774,0.564507862550961,0.16666666666666666,0.16666666666666666,6628,10812
KEGG_2019_Mouse,RNA polymerase,25,508.27630150039676,0.1002033367744913,0.1002033367744913,0.02477453431391464,16.32714639921534,0.03480430402980942,0.10607567242182125,0.14581181497732598,-0.07659871869539896,0.6666666666666666,0.16666666666666666,6628,10812
KEGG_2019_Mouse,Hippo signaling pathway,94,3330.927199055749,0.17219766689250124,0.17219766689250124,0.09572582945229634,23.56271388090993,0.034766757408956725,0.17567231968626726,0.22432354081379613,0.16625509609784506,0.8333333333333334,0.16666666666666666,6628,10812
Reactome_2022,Signaling By PDGFRA Extracellular Domain Mutants R-HSA-9673770,11,763.853644332145,0.1511630068485615,0.1511630068485615,0.10752743753406654,7.590972914007916,0.03475541725053052,0.15510703938814882,0.21518675609487545,0.24995923121723934,0.5,0.16666666666666666,6628,10812
MSigDB_Hallmark_2020,UV Response Up,107,1242.0236882915624,0.10933646434416801,0.10933646434416801,0.05363698507072216,20.425394240099227,0.034706003150911824,0.11471254983651359,0.1690815540716602,0.6240419336051253,0.8333333333333334,0.16666666666666666,6628,10812
Reactome_2022,Activated NOTCH1 Transmits Signal To Nucleus R-HSA-2122948,20,59.756113172923165,0.03405544866901236,0.03405544866901236,0.02694563648720624,7.458609262248249,0.034672895525104205,0.04860023938359283,0.09960861374341487,0.052195690157251014,0.3333333333333333,0.16666666666666666,6628,10812
Reactome_2022,Signaling By PDGF R-HSA-186797,42,2315.1728816513837,0.16128295713499002,0.16128295713499002,0.10436805827068596,17.406442056909334,0.03466001416563349,0.1649651746404947,0.2106074689847099,0.22663948747815957,0.16666666666666666,0.16666666666666666,6628,10812
Reactome_2022,Costimulation By CD28 Family R-HSA-388841,36,745.5650898050084,0.10210244198161758,0.10210244198161758,0.06493719256747729,8.990223639781382,0.03462599362368527,0.10781404404360816,0.17187943848990636,0.3135235876528829,0.8333333333333334,0.16666666666666666,6628,10812
Reactome_2022,Signaling By KIT In Disease R-HSA-9669938,18,229.2314514422181,0.06733316046525112,0.06733316046525112,0.048217883281424304,9.679073186732095,0.0346238944555867,0.07571372772166791,0.12563566629396666,-0.03729761211415259,0.3333333333333333,0.16666666666666666,6628,10812
Reactome_2022,Protein Ubiquitination R-HSA-8852135,54,249.85345173676856,0.06013324057149438,0.06013324057149438,0.025314776334854988,11.528282218042358,0.03461540304573568,0.06938467229617751,0.12197088416831049,0.28919044845661035,0.8333333333333334,0.16666666666666666,6628,10812
Reactome_2022,Activation Of HOX Genes During Differentiation R-HSA-5619507,51,265.88637736888205,0.05757695820554622,0.05757695820554622,0.013459028332149299,15.730417713015038,0.03459741475231474,0.0671720717541666,0.11856968624350164,0.03935934769947583,0.3333333333333333,0.16666666666666666,6628,10812
Reactome_2022,Fc Epsilon Receptor (FCERI) Signaling R-HSA-2454202,105,1780.962790435104,0.1281353456162461,0.1281353456162461,0.09682063616177673,15.531618861007908,0.03459276254667123,0.13272274114410537,0.18908999344147573,0.0632847990681421,0.8333333333333334,0.16666666666666666,6628,10812
Reactome_2022,Regulation Of Insulin Secretion R-HSA-422356,37,689.0121177881546,0.08888062072566283,0.08888062072566283,0.0662176248772114,10.00529265488412,0.03457620738374793,0.09536917142149806,0.1459978766825085,0.34935352358765287,0.8333333333333334,0.16666666666666666,6628,10812
Reactome_2022,TAK1-dependent IKK And NF-kappa-B Activation R-HSA-445989,31,754.3302937110165,0.10449416659841324,0.10449416659841324,0.06853201380753754,10.667614026624674,0.034557715094274584,0.11006028586930894,0.1667674771214693,0.03292952824694234,1.0,0.16666666666666666,6628,10812
KEGG_2019_Mouse,Apelin signaling pathway,86,1575.0147954566269,0.11733216178791077,0.11733216178791077,0.05626617766164086,21.277821948222027,0.03453672902636967,0.12230953291410013,0.17027525150270292,0.4367501456027955,0.16666666666666666,0.16666666666666666,6628,10812
Reactome_2022,Constitutive Signaling By AKT1 E17K In Cancer R-HSA-5674400,24,45.10112671908476,0.038072226516151754,0.038072226516151754,-0.006478769236951302,8.241575640021038,0.03448883909496308,0.05137094951444272,0.10534283053912019,0.1141642399534071,0.8333333333333334,0.16666666666666666,6628,10812
Reactome_2022,IRS-mediated Signaling R-HSA-112399,27,56.136640838687484,-0.026196843183068703,0.026196843183068703,-0.013207869878562704,12.710626562949036,0.034482464698979386,0.04330490693298685,0.09930221051438676,-0.23199767035527083,0.3333333333333333,0.3333333333333333,6628,10812
KEGG_2019_Mouse,NOD-like receptor signaling pathway,95,639.838577379056,0.07615593971525188,0.07615593971525188,0.040355500838514705,17.2776740717971,0.0344663913068093,0.08359222023386613,0.1409811936716232,0.008351776354105998,0.6666666666666666,0.16666666666666666,6628,10812
Reactome_2022,APC Truncation Mutants Have Impaired AXIN Binding R-HSA-5467337,13,284.93279395994256,0.0849417854807325,0.0849417854807325,0.0834857880717754,5.2885769710323665,0.03443117642829387,0.09165485710474416,0.14767352475614465,0.2967152009318579,0.8333333333333334,0.16666666666666666,6628,10812
MSigDB_Hallmark_2020,Unfolded Protein Response,96,1472.2078731469833,0.11700408661671914,0.11700408661671914,0.0692201781756367,19.010194770633404,0.03442563706127562,0.12196344030932954,0.17696269123023395,0.12880605707629583,0.5,0.16666666666666666,6628,10812
Reactome_2022,Signaling By NOTCH R-HSA-157118,141,1214.7041743910372,0.099468408237666,0.099468408237666,0.05969579231278608,16.34752013646417,0.03437555462532871,0.1052408808074787,0.16517727875774793,0.03350029120559115,0.8333333333333334,0.16666666666666666,6628,10812
Reactome_2022,FOXO-mediated Transcription R-HSA-9614085,49,27.46509442840395,-0.008203539518880794,0.008203539518880794,-0.03756068034646433,12.21547273503848,0.034371733128976754,0.03533714899263148,0.05457604654054832,0.45920792079207917,1.0,0.6666666666666666,6628,10812
Reactome_2022,SUMOylation Of Transcription Cofactors R-HSA-3899300,37,2.7160094207997174,0.01479115481643441,0.01479115481643441,-0.01608041703437133,12.107455064598671,0.034368977351618216,0.037416638878977046,0.07619615561230861,0.044437973209085616,0.3333333333333333,0.16666666666666666,6628,10812
Reactome_2022,Opioid Signaling R-HSA-111885,54,433.5738663865573,0.05812213561445372,0.05812213561445372,0.06664345338374363,13.271682011542524,0.03434216979659292,0.06750975688537894,0.1073793004936459,0.4006173558532324,0.3333333333333333,0.16666666666666666,6628,10812
KEGG_2019_Mouse,Type II diabetes mellitus,24,68.19675085063139,0.028983641442776764,0.028983641442776764,0.04093990200451088,9.721856872422313,0.034304793558441946,0.04490957951674416,0.07209393628877044,0.5145369831100757,0.3333333333333333,0.16666666666666666,6628,10812
KEGG_2019_Mouse,"Parathyroid hormone synthesis, secretion and action",71,9.821226102269414,0.01711691962863236,0.01711691962863236,-0.013769195187116877,16.250295053960315,0.03428389300443629,0.038319371825653606,0.08037546641095068,0.642632498543972,0.3333333333333333,0.16666666666666666,6628,10812
KEGG_2019_Mouse,mRNA surveillance pathway,67,1194.3726494711455,0.11250657754191608,0.11250657754191608,0.07769916411309088,14.398794461272596,0.03426098825531629,0.11760759034359178,0.16690822103376152,0.1525917297612114,0.8333333333333334,0.16666666666666666,6628,10812
KEGG_2019_Mouse,Circadian entrainment,42,320.7555932227015,0.05576939206765065,0.05576939206765065,0.05605174137493016,13.049852166255716,0.034256709506134804,0.06545034176979554,0.10521005377239018,0.33800815375655213,0.3333333333333333,0.16666666666666666,6628,10812
KEGG_2019_Mouse,Progesterone-mediated oocyte maturation,55,531.43697311974,0.07759626730523418,0.07759626730523418,0.03990010827267401,12.38881999478899,0.034155213030318335,0.08478065390672435,0.13728052573203764,0.10342457775189284,0.8333333333333334,0.16666666666666666,6628,10812
Reactome_2022,Beta-catenin Phosphorylation Cascade R-HSA-196299,14,360.21136871674827,0.09530889926299667,0.09530889926299667,0.08662874740428463,5.07412640589454,0.03409951376998011,0.10122530868351605,0.1585124590444899,0.30888759464181714,0.8333333333333334,0.16666666666666666,6628,10812
Reactome_2022,CTNNB1 S33 Mutants Not Phosphorylated R-HSA-5358747,14,360.21136871674827,0.09530889926299667,0.09530889926299667,0.08662874740428463,5.07412640589454,0.03409951376998011,0.10122530868351605,0.1585124590444899,0.30888759464181714,0.8333333333333334,0.16666666666666666,6628,10812
Reactome_2022,Platelet Aggregation (Plug Formation) R-HSA-76009,23,4321.632489175616,0.2601900881720536,0.2601900881720536,0.25601200309033106,9.096510570163566,0.03407331020335567,0.26241164694272834,0.3120143543969356,0.6637390797903319,1.0,0.16666666666666666,6628,10812
Reactome_2022,Cargo Concentration In ER R-HSA-5694530,19,120.19183724009942,0.048888566882539244,0.048888566882539244,0.04885442919472671,7.7188209873255165,0.034021774778964425,0.05956150712447673,0.11107179442212028,0.19395457192778098,0.5,0.3333333333333333,6628,10812
Reactome_2022,Signaling By ERBB2 R-HSA-1227986,39,284.20167957938554,0.06513635567795881,0.06513635567795881,0.013483131212976921,14.50613215084374,0.03400472159213262,0.07347833640988348,0.10457480786262796,0.2027140361094933,0.8333333333333334,0.16666666666666666,6628,10812
KEGG_2019_Mouse,Influenza A,99,773.7892024030169,0.08397270017038515,0.08397270017038515,0.043070932063005565,17.65294121672732,0.033981569653871044,0.09058786590954826,0.14568094945016857,0.06136284216656959,0.6666666666666666,0.16666666666666666,6628,10812
Reactome_2022,Pausing And Recovery Of Tat-mediated HIV Elongation R-HSA-167238,26,1276.5993528951483,0.14534002980641655,0.14534002980641655,0.10495040033183063,12.379986156036388,0.033894106704208865,0.14923985638362947,0.19020355906747127,-0.015794991263832263,0.6666666666666666,0.3333333333333333,6628,10812
Reactome_2022,Signal Amplification R-HSA-392518,18,622.2178988431472,0.10593142195888415,0.10593142195888415,0.10495450313408203,7.142378966070951,0.03388307724027605,0.11121838463807,0.15990183561997182,0.24951659871869536,0.8333333333333334,0.16666666666666666,6628,10812
KEGG_2019_Mouse,Osteoclast differentiation,78,1853.3210821195707,0.12673170352503005,0.12673170352503005,0.06017790774394856,24.826780461867806,0.03387211003141993,0.13118019864421893,0.18304961410170442,0.013337216074548632,0.16666666666666666,0.16666666666666666,6628,10812
Reactome_2022,ESR-mediated Signaling R-HSA-8939211,120,677.2338284350501,0.0781644382351805,0.0781644382351805,0.023272076479989693,23.938900169918487,0.03386091622774992,0.08518357266752814,0.1330840573847934,-0.0006057076295864881,0.16666666666666666,0.16666666666666666,6628,10812
Reactome_2022,Interleukin-1 Family Signaling R-HSA-446652,105,1963.8650561035465,0.13339520838179691,0.13339520838179691,0.10412020024111153,15.079592931238299,0.0338587490659014,0.13762520302448492,0.18861020438557974,0.1438555620267909,0.8333333333333334,0.16666666666666666,6628,10812
KEGG_2019_Mouse,Ubiquitin mediated proteolysis,116,169.81103321640907,0.04156526959916349,0.04156526959916349,0.020930389647942565,14.53162439940988,0.033836377005186866,0.05359638090102991,0.10537496411279053,0.19655212580081535,1.0,0.16666666666666666,6628,10812
Reactome_2022,Signaling By ALK R-HSA-201556,19,473.4374277348617,0.09849983444875314,0.09849983444875314,0.04448221786850942,8.749906444601942,0.03383186376871885,0.10414803115036271,0.1558566407274053,-0.02546301688992428,0.5,0.16666666666666666,6628,10812
Reactome_2022,Class A/1 (Rhodopsin-like Receptors) R-HSA-373076,33,192.11425645866893,0.04462907248413221,0.04462907248413221,0.03145384665692491,13.07380119443304,0.03382634790451056,0.05599978502950627,0.09217319211486272,0.3995107746068724,0.6666666666666666,0.16666666666666666,6628,10812
MSigDB_Hallmark_2020,UV Response Dn,118,334.71429603987775,0.05463930748844842,0.05463930748844842,-0.006306921288245107,26.76990723116864,0.033817043028887536,0.06425765574649334,0.11319685131186295,0.48753640069889337,0.16666666666666666,0.16666666666666666,6628,10812
Reactome_2022,Metabolism Of Folate And Pterines R-HSA-196757,12,1180.5110341844086,-0.175387501038359,0.175387501038359,-0.15241615111756504,6.835773372112013,0.033791398226126555,0.1786130849477637,0.2588314878184072,0.6230867792661618,1.0,0.16666666666666666,6628,10812
Reactome_2022,RHOF GTPase Cycle R-HSA-9035034,37,1601.5768764911484,0.131664133684132,0.131664133684132,0.0988561763927819,13.618891548704148,0.033780563086069984,0.1359285493971187,0.1671280372627923,0.30707047175305763,0.16666666666666666,0.16666666666666666,6628,10812
KEGG_2019_Mouse,Mitophagy,57,96.78251040819886,0.03824822666625205,0.03824822666625205,0.013317518807515485,11.72927985730253,0.03377717652403031,0.05102768363396971,0.09942912395033926,0.12450786255096097,0.8333333333333334,0.16666666666666666,6628,10812
Reactome_2022,Ub-specific Processing Proteases R-HSA-5689880,133,837.589079641303,0.08902554096706387,0.08902554096706387,0.06888283611338598,13.286870227049453,0.03373934666450099,0.09520446658547985,0.15248821387366213,0.2131391962725684,0.8333333333333334,0.16666666666666666,6628,10812
Reactome_2022,Downstream Signaling Of Activated FGFR1 R-HSA-5654687,17,33.5241293507236,-0.02084562199190652,0.02084562199190652,-0.034958893908829794,8.085994412758705,0.03371758013256682,0.03964107927674927,0.0851632699208174,-0.04474082702387886,0.16666666666666666,0.16666666666666666,6628,10812
Reactome_2022,Signaling By Type 1 Insulin-like Growth Factor 1 Receptor (IGF1R) R-HSA-2404192,29,39.70860201098317,-0.020056494014899666,0.020056494014899666,-0.016603506789207148,12.131930019846113,0.03368515411807394,0.03920398653361797,0.09078589829132666,-0.16085032032615026,0.3333333333333333,0.3333333333333333,6628,10812
Reactome_2022,IGF1R Signaling Cascade R-HSA-2428924,29,39.70860201098317,-0.020056494014899666,0.020056494014899666,-0.016603506789207148,12.131930019846113,0.03368515411807394,0.03920398653361797,0.09078589829132666,-0.16085032032615026,0.3333333333333333,0.3333333333333333,6628,10812
Reactome_2022,Integrin Signaling R-HSA-354192,20,5061.817929575082,0.29358676869497513,0.29358676869497513,0.29460445100964705,8.595193309802468,0.033653782864045086,0.2955093363225891,0.35272143203170603,0.7595457192778101,0.8333333333333334,0.16666666666666666,6628,10812
Reactome_2022,G-protein Activation R-HSA-202040,10,507.2159962773385,0.1213753904254796,0.1213753904254796,0.10498309074475615,4.777218836339713,0.03364196199799832,0.12595144702627423,0.18408596019797735,0.6704950495049504,0.6666666666666666,0.16666666666666666,6628,10812
KEGG_2019_Mouse,T cell receptor signaling pathway,64,804.8563848168649,0.08827448328734203,0.08827448328734203,0.057089958129002805,14.703205882539296,0.033617861631547716,0.09445922411456238,0.15336943055456015,0.05340710541642399,0.5,0.16666666666666666,6628,10812
Reactome_2022,Anchoring Of Basal Body To Plasma Membrane R-HSA-5620912,74,1392.9698032037177,0.11016764167539533,0.11016764167539533,0.06904522361337907,18.949852013461594,0.033597506384331226,0.11517682799749036,0.16327262744899104,0.12796738497379148,0.6666666666666666,0.16666666666666666,6628,10812
Reactome_2022,Myogenesis R-HSA-525793,18,57.4146220019858,0.04090283368982144,0.04090283368982144,-0.0004884818869631919,10.28226452172937,0.03356195116652035,0.05290979465052845,0.08764525389835104,-0.14901572510192196,0.3333333333333333,0.16666666666666666,6628,10812
MSigDB_Hallmark_2020,Interferon Alpha Response,65,275.9855664012697,0.049101478924219566,0.049101478924219566,0.037376694704527445,13.086794556462095,0.03355950326989866,0.05947432632882796,0.10654408762971335,0.1409784507862551,0.5,0.16666666666666666,6628,10812
Reactome_2022,Infection With Mycobacterium Tuberculosis R-HSA-9635486,16,490.4145113313197,0.10882075043894106,0.10882075043894106,0.07746093505718865,8.046939916002303,0.03347450210874538,0.11385296666105231,0.15393343660065417,0.2518462434478742,0.5,0.3333333333333333,6628,10812
Reactome_2022,Signaling By ERBB2 KD Mutants R-HSA-9664565,19,117.2617536865241,0.05596266196034895,0.05596266196034895,-0.009039380702123906,12.328683067267654,0.03347275441208686,0.06520923877503988,0.09248505039509683,0.5322306348281887,0.3333333333333333,0.16666666666666666,6628,10812
Reactome_2022,Estrogen-dependent Gene Expression R-HSA-9018519,73,459.2211690503657,0.07210711318160862,0.07210711318160862,0.01844382281811501,20.143301730559624,0.03343756095966648,0.07948274186461314,0.12678926370160465,-0.046860803727431566,0.5,0.16666666666666666,6628,10812
Reactome_2022,SRP-dependent Cotranslational Protein Targeting To Membrane R-HSA-1799339,21,1055.450523523602,0.1491508970802332,0.1491508970802332,0.1310009937586629,6.349691704583117,0.03339884361559705,0.15284460361654056,0.21020983788153014,0.3421665695981363,0.8333333333333334,0.16666666666666666,6628,10812
Reactome_2022,TGF-beta Receptor Signaling Activates SMADs R-HSA-2173789,37,949.6532058486457,0.11617732505405308,0.11617732505405308,0.07560470693820703,11.024504460537743,0.033394641675284525,0.1208816485217494,0.16691341821925604,0.06277227722772277,0.8333333333333334,0.16666666666666666,6628,10812
KEGG_2019_Mouse,Human cytomegalovirus infection,146,1736.0529164287093,0.11560091766814255,0.11560091766814255,0.06324474810061052,21.727390626521785,0.033390902200924374,0.12032674065023269,0.1770986128919534,0.05881188118811881,0.8333333333333334,0.16666666666666666,6628,10812
Reactome_2022,MyD88 Cascade Initiated On Plasma Membrane R-HSA-975871,68,1227.879116781037,0.10953534584445482,0.10953534584445482,0.07196108400437089,14.893201740479995,0.033350880056309394,0.11450010126543408,0.16950014510495368,0.025055329062318,1.0,0.16666666666666666,6628,10812
KEGG_2019_Mouse,Longevity regulating pathway,77,22.358471953000663,-0.0046318093074001546,0.0046318093074001546,-0.03816640534764131,14.048065939039446,0.033333265578963565,0.03365353252806956,0.0580677935788913,0.12710541642399534,0.5,0.6666666666666666,6628,10812
Reactome_2022,NOTCH1 Intracellular Domain Regulates Transcription R-HSA-2122947,37,4.418526737474563,0.013358564715485499,0.013358564715485499,-0.02214848770575537,11.453149862709012,0.03331478024521129,0.03589325610814008,0.07395509132123937,0.10306348281887011,0.3333333333333333,0.5,6628,10812
Reactome_2022,Toll Like Receptor 3 (TLR3) Cascade R-HSA-168164,74,1291.9759995263923,0.10855870036686263,0.10855870036686263,0.07367125413951876,15.40971451902864,0.03325566208670912,0.11353823358749084,0.1671638990900866,-0.02317996505532906,0.6666666666666666,0.16666666666666666,6628,10812
KEGG_2019_Mouse,Morphine addiction,33,89.82797075380824,0.023045077496208086,0.023045077496208086,0.05620023972683343,12.799773689169726,0.03322895568663465,0.0404380896288458,0.07869189586348282,0.6548980780430984,0.3333333333333333,0.16666666666666666,6628,10812
KEGG_2019_Mouse,Hepatitis C,110,3112.2356908058737,0.15810538226549628,0.15810538226549628,0.10192002389097683,18.31024138926633,0.033199375771230215,0.16155342909674822,0.21480149293103903,0.06566103669190448,0.8333333333333334,0.16666666666666666,6628,10812
Reactome_2022,Cellular Senescence R-HSA-2559583,93,1255.0330488544819,0.10634832254416648,0.10634832254416648,0.05369464019522617,20.625556215243257,0.03319490079318991,0.11140855957523099,0.15430504249439034,0.12404193360512522,0.5,0.16666666666666666,6628,10812
Reactome_2022,Signaling By FLT3 Fusion Proteins R-HSA-9703465,18,63.04501448179141,0.04557045574866732,0.04557045574866732,-0.0053003468667787886,10.559456971881385,0.03319115147498543,0.05637658178159328,0.0963572677596435,0.45155503785672685,0.16666666666666666,0.3333333333333333,6628,10812
Reactome_2022,Cargo Recognition For Clathrin-Mediated Endocytosis R-HSA-8856825,73,130.5306486190991,0.03505767719528552,0.03505767719528552,0.05061878021817987,12.270579485196485,0.03313519140106175,0.04823879807285666,0.089744810334424,0.11054164239953407,0.8333333333333334,0.16666666666666666,6628,10812
Reactome_2022,Signaling By Cytosolic FGFR1 Fusion Mutants R-HSA-1839117,16,419.51402474475094,0.09873964714897573,0.09873964714897573,0.07617259568640568,5.366307673124172,0.033130377791040236,0.10414960322383031,0.1678787625503809,0.22046592894583575,0.6666666666666666,0.16666666666666666,6628,10812
KEGG_2019_Mouse,Human immunodeficiency virus 1 infection,139,1586.01353102186,0.10891992089993544,0.10891992089993544,0.07421514506844165,17.835439069721556,0.03306174378933901,0.11382718511515642,0.1726555487364287,0.018602213162492717,1.0,0.16666666666666666,6628,10812
Reactome_2022,NCAM1 Interactions R-HSA-419037,13,825.9762492906945,0.13625218498019334,0.13625218498019334,0.11297765848364129,6.265409420350548,0.0330299496867433,0.1401985573684181,0.18779330771697045,0.31881188118811876,0.6666666666666666,0.16666666666666666,6628,10812
Reactome_2022,Tie2 Signaling R-HSA-210993,15,95.03423075425684,0.04771891051998347,0.04771891051998347,0.03782403763518809,5.690063950971811,0.033029724847953607,0.05803496484659669,0.1040592840980338,0.3966336633663366,0.16666666666666666,0.16666666666666666,6628,10812
Reactome_2022,CD28 Co-Stimulation R-HSA-389356,24,296.3979280961796,0.07580841176892422,0.07580841176892422,0.02180444000237874,10.095697583615866,0.03300906197833361,0.08268321152214782,0.13644642576426447,0.2170529994175888,1.0,0.16666666666666666,6628,10812
MSigDB_Hallmark_2020,Estrogen Response Early,138,98.76894110464653,0.027017811634967595,0.027017811634967595,0.018857716749069296,17.601485876144963,0.032981103141753135,0.04263467262674301,0.08013268654499858,0.09677344205008735,0.8333333333333334,0.16666666666666666,6628,10812
Reactome_2022,Signaling By FGFR2 IIIa TM R-HSA-8851708,17,223.45184388080665,0.0613747305716406,0.0613747305716406,0.08712210280767957,8.668116204621786,0.03297800979638171,0.06967357234182645,0.10086135442787096,0.7967268491555037,0.6666666666666666,0.3333333333333333,6628,10812
Reactome_2022,Signaling By BRAF And RAF1 Fusions R-HSA-6802952,50,2746.3754666649293,0.1651679351653555,0.1651679351653555,0.17332195023189265,12.30255221485731,0.032930777538522,0.16841877245746295,0.21312666669459282,0.4304834012813046,0.6666666666666666,0.16666666666666666,6628,10812
Reactome_2022,P75 NTR Receptor-Mediated Signaling R-HSA-193704,70,725.1569962474675,0.08387870465354387,0.08387870465354387,0.04032017113550123,16.673941725830016,0.03292136675524752,0.09010801009560669,0.14117181381619678,0.04053581828771113,0.8333333333333334,0.16666666666666666,6628,10812
KEGG_2019_Mouse,Thyroid hormone signaling pathway,90,91.95170505727354,0.034675606617407,0.034675606617407,-0.004080450706166647,15.175523405107155,0.032860477060124106,0.04777246745672767,0.09399278023060142,0.1908561444379732,1.0,0.16666666666666666,6628,10812
Reactome_2022,Regulation Of IGF Transport And Uptake By IGFBPs R-HSA-381426,68,328.61287794889586,0.05129026297647693,0.05129026297647693,0.04652290672382198,15.250797740167496,0.03284103560025375,0.06090340462973557,0.09584624238992827,0.5933372160745486,0.16666666666666666,0.16666666666666666,6628,10812
KEGG_2019_Mouse,Tuberculosis,105,533.882504870811,0.06942188235145784,0.06942188235145784,0.045401463962302956,14.009667452621544,0.03281382544627327,0.07678635874709869,0.12825256408838373,0.3571345369831101,1.0,0.16666666666666666,6628,10812
KEGG_2019_Mouse,Aminoacyl-tRNA biosynthesis,40,558.1122728137077,0.08556320190793214,0.08556320190793214,0.04935831222153867,14.452922533478402,0.032782624302763984,0.09162839067076174,0.13021880363279967,0.08598718695398952,0.6666666666666666,0.3333333333333333,6628,10812
KEGG_2019_Mouse,Cytosolic DNA-sensing pathway,30,1355.7272975054736,0.14463073223290707,0.14463073223290707,0.06715866140950294,14.664117834184935,0.03271583607712954,0.14828477547089067,0.1999699307467845,-0.053313919627256845,1.0,0.16666666666666666,6628,10812
KEGG_2019_Mouse,Vascular smooth muscle contraction,71,478.7903623958952,0.05959924471826421,0.05959924471826421,0.05326594286081967,13.208531544013097,0.03271502351831749,0.0679878131343523,0.09925090446016122,0.4223762376237623,0.3333333333333333,0.16666666666666666,6628,10812
Reactome_2022,Signaling By NODAL R-HSA-1181150,12,4.990444637792449,0.021233821977912595,0.021233821977912595,-0.021056987754431974,5.298442284611444,0.03270750594888076,0.0389955913044764,0.08646110201324694,0.47977868375072796,0.6666666666666666,0.5,6628,10812
KEGG_2019_Mouse,Protein export,20,168.697539827314,0.06156923191141945,0.06156923191141945,0.036052354748947996,8.327577529753166,0.03270699904405258,0.06971741607826416,0.11663094295265049,0.33348864298194525,0.8333333333333334,0.3333333333333333,6628,10812
Reactome_2022,ER-Phagosome Pathway R-HSA-1236974,66,3441.999134765488,0.20161766790284383,0.20161766790284383,0.2134237213697168,10.107583473968234,0.032664671935048566,0.2042465784369612,0.2610212502914131,0.5141176470588235,0.8333333333333334,0.16666666666666666,6628,10812
KEGG_2019_Mouse,FoxO signaling pathway,100,95.80753405098183,-0.015720280323037385,0.015720280323037385,-0.05341134042298324,17.415560165456334,0.03265622794672078,0.03624301915049385,0.06270259601333242,0.1760978450786255,0.5,0.3333333333333333,6628,10812
Reactome_2022,Post NMDA Receptor Activation Events R-HSA-438064,32,1365.9622449029296,0.14288172178520783,0.14288172178520783,0.07466645348089532,16.224484897254058,0.03264893368575469,0.14656445439165097,0.1910840748376092,0.014140943506115318,1.0,0.16666666666666666,6628,10812
Reactome_2022,Late Phase Of HIV Life Cycle R-HSA-162599,116,1813.3026565470914,0.12040009358769994,0.12040009358769994,0.07823932972723163,19.54265181368772,0.03264293110450252,0.12474671733965667,0.1675058587582297,0.06232964472917879,0.6666666666666666,0.16666666666666666,6628,10812
Reactome_2022,RAC2 GTPase Cycle R-HSA-9013404,65,1385.9930756071424,0.11343800359774846,0.11343800359774846,0.07711977273092864,12.752316858597343,0.03263878145726102,0.11804012332786527,0.17191164028606826,-0.0008037274315666861,0.8333333333333334,0.16666666666666666,6628,10812
Reactome_2022,Cytochrome C-Mediated Apoptotic Response R-HSA-111461,10,459.1438234533252,0.12542516134760026,0.12542516134760026,0.06188813451189061,7.245453496901721,0.03261767089689541,0.12959700441680638,0.18726818670084372,0.1365055329062318,0.6666666666666666,0.16666666666666666,6628,10812
Reactome_2022,Neurotransmitter Receptors And Postsynaptic Signal Transmission R-HSA-112314,69,1125.8739563630952,0.10443886928978599,0.10443886928978599,0.06992607270885064,14.261179676792311,0.03260184269003827,0.10940912925946815,0.1627551598443836,0.5405940594059406,1.0,0.16666666666666666,6628,10812
Reactome_2022,Antigen processing-Cross Presentation R-HSA-1236975,73,3092.139152176431,0.18865018551384535,0.18865018551384535,0.19159002574576092,9.638909581755613,0.03257086139389649,0.19144125340779794,0.2506432915980582,0.4898194525334886,0.8333333333333334,0.16666666666666666,6628,10812
Reactome_2022,Translocation Of SLC2A4 (GLUT4) To Plasma Membrane R-HSA-1445148,44,1917.7145234587392,0.15552460526851247,0.15552460526851247,0.10774789081486393,11.097620314069005,0.03256822285062697,0.1588980553171583,0.21836279425757246,0.2426557949912638,1.0,0.16666666666666666,6628,10812
KEGG_2019_Mouse,One carbon pool by folate,14,232.7877989861517,-0.06570671459485043,0.06570671459485043,-0.09060889865668616,8.394327304766069,0.03256606337366658,0.0733343086590908,0.11332681559269225,0.6199417588817705,1.0,0.16666666666666666,6628,10812
MSigDB_Hallmark_2020,Complement,119,3042.7274287315654,0.1494061137671449,0.1494061137671449,0.08826612223688854,24.379073443480035,0.032538988681364935,0.15290837980767122,0.2026841673825922,0.363296447291788,0.6666666666666666,0.16666666666666666,6628,10812
KEGG_2019_Mouse,Neurotrophin signaling pathway,89,1411.5797011112852,0.11284806333872115,0.11284806333872115,0.06789448544888198,16.1527076464398,0.032536421493846786,0.1174448982413679,0.1731756340639973,0.1318345952242283,0.8333333333333334,0.16666666666666666,6628,10812
KEGG_2019_Mouse,NF-kappa B signaling pathway,56,2541.8895026393766,0.15955196470536975,0.15955196470536975,0.08830038464346335,19.95937399429041,0.032521965636744955,0.16283275988025625,0.21900998263297256,0.19616773442050084,1.0,0.16666666666666666,6628,10812
Reactome_2022,Constitutive Signaling By Ligand-Responsive EGFR Cancer Variants R-HSA-1236382,15,5.435702917593226,0.015129788107992977,0.015129788107992977,-0.009152452686592677,7.302414969876312,0.03249718226949382,0.03584658064096867,0.07671969705580131,0.5387070471753057,0.16666666666666666,0.5,6628,10812
Reactome_2022,Transcriptional Regulation By RUNX1 R-HSA-8878171,132,1372.926984097781,0.1043503142815623,0.1043503142815623,0.0760313072785929,14.043834763366982,0.03249164948356242,0.10929179007054239,0.15930763997137182,0.09869539895165987,0.6666666666666666,0.16666666666666666,6628,10812
Reactome_2022,"TICAM1, RIP1-mediated IKK Complex Recruitment R-HSA-168927",14,198.74354069590004,0.07043850556272936,0.07043850556272936,0.05620684498376675,6.400070858152576,0.03248820602186529,0.07756975310280301,0.128754467195737,0.4606406523005242,1.0,0.16666666666666666,6628,10812
Reactome_2022,Synthesis Of PE R-HSA-1483213,11,138.99868989630426,-0.06234418722556095,0.06234418722556095,-0.049005128397648985,5.725211861919616,0.03247128193970712,0.07029354046869278,0.12886982172355615,0.21903319743739075,0.3333333333333333,0.3333333333333333,6628,10812
Reactome_2022,Diseases Associated With Glycosaminoglycan Metabolism R-HSA-3560782,25,154.69830055027845,-0.03811876530403775,0.03811876530403775,-0.08012919116906995,11.327845709116946,0.03246080480273883,0.050067395745593005,0.10844860568785755,0.05624927198602213,0.6666666666666666,0.3333333333333333,6628,10812
Reactome_2022,TRAF6 Mediated Induction Of NFkB And MAP Kinases Upon TLR7/8 Or 9 Activation R-HSA-975138,70,1135.9519479184335,0.10477832099661734,0.10477832099661734,0.07212883958659584,13.460015049070837,0.032447039268125276,0.10968731425346069,0.16516563682556124,0.09431566686080371,1.0,0.16666666666666666,6628,10812
KEGG_2019_Mouse,JAK-STAT signaling pathway,75,434.7893662497852,0.0685660751624198,0.0685660751624198,0.014643227430995994,17.341107303255345,0.032433417493450925,0.07585007075463472,0.12796530335856543,-0.0695049504950495,0.5,0.16666666666666666,6628,10812
Reactome_2022,MyD88-independent TLR4 Cascade R-HSA-166166,75,1251.7818850522146,0.10732688562764728,0.10732688562764728,0.07664155517768287,13.818855560152443,0.032409662324696595,0.11211354329665495,0.16729876240283287,0.03043680838672102,0.8333333333333334,0.16666666666666666,6628,10812
Reactome_2022,Interleukin-2 Family Signaling R-HSA-451927,25,72.93910299005273,0.038485772816770104,0.038485772816770104,0.0155557972277388,8.109416837137303,0.03238416739421341,0.05029800201917045,0.10237346770258407,0.15532906231799648,0.5,0.16666666666666666,6628,10812
Reactome_2022,Signaling By ROBO Receptors R-HSA-376176,100,2133.2747317674484,0.1398644305739178,0.1398644305739178,0.11429900615240612,13.68005658676135,0.03237745716875327,0.14356308255425812,0.19155742552487168,0.291753057658707,0.8333333333333334,0.16666666666666666,6628,10812
KEGG_2019_Mouse,Pertussis,43,3067.8377558332763,0.18577792745414398,0.18577792745414398,0.13722554853989238,11.942619711559246,0.03236656525913719,0.18857633169576501,0.24837266985596979,0.1275596971461852,0.8333333333333334,0.16666666666666666,6628,10812
MSigDB_Hallmark_2020,Apical Junction,126,3009.9678206091708,0.1422462010251462,0.1422462010251462,0.07621662868480807,24.680988019395016,0.032326771213811716,0.1458732389549105,0.19524742542036574,0.23676179382644144,0.5,0.16666666666666666,6628,10812
Reactome_2022,B-WICH Complex Positively Regulates rRNA Expression R-HSA-5250924,24,1038.7060805752142,0.1339163123218879,0.1339163123218879,0.07606534523076743,13.079557351500744,0.032311228009450264,0.1377591890269832,0.16914797045032887,0.11287128712871286,0.16666666666666666,0.16666666666666666,6628,10812
Reactome_2022,Signaling By B Cell Receptor (BCR) R-HSA-983705,85,1905.0067052172385,0.13470360351919847,0.13470360351919847,0.1219215009802577,12.013880763006584,0.032302614897422796,0.1385226325560867,0.19066869805292788,0.24153756552125802,0.8333333333333334,0.16666666666666666,6628,10812
Reactome_2022,ATF6 (ATF6-alpha) Activates Chaperones R-HSA-381033,11,116.18879937318229,0.0685317426859823,0.0685317426859823,0.016611858870425777,5.701917465447242,0.032297568124214894,0.07576102337162553,0.14027321108819463,0.7084449621432731,0.8333333333333334,0.3333333333333333,6628,10812
KEGG_2019_Mouse,Viral myocarditis,29,54.44973850649708,0.03915271134603001,0.03915271134603001,-0.023123883478237236,11.230108037478136,0.032264065264580116,0.05073366449550666,0.09298747913890965,0.6199068142108328,0.3333333333333333,0.5,6628,10812
Reactome_2022,Response Of Mtb To Phagocytosis R-HSA-9637690,15,500.73733570017896,0.11155559888840709,0.11155559888840709,0.08508042022811742,7.436666237390499,0.032227695521491954,0.11611750945476383,0.15424415506180952,0.3359114735002912,0.5,0.3333333333333333,6628,10812
Reactome_2022,Transcriptional Regulation Of White Adipocyte Differentiation R-HSA-381340,70,135.46034653823077,0.03480040261111039,0.03480040261111039,0.025295942514168213,13.228736404838422,0.03220560580612286,0.04741591575868541,0.08559280126372981,0.3142923704135119,0.6666666666666666,0.16666666666666666,6628,10812
Reactome_2022,E3 Ubiquitin Ligases Ubiquitinate Target Proteins R-HSA-8866654,36,61.16690596849334,0.03193053686377236,0.03193053686377236,0.015192484281682225,8.733655903487781,0.032165884838352386,0.04532331995609848,0.08720323479607829,0.3200931857891671,0.8333333333333334,0.16666666666666666,6628,10812
KEGG_2019_Mouse,Necroptosis,97,1856.0027659304014,0.12311378479090887,0.12311378479090887,0.08812596944783244,15.803293484016319,0.03213354656252836,0.12723823647091462,0.18241105560704413,-0.043447874199184625,1.0,0.16666666666666666,6628,10812
Reactome_2022,Deadenylation-dependent mRNA Decay R-HSA-429914,48,858.402748290976,0.101762137751046,0.101762137751046,0.049225788943774995,13.334722083170028,0.03212144947840846,0.10671138737855872,0.15614951679101227,0.11089108910891089,0.8333333333333334,0.16666666666666666,6628,10812
KEGG_2019_Mouse,Choline metabolism in cancer,70,9.455343557294032,0.015216162967160997,0.015216162967160997,-0.00975244402420755,12.505603996284474,0.032083752779801133,0.035509136963302816,0.07707087059765914,0.200221316249272,0.8333333333333334,0.16666666666666666,6628,10812
KEGG_2019_Mouse,Long-term depression,36,659.0847399917958,0.0940742408453612,0.0940742408453612,0.06803039798387617,8.732720968139738,0.032068853743024636,0.09939001041866595,0.15208525405192602,0.6335818287711125,0.8333333333333334,0.16666666666666666,6628,10812
Reactome_2022,Purine Catabolism R-HSA-74259,12,349.52254681354975,0.0997124903423012,0.0997124903423012,0.06364242562660613,5.9197014529605045,0.03201635329955802,0.10472644178461156,0.15771983617406238,0.6967268491555038,0.5,0.16666666666666666,6628,10812
Reactome_2022,G Beta:Gamma Signaling Thru PI3Kgamma R-HSA-392451,12,1282.3357236053391,0.18631231587445704,0.18631231587445704,0.13659021905110705,5.860496507302356,0.03198552785358136,0.1890379671880115,0.24293323353121693,0.2916132789749563,1.0,0.16666666666666666,6628,10812
Reactome_2022,PI3K Events In ERBB2 Signaling R-HSA-1963642,11,112.41858376532878,-0.03900183573505444,0.03900183573505444,-0.11184170999753383,9.716789646112659,0.03195211709949523,0.05041905371825244,0.11184170999753382,0.686488060570763,0.3333333333333333,0.3333333333333333,6628,10812
MSigDB_Hallmark_2020,Reactive Oxygen Species Pathway,40,701.506720821789,0.10915110342886726,0.10915110342886726,0.09007070790982863,8.448372985653693,0.03193485860814995,0.1137268595102397,0.16387918251944789,0.6230401863715782,1.0,0.3333333333333333,6628,10812
Reactome_2022,Inactivation Of CSF3 (G-CSF) Signaling R-HSA-9705462,14,135.6047885367196,0.058481411035200034,0.058481411035200034,0.046919437655283086,6.497254825456479,0.03192264596123084,0.06662680212822841,0.11609752964638378,0.36172393709959233,0.6666666666666666,0.16666666666666666,6628,10812
MSigDB_Hallmark_2020,Notch Signaling,28,33.76521021116589,0.029197067281080225,0.029197067281080225,-0.02369530717341189,9.885089405875853,0.031910750381437286,0.04325233782955929,0.0828573552055398,0.16491555037856725,0.3333333333333333,0.16666666666666666,6628,10812
Reactome_2022,Nonhomologous End-Joining (NHEJ) R-HSA-5693571,25,380.82815198079925,0.08146730607445546,0.08146730607445546,0.035293879712838705,10.572911852400413,0.031832365341819206,0.087465544314799,0.12503980932376718,-0.037856726849155496,1.0,0.16666666666666666,6628,10812
Reactome_2022,Toll Like Receptor 7/8 (TLR7/8) Cascade R-HSA-168181,71,1117.8869946524594,0.10279523517512763,0.10279523517512763,0.07176587465172828,13.058337691199467,0.03181698401071846,0.1076066022428369,0.1620879390568617,0.11518928363424576,1.0,0.16666666666666666,6628,10812
Reactome_2022,MyD88 Dependent Cascade Initiated On Endosome R-HSA-975155,71,1117.8869946524594,0.10279523517512763,0.10279523517512763,0.07176587465172828,13.058337691199467,0.03181698401071846,0.1076066022428369,0.1620879390568617,0.11518928363424576,1.0,0.16666666666666666,6628,10812
Reactome_2022,Extra-nuclear Estrogen Signaling R-HSA-9009391,50,626.59714896181,0.08683995507603494,0.08683995507603494,0.022852886200297833,15.300240318024473,0.03180148401571968,0.09247979337785008,0.12923702590462577,0.3323471170646476,0.16666666666666666,0.16666666666666666,6628,10812
Reactome_2022,Regulation Of Necroptotic Cell Death R-HSA-5675482,22,1200.1649148004863,0.14646974479864522,0.14646974479864522,0.11461719300022019,8.426462725883713,0.03178284491766352,0.14987840195451949,0.18427332478204492,0.45513104251601627,0.8333333333333334,0.16666666666666666,6628,10812
Reactome_2022,G-protein Beta:Gamma Signaling R-HSA-397795,16,1286.3010360623728,0.16520260306799803,0.16520260306799803,0.12213985960872709,5.146406347968153,0.03169356391345911,0.1682152848405252,0.22485738053778193,0.46547466511357016,1.0,0.16666666666666666,6628,10812
KEGG_2019_Mouse,Phagosome,87,947.2484371260773,0.09901461651876747,0.09901461651876747,0.07090139436663699,11.482187715721478,0.031564477024620986,0.10392406118987274,0.15890344613843113,0.8586138613861385,1.0,0.16666666666666666,6628,10812
Reactome_2022,Death Receptor Signaling R-HSA-73887,105,565.4994977310773,0.06838990736282083,0.06838990736282083,0.03648053014878384,16.00637855751295,0.03153418031272465,0.07530991938045507,0.12462872376124798,0.0609668025626092,1.0,0.16666666666666666,6628,10812
KEGG_2019_Mouse,Protein processing in endoplasmic reticulum,144,178.6183503783873,0.04502807787844309,0.04502807787844309,0.02497800243070295,11.66642552023835,0.031519579636006156,0.054963730749082805,0.10740097437226101,0.33204426324985437,0.8333333333333334,0.16666666666666666,6628,10812
KEGG_2019_Mouse,Toxoplasmosis,72,1531.1644450559133,0.11892672255699362,0.11892672255699362,0.07051451572661209,13.459824135029875,0.03149084346331874,0.12302535738691994,0.1817916631464756,0.12327315084449621,1.0,0.16666666666666666,6628,10812
Reactome_2022,RND1 GTPase Cycle R-HSA-9696273,32,56.09624983287934,0.03321741581047556,0.03321741581047556,0.010241279347767241,8.954248621731837,0.03146226607924591,0.045752277538580535,0.08709539370160464,0.12361094933022712,0.5,0.16666666666666666,6628,10812
Reactome_2022,Cilium Assembly R-HSA-5617833,143,273.7356838893032,0.04428604203251507,0.04428604203251507,0.028868950957753225,16.86401995688183,0.031428313315133426,0.054304625923947615,0.10185693614843949,0.15626092020966803,0.6666666666666666,0.16666666666666666,6628,10812
Reactome_2022,MicroRNA (miRNA) Biogenesis R-HSA-203927,20,548.891653081115,0.10406599987019834,0.10406599987019834,0.05623762016016854,7.9169170960011455,0.031420987532593064,0.1087060752051489,0.15671115580726774,0.006662783925451368,1.0,0.16666666666666666,6628,10812
MSigDB_Hallmark_2020,Allograft Rejection,68,2024.3141124528422,0.13247507333760042,0.13247507333760042,0.0786371862266484,17.414297233645268,0.031351001394173295,0.1361342364881813,0.19118680194970844,0.16124635993011066,0.3333333333333333,0.16666666666666666,6628,10812
Reactome_2022,Effects Of PIP2 Hydrolysis R-HSA-114508,16,13.198108494374807,-0.014094996393107507,0.014094996393107507,-0.02316132058112662,7.306783378785714,0.031344830510855834,0.03436811491886036,0.0934272176336611,0.8173675014560279,0.6666666666666666,0.3333333333333333,6628,10812
Reactome_2022,G Alpha (I) Signaling Events R-HSA-418594,79,544.4007812093176,0.05855321336651934,0.05855321336651934,0.0602070209821668,13.896776372139776,0.031334532047662504,0.06641032821926968,0.10260372185187987,0.36661619103086773,0.3333333333333333,0.16666666666666666,6628,10812
KEGG_2019_Mouse,Estrogen signaling pathway,74,523.1373029949331,0.07419905851656909,0.07419905851656909,0.030317059409708223,15.024620723014431,0.031316946670931455,0.08053726735825605,0.1236579733848726,0.2147699475829936,0.5,0.16666666666666666,6628,10812
Reactome_2022,Hedgehog Off State R-HSA-5610787,72,960.8921508537175,0.099083116703645,0.099083116703645,0.09683681851470352,10.220406468621396,0.031309376044664716,0.10391217947870386,0.15604837081588413,0.27572510192195687,0.8333333333333334,0.16666666666666666,6628,10812
Reactome_2022,GPVI-mediated Activation Cascade R-HSA-114604,21,284.7051494440446,0.07201988588108056,0.07201988588108056,0.03267587540896661,7.718121426059586,0.03129994181667652,0.07852738579662004,0.12816699542040352,0.2936983110075714,0.3333333333333333,0.16666666666666666,6628,10812
Reactome_2022,MyD88:MAL(TIRAP) Cascade Initiated On Plasma Membrane R-HSA-166058,77,2132.101456095364,0.13561077474233457,0.13561077474233457,0.12225697448399048,12.11618568175467,0.03127030562320255,0.1391693724926024,0.19142523296334135,0.1512754804892254,1.0,0.16666666666666666,6628,10812
Reactome_2022,Sensory Processing Of Sound By Inner Hair Cells Of Cochlea R-HSA-9662360,34,2367.4974140395725,0.1717477467092455,0.1717477467092455,0.16213728066121605,7.998791270222914,0.03124248327753555,0.17456626610273313,0.21953195103336642,0.75537565521258,1.0,0.16666666666666666,6628,10812
Reactome_2022,Glucose Metabolism R-HSA-70326,71,8.814882899364864,0.00655685960991213,0.00655685960991213,0.028065776253411924,13.063645627200605,0.03123860381214693,0.03191931666054864,0.07066789263739191,0.5993011065812462,1.0,0.8333333333333334,6628,10812
Reactome_2022,TCF Dependent Signaling In Response To WNT R-HSA-201681,124,1043.6523432220688,0.09432733165481273,0.09432733165481273,0.07657005565379006,12.255821007131495,0.031238275065077554,0.09936536280897122,0.1536826242704016,0.1894933022714036,1.0,0.16666666666666666,6628,10812
Reactome_2022,JNK (c-Jun Kinases) Phosphorylation And Activation Mediated By Activated Human TAK1 R-HSA-450321,16,107.69827617566503,0.04767249803287722,0.04767249803287722,0.039546328505802045,6.790612451382123,0.03122495995791454,0.05698828996441328,0.10218700590885475,-0.08492719860221315,0.3333333333333333,0.16666666666666666,6628,10812
Reactome_2022,Signaling By ERBB4 R-HSA-1236394,38,28.919387554518845,0.01862529018077435,0.01862529018077435,0.0164834081722859,9.702789372962394,0.031223792723316435,0.036356934226453676,0.06424832700478703,0.4365754222481072,1.0,0.16666666666666666,6628,10812
Reactome_2022,HDMs Demethylate Histones R-HSA-3214842,21,69.68116146693909,-0.025508636609479607,0.025508636609479607,-0.05588881852807812,6.9603510637564465,0.03117235180996595,0.04027910201380823,0.08518890863691408,0.4783110075713453,0.16666666666666666,0.3333333333333333,6628,10812
Reactome_2022,Factors Involved In Megakaryocyte Development And Platelet Production R-HSA-983231,68,246.0672091394141,0.04887712508962965,0.04887712508962965,0.023685144210560068,12.85897862382235,0.03114962113991286,0.05795922924079833,0.10347524734512942,0.28352941176470586,1.0,0.16666666666666666,6628,10812
Reactome_2022,RHO GTPases Activate PAKs R-HSA-5627123,20,1815.1623316507353,0.18372765134888067,0.18372765134888067,0.11952177182876264,8.827746619536478,0.03113908872732991,0.18634777357656937,0.2364418156046088,0.11529411764705882,0.5,0.16666666666666666,6628,10812
Reactome_2022,Toll Like Receptor 4 (TLR4) Cascade R-HSA-166016,93,2071.0020375529493,0.12664343889808866,0.12664343889808866,0.11450865421580571,13.319182552720594,0.031117460037558553,0.1304103405989071,0.18206898084656636,0.091426907396622,1.0,0.16666666666666666,6628,10812
Reactome_2022,Antigen Activates B Cell Receptor Leading To Second Messenger Generation R-HSA-983695,19,17.18708660849202,0.021213614499814314,0.021213614499814314,0.0018311958746798248,7.439485996349214,0.031094247061686016,0.03764132888833631,0.0659217331002752,0.6179732090856144,0.3333333333333333,0.16666666666666666,6628,10812
Reactome_2022,RNA Polymerase III Chain Elongation R-HSA-73780,14,273.84652462438584,0.09042353521872039,0.09042353521872039,0.02706763541679229,8.370294596062733,0.03102353839676479,0.09559746678707923,0.13422839385258573,0.19171811298776936,0.8333333333333334,0.16666666666666666,6628,10812
Reactome_2022,mRNA Decay By 5 To 3 Exoribonuclease R-HSA-430039,14,769.1161432747236,0.1383441597638175,0.1383441597638175,0.09339598986374695,6.761922870456213,0.031023298637116576,0.14177994075003836,0.17949405811594876,0.3154105998835177,0.8333333333333334,0.3333333333333333,6628,10812
Reactome_2022,Toll Like Receptor 9 (TLR9) Cascade R-HSA-168138,75,974.63375488064,0.0943303348310816,0.0943303348310816,0.06733262744754037,12.61770228522819,0.030985533234521447,0.09928904944238114,0.15101351678158112,0.09487478159580665,1.0,0.16666666666666666,6628,10812
MSigDB_Hallmark_2020,Spermatogenesis,51,67.98446359482755,-0.02637959490707514,0.02637959490707514,-0.017384432695270353,10.87155878235478,0.0309628666002897,0.04067655510940817,0.09733039414509037,0.5377169481654047,1.0,0.3333333333333333,6628,10812
Reactome_2022,PLC Beta Mediated Events R-HSA-112043,29,305.6333543807157,0.06849851831850567,0.06849851831850567,0.023936141662281595,9.073655103295213,0.03087326867841958,0.07513458411890318,0.12664357922581093,0.6809784507862551,0.3333333333333333,0.16666666666666666,6628,10812
Reactome_2022,Sensory Processing Of Sound R-HSA-9659379,35,2211.9836510385826,0.16205697537070232,0.16205697537070232,0.15764849398083985,8.099196764463933,0.030753355507463435,0.1649491804807434,0.20741975468271492,0.8113104251601629,1.0,0.16666666666666666,6628,10812
KEGG_2019_Mouse,RNA degradation,62,718.3673488692406,0.08841220253792445,0.08841220253792445,0.04392780606020529,13.36777788784952,0.03074418657629188,0.09360514177033663,0.14042818959564066,0.027384973791496795,0.8333333333333334,0.16666666666666666,6628,10812
Reactome_2022,Hedgehog On State R-HSA-5632684,68,1428.243626121584,0.1232605737945029,0.1232605737945029,0.11572078214108925,9.568774506960782,0.030699690214975036,0.12702613916610048,0.17712317644092573,0.2817122888759464,0.8333333333333334,0.16666666666666666,6628,10812
Reactome_2022,Retrograde Neurotrophin Signaling R-HSA-177504,12,1423.7813264052986,0.20248797261299473,0.20248797261299473,0.15075637909906392,6.225368742709335,0.03069391040027793,0.20480111129723197,0.2593000110365447,0.24882935352358762,1.0,0.3333333333333333,6628,10812
Reactome_2022,Signaling By ALK Fusions And Activated Point Mutants R-HSA-9725370,47,3105.609964507692,0.1913636117889586,0.1913636117889586,0.12415882660082096,13.875225012791905,0.030660611952834833,0.19380429572699767,0.23786383255504068,0.1658590564938847,0.8333333333333334,0.16666666666666666,6628,10812
Reactome_2022,ADP Signaling Thru P2Y Purinoceptor 1 R-HSA-418592,13,421.0995313943943,0.10116019765861876,0.10116019765861876,0.076347676991741,5.416520487805251,0.030649973134666757,0.10570149688385033,0.15863541456144947,0.4660337798485731,0.3333333333333333,0.16666666666666666,6628,10812
Reactome_2022,PI-3K cascade:FGFR1 R-HSA-5654689,10,298.84173475017934,-0.0843948080511757,0.0843948080511757,-0.10436480734954877,4.864574994032744,0.030607201370194445,0.0897735172626673,0.14409495143019957,0.5398252766453115,0.5,0.3333333333333333,6628,10812
KEGG_2019_Mouse,Hedgehog signaling pathway,33,69.75345578355848,-0.02243870958729532,0.02243870958729532,-0.04981814995144023,7.153248954279849,0.030599680366790435,0.03794517263754006,0.08303475954971545,0.19026208503203262,1.0,0.3333333333333333,6628,10812
Reactome_2022,DNA Double Strand Break Response R-HSA-5693606,30,309.61980902486954,0.07102049581711897,0.07102049581711897,0.024391943770546654,10.94438405154593,0.03059873997252086,0.07733171221442957,0.11143995829147016,0.028584740827023877,1.0,0.16666666666666666,6628,10812
Reactome_2022,Recruitment And ATM-mediated Phosphorylation Of Repair And Signal Proteins At DNA Double Strand Breaks R-HSA-5693565,30,309.61980902486954,0.07102049581711897,0.07102049581711897,0.024391943770546654,10.94438405154593,0.03059873997252086,0.07733171221442957,0.11143995829147016,0.028584740827023877,1.0,0.16666666666666666,6628,10812
Reactome_2022,Oncogenic MAPK Signaling R-HSA-6802957,62,2826.6175983602316,0.1580539451376942,0.1580539451376942,0.15289274075694348,9.382938118124835,0.03052460616031346,0.16097453573416984,0.2135005547588111,0.3720326150262085,0.5,0.16666666666666666,6628,10812
KEGG_2019_Mouse,B cell receptor signaling pathway,48,628.4025421280905,0.08600939375903946,0.08600939375903946,0.05089469377160194,10.931695305348022,0.03051341914480982,0.09126162700009426,0.1471278109768038,0.1279324403028538,1.0,0.16666666666666666,6628,10812
Reactome_2022,Translation Of Replicase And Assembly Of Replication Transcription Complex R-HSA-9679504,11,398.6491169323597,0.11029251278124508,0.11029251278124508,0.08384455077824719,3.726845580512339,0.030512554429195062,0.11443537195026585,0.17211737555415116,0.7827023878858473,0.8333333333333334,0.16666666666666666,6628,10812
Reactome_2022,HIV Elongation Arrest And Recovery R-HSA-167287,28,1162.21217228504,0.1348859160585055,0.1348859160585055,0.09751107596466722,10.579915579218843,0.0304796238005392,0.13828672321652788,0.1772446523353664,0.00844496214327315,0.8333333333333334,0.3333333333333333,6628,10812
Reactome_2022,RAC3 GTPase Cycle R-HSA-9013423,69,962.6096949551467,0.09226365077463261,0.09226365077463261,0.0600573494526377,11.870254412012073,0.03046437855722481,0.09716305684333552,0.14615311024173713,0.03323238206173559,0.8333333333333334,0.16666666666666666,6628,10812
Reactome_2022,MAP Kinase Activation R-HSA-450294,47,916.2169792369485,0.10207396429729786,0.10207396429729786,0.07791352974473316,9.464209335947245,0.030431334609028988,0.10651366256707508,0.15684502114340093,0.08724519510774607,0.8333333333333334,0.16666666666666666,6628,10812
Reactome_2022,Regulation Of PTEN Gene Transcription R-HSA-8943724,49,36.477980208054504,0.026120328501266197,0.026120328501266197,0.0025179164375768665,9.415555295596798,0.03036198754951129,0.04005148997191912,0.08234101673988578,0.3599883517763541,0.6666666666666666,0.16666666666666666,6628,10812
Reactome_2022,G Alpha (12/13) Signaling Events R-HSA-416482,49,634.0711129252762,0.07730482626574119,0.07730482626574119,0.0658968874315192,11.070645960885521,0.030333490152965072,0.08304310199430448,0.13098019844578834,0.36253931275480483,0.3333333333333333,0.16666666666666666,6628,10812
Reactome_2022,Signaling By Hedgehog R-HSA-5358351,99,483.88456598790157,0.06408908214621058,0.06408908214621058,0.0669915228701259,11.454491190169039,0.030298744321603538,0.07089022751980438,0.12098508826831025,0.2950495049504951,1.0,0.16666666666666666,6628,10812
KEGG_2019_Mouse,Prolactin signaling pathway,49,432.9519680128015,0.07327884563718404,0.07327884563718404,0.027710495742200632,12.41593270553927,0.03024364915571467,0.07927463359847342,0.13142694988327494,0.14881770529994173,0.8333333333333334,0.16666666666666666,6628,10812
Reactome_2022,APC-Cdc20 Mediated Degradation Of Nek2A R-HSA-179409,17,195.90200900241308,0.06599734747208132,0.06599734747208132,0.06146821676807338,5.107962654889071,0.03023843636160433,0.07259485454868986,0.10869624496179278,0.14470588235294116,0.8333333333333334,0.16666666666666666,6628,10812
Reactome_2022,Caspase Activation Via Extrinsic Apoptotic Signaling Pathway R-HSA-5357769,18,127.56649907268184,0.0471597062245861,0.0471597062245861,0.04970271095839685,8.434672647854182,0.030235775072808932,0.056019996299917406,0.09840135119924626,0.2694816540477577,0.8333333333333334,0.16666666666666666,6628,10812
Reactome_2022,Synthesis Of PIPs At Early Endosome Membrane R-HSA-1660516,14,2.0988714860119706,-0.0016165404586436587,0.0016165404586436587,-0.016389067309482717,6.034334672822441,0.030233529037126103,0.030276715163524245,0.052410193893046776,0.24526499708794408,0.3333333333333333,1.0,6628,10812
Reactome_2022,Signaling To ERKs R-HSA-187687,28,1345.2814157395342,0.1421804931445791,0.1421804931445791,0.11401704679773374,9.590278073686767,0.030213153074824327,0.14535517620490324,0.1832171068851032,0.3768782760629004,0.5,0.16666666666666666,6628,10812
Reactome_2022,Regulation Of Signaling By CBL R-HSA-912631,14,83.06235928755197,0.0486934176289716,0.0486934176289716,0.016896819256506487,5.8662481712401044,0.03018055109738463,0.05728799686610875,0.10015947448023496,0.11171811298776936,0.16666666666666666,0.16666666666666666,6628,10812
Reactome_2022,Signaling By NTRK3 (TRKC) R-HSA-9034015,13,680.0918134681932,0.13505304859568426,0.13505304859568426,0.07819644825407697,6.993198715672976,0.03016844896615111,0.13838157842722967,0.18210453642979504,0.20408852649970877,0.16666666666666666,0.16666666666666666,6628,10812
Reactome_2022,Activation Of NMDA Receptors And Postsynaptic Events R-HSA-442755,37,1253.7210102957138,0.12895559999055933,0.12895559999055933,0.06875967127400107,15.161935143348716,0.030165569877143462,0.13243680898805274,0.175289168856039,0.04599883517763541,1.0,0.16666666666666666,6628,10812
KEGG_2019_Mouse,Cholinergic synapse,51,693.275629266815,0.08110866153204248,0.08110866153204248,0.05423788879806862,9.715523458719968,0.03015859284025088,0.08653413024710803,0.13623294329334118,0.589225393127548,0.3333333333333333,0.16666666666666666,6628,10812
Reactome_2022,Signaling By CSF3 (G-CSF) R-HSA-9674555,19,545.4879192204229,0.10491270409075605,0.10491270409075605,0.0837373227225462,5.503705489278222,0.030156979220891448,0.1091609768890139,0.16484941018783014,0.26905066977285963,0.6666666666666666,0.16666666666666666,6628,10812
KEGG_2019_Mouse,GnRH signaling pathway,60,538.4417910885355,0.07465336172977546,0.07465336172977546,0.04802694098428439,10.59605182917901,0.03000815624781495,0.08045877117474501,0.1305153409308708,0.33941758881770523,0.6666666666666666,0.16666666666666666,6628,10812
Reactome_2022,Inactivation Of APC/C Via Direct Inhibition Of APC/C Complex R-HSA-141430,16,288.63920859649267,0.08260469843066719,0.08260469843066719,0.06372930500918979,5.1473797915648065,0.029928397742883285,0.08785923511093008,0.13030655777958972,0.03128712871287128,1.0,0.16666666666666666,6628,10812
KEGG_2019_Mouse,Chagas disease (American trypanosomiasis),65,2290.0419650006174,0.14514559624746812,0.14514559624746812,0.10723279127353107,12.318344312710595,0.02988684367874882,0.14819064590962208,0.1986763817906237,0.251426907396622,1.0,0.16666666666666666,6628,10812
Reactome_2022,Netrin-1 Signaling R-HSA-373752,31,316.9044654820806,0.06604952134376195,0.06604952134376195,0.03940262176293364,8.35412577893914,0.02988542296136576,0.0724960535154831,0.12151806183927916,0.14741991846243446,1.0,0.16666666666666666,6628,10812
Reactome_2022,Signaling By FGFR In Disease R-HSA-1226099,45,409.663818815566,0.06491740290981254,0.06491740290981254,0.06889024661286361,12.086560210999972,0.029815337621391477,0.07143685014075368,0.1145098979272619,0.04841001747233547,0.8333333333333334,0.16666666666666666,6628,10812
Reactome_2022,ZBP1(DAI) Mediated Induction Of Type I IFNs R-HSA-1606322,18,1416.6134981921307,0.172911350320308,0.172911350320308,0.10676238927737354,9.476137466553029,0.029797582939923888,0.17546005533640388,0.2240128284746697,0.15271986022131626,1.0,0.16666666666666666,6628,10812
KEGG_2019_Mouse,Amyotrophic lateral sclerosis (ALS),33,21.191627969647858,0.020931241391059976,0.020931241391059976,0.012417352230301845,6.485300295664704,0.029784748057238963,0.03640395696904421,0.08136273955209652,0.3473733255678509,1.0,0.5,6628,10812
Reactome_2022,G-protein Mediated Events R-HSA-112040,32,421.67643565858384,0.07562625036270622,0.07562625036270622,0.03999494914153492,7.962034441067386,0.029725092747760605,0.08125829731655526,0.13229115587954737,0.6222481071636575,0.6666666666666666,0.16666666666666666,6628,10812
Reactome_2022,Activated TAK1 Mediates P38 MAPK Activation R-HSA-450302,18,139.88658232226268,0.05565792166740048,0.05565792166740048,0.035033197096241746,6.625632588913836,0.029692162379001925,0.06308271356778736,0.11100586621336872,0.05550378567268491,0.8333333333333334,0.16666666666666666,6628,10812
KEGG_2019_Mouse,Central carbon metabolism in cancer,51,1010.3061126160275,0.10200071004195674,0.10200071004195674,0.08163738261900164,9.432868932596799,0.02968888197477482,0.10623358490597706,0.15861252033062045,0.41446709376820035,0.8333333333333334,0.16666666666666666,6628,10812
Reactome_2022,DNA Damage Recognition In GG-NER R-HSA-5696394,33,504.37789049416926,0.08585178184242447,0.08585178184242447,0.08351625856172941,7.1897810622811855,0.02967960026921571,0.09083725622044994,0.14228516685124404,0.06288875946418171,0.8333333333333334,0.16666666666666666,6628,10812
Reactome_2022,p38MAPK Events R-HSA-171007,12,1310.826063554573,0.18319195312136427,0.18319195312136427,0.16358168044205756,5.295256634680441,0.02965010535828133,0.1855759155606602,0.2239436272067099,0.6215958066394874,0.5,0.3333333333333333,6628,10812
Reactome_2022,GPCR Ligand Binding R-HSA-500792,60,345.2981279601249,0.04871027488820945,0.04871027488820945,0.040442026423360096,14.56698746018051,0.0296456159702591,0.05702239407409172,0.09107488461745115,-0.08533488642981944,0.6666666666666666,0.16666666666666666,6628,10812
Reactome_2022,Abortive Elongation Of HIV-1 Transcript In Absence Of Tat R-HSA-167242,20,895.6800964601853,0.13046343476339625,0.13046343476339625,0.1057700157155757,7.6723325007491265,0.02960047280971279,0.13377928016259283,0.17380498601694283,-0.13986022131624926,0.8333333333333334,0.16666666666666666,6628,10812
MSigDB_Hallmark_2020,IL-2/STAT5 Signaling,124,1714.0767125984198,0.11214812790325285,0.11214812790325285,0.05963114717969753,18.4475736757423,0.029587836804372037,0.11598552788588112,0.15345290390981256,0.1036458940011648,0.8333333333333334,0.16666666666666666,6628,10812
MSigDB_Hallmark_2020,TGF-beta Signaling,49,3986.493656301299,0.20706452443971973,0.20706452443971973,0.14244808421371516,14.489132450776207,0.029505091174111937,0.20915608450781437,0.24264172057071107,0.537682003494467,0.8333333333333334,0.16666666666666666,6628,10812
KEGG_2019_Mouse,Ovarian steroidogenesis,22,595.47447656907,-0.098728921606955,0.098728921606955,-0.07451762735917525,8.387047029381277,0.029503925028172007,0.10304310531879489,0.19128334955239135,0.3172044263249854,1.0,0.3333333333333333,6628,10812
KEGG_2019_Mouse,Acute myeloid leukemia,49,917.5005993259863,0.10347447090575687,0.10347447090575687,0.055086352651209224,9.718470837344853,0.02948219133347262,0.1075925914505725,0.16462432082603506,0.1563075131042516,0.8333333333333334,0.16666666666666666,6628,10812
Reactome_2022,Prolonged ERK Activation Events R-HSA-169893,12,342.77014203967366,0.10162680807212748,0.10162680807212748,0.07661032510417692,4.911345967090013,0.029465143351941232,0.10581211079871472,0.14636912126412038,0.685591147350029,0.8333333333333334,0.16666666666666666,6628,10812
KEGG_2019_Mouse,Relaxin signaling pathway,82,2114.069070381144,0.12952597423409035,0.12952597423409035,0.089775262669051,12.124027477240267,0.029451539196177944,0.13283211645650397,0.18806300967523412,0.3901339545719278,0.3333333333333333,0.16666666666666666,6628,10812
Reactome_2022,FGFR2 Alternative Splicing R-HSA-6803529,25,1370.4326024812676,0.1474689846478412,0.1474689846478412,0.10419893480016079,8.432711555547659,0.02944374265595039,0.15037963763307546,0.19319518577661798,0.1261852067559697,0.8333333333333334,0.16666666666666666,6628,10812
Reactome_2022,Leishmania Infection R-HSA-9658195,105,1808.7343557624172,0.11889711277019109,0.11889711277019109,0.0633673672606763,18.330945119575574,0.02942316642999361,0.12248365665612153,0.17260187529012894,0.06569598136284216,1.0,0.16666666666666666,6628,10812
KEGG_2019_Mouse,Cytokine-cytokine receptor interaction,59,3206.748555495399,0.17390887337971908,0.17390887337971908,0.10586748157266021,22.044057318567084,0.029398650416678652,0.17637623673988864,0.20731982431648982,0.365160163075131,0.6666666666666666,0.16666666666666666,6628,10812
Reactome_2022,Muscle Contraction R-HSA-397014,70,939.2023249818465,0.09302977636507576,0.09302977636507576,0.048679473156712685,12.532325015422,0.029344997990742312,0.0975482864924478,0.14531476853078276,0.7742574257425742,0.5,0.16666666666666666,6628,10812
Reactome_2022,Senescence-Associated Secretory Phenotype (SASP) R-HSA-2559582,33,1201.6660569928804,0.13222391708717143,0.13222391708717143,0.08215167233496119,9.445624109597539,0.02924795583448819,0.1354201136108346,0.1737797083029628,0.26111822947000585,0.8333333333333334,0.16666666666666666,6628,10812
Reactome_2022,RND2 GTPase Cycle R-HSA-9696270,36,315.9935979312038,0.06565871274497814,0.06565871274497814,0.04063775283389057,8.150507393236618,0.029246078116990037,0.07187767139072215,0.11132183108679691,0.25697146185206754,0.8333333333333334,0.16666666666666666,6628,10812
MSigDB_Hallmark_2020,Angiogenesis,20,777.8995726782098,0.11590871655846809,0.11590871655846809,0.06169823809480757,7.687167772416621,0.029225206869685525,0.11953636806766053,0.1619652203150014,0.4685497961560861,0.5,0.16666666666666666,6628,10812
MSigDB_Hallmark_2020,Estrogen Response Late,130,260.5205853155303,-0.034743640670439765,0.034743640670439765,-0.052394748042739865,13.696591043949727,0.02912447302282148,0.04533602867360232,0.093827162162032,0.21388468258590562,1.0,0.3333333333333333,6628,10812
KEGG_2019_Mouse,HIF-1 signaling pathway,69,941.0701076048283,0.09485275213005832,0.09485275213005832,0.05423901183232107,12.044867901702954,0.02911631311158984,0.09922098707359454,0.14139653833452648,0.08839836924868957,0.8333333333333334,0.16666666666666666,6628,10812
Reactome_2022,Constitutive Signaling By EGFRvIII R-HSA-5637810,14,25.276921654860157,0.030559531061774402,0.030559531061774402,-0.011612685372078782,6.728321636726174,0.029082192249060043,0.042186002947978404,0.07675214880076976,0.506255096097845,0.5,0.16666666666666666,6628,10812
Reactome_2022,Nucleotide Catabolism R-HSA-8956319,23,13.732838512290842,-0.010333154957139734,0.010333154957139734,-0.020785383625820886,7.343736400730019,0.029076336605060808,0.030857858670670268,0.06133652548969625,-0.04676761793826441,1.0,0.6666666666666666,6628,10812
Reactome_2022,Glucagon-like Peptide-1 (GLP1) Regulates Insulin Secretion R-HSA-381676,19,696.2129554802086,0.11323154231378744,0.11323154231378744,0.07386748077329046,5.588138550220093,0.029039884675062678,0.11689609521579403,0.16618683042289578,0.7278741991846243,0.6666666666666666,0.16666666666666666,6628,10812
Reactome_2022,Insulin Receptor Signaling Cascade R-HSA-74751,32,0.9191635655517854,0.005108234160280828,0.005108234160280828,0.0063533232898551305,9.49266698373139,0.029038967808525558,0.029484838605982628,0.05282146255036799,-0.029504950495049507,0.5,0.5,6628,10812
KEGG_2019_Mouse,VEGF signaling pathway,43,713.9208899786067,0.09127763892992154,0.09127763892992154,0.05360379159578656,10.13391792836154,0.02902047866311768,0.0957799329215551,0.1474822053431249,0.1525684333139196,0.6666666666666666,0.16666666666666666,6628,10812
KEGG_2019_Mouse,Th17 cell differentiation,61,482.2352941566872,0.07305025582711017,0.07305025582711017,0.031860066045560506,11.808104485504954,0.028972144826042736,0.07858578148894009,0.12889232030569045,0.06394874781595805,0.8333333333333334,0.16666666666666666,6628,10812
MSigDB_Hallmark_2020,Interferon Gamma Response,121,815.7720036717033,0.07317923991760039,0.07317923991760039,0.053243915082610636,15.32823114511115,0.02895652572423798,0.07869994623210474,0.12498551104992559,0.07105416423995341,1.0,0.16666666666666666,6628,10812
Reactome_2022,Interleukin-6 Family Signaling R-HSA-6783589,14,1212.2712999427063,0.1734905182909552,0.1734905182909552,0.11891462212653822,5.779803183539765,0.028918905856624762,0.17588423196184644,0.22468468081633997,0.20348281887012226,0.8333333333333334,0.16666666666666666,6628,10812
KEGG_2019_Mouse,Oocyte meiosis,71,851.910224405374,0.09235925687322258,0.09235925687322258,0.06847794260824086,9.701863726377692,0.028886250245688423,0.09677111027280018,0.146380694093035,0.25580663948747817,1.0,0.16666666666666666,6628,10812
Reactome_2022,DCC Mediated Attractive Signaling R-HSA-418885,10,175.6282454998046,0.07798109229503179,0.07798109229503179,0.03205735060732638,5.16574265984319,0.02886975900857306,0.08315355519001792,0.12870327881830995,0.12255096097845078,0.8333333333333334,0.16666666666666666,6628,10812
Reactome_2022,mTORC1-mediated Signaling R-HSA-166208,19,556.1527910942589,0.10956893183403035,0.10956893183403035,0.10436322298089787,5.563182813702061,0.028867370346704536,0.11330788098797098,0.16245041962087053,0.4010250436808387,0.8333333333333334,0.16666666666666666,6628,10812
Reactome_2022,APC/C:Cdc20 Mediated Degradation Of Cyclin B R-HSA-174048,16,158.0314759213265,0.06064458204116985,0.06064458204116985,0.06058537144895586,4.612545014075693,0.028826454188048557,0.06714707582615823,0.09969303179900574,0.1747582993593477,0.8333333333333334,0.16666666666666666,6628,10812
KEGG_2019_Mouse,Wnt signaling pathway,91,223.67229707285134,0.046238783570599885,0.046238783570599885,0.004247918924917611,14.097706908454947,0.02879161209230828,0.05447001039987718,0.09925186486178006,0.053267326732673266,1.0,0.16666666666666666,6628,10812
Reactome_2022,Assembly Of Collagen Fibrils And Other Multimeric Structures R-HSA-2022090,31,5990.215271782649,0.30875477651238836,0.30875477651238836,0.2536539139692495,8.845198026623718,0.028764537595100698,0.31009177777276664,0.3452734961981393,0.8090972626674432,0.6666666666666666,0.16666666666666666,6628,10812
Reactome_2022,RHOV GTPase Cycle R-HSA-9013424,33,1612.983014698547,0.15045478013031854,0.15045478013031854,0.09910981177844222,9.632421861504097,0.028721090037152404,0.1531716092393911,0.19536835330246835,0.06747815958066394,0.8333333333333334,0.16666666666666666,6628,10812
Reactome_2022,Activation Of Kainate Receptors Upon Glutamate Binding R-HSA-451326,14,1222.885575161971,0.16204425386750296,0.16204425386750296,0.14314275351545955,4.667684684045137,0.028686463188755607,0.1645638276832293,0.2110117853309087,0.41147350029120555,0.3333333333333333,0.16666666666666666,6628,10812
Reactome_2022,Epigenetic Regulation Of Gene Expression R-HSA-212165,73,339.9996651217595,0.06205250524832743,0.06205250524832743,0.022227096735616562,11.989293893761483,0.02861394656981743,0.06833206674683616,0.11326468373561777,0.1870122306348282,1.0,0.16666666666666666,6628,10812
Reactome_2022,Cell Recruitment (Pro-Inflammatory Response) R-HSA-9664424,14,3200.909923241643,0.2691487208465605,0.2691487208465605,0.22040176014242063,6.815252302154458,0.02858555485730096,0.2706624611575079,0.319367681339194,0.9797437390797903,1.0,0.16666666666666666,6628,10812
Reactome_2022,Endosomal Sorting Complex Required For Transport (ESCRT) R-HSA-917729,25,525.0178859612213,0.09048037095349855,0.09048037095349855,0.09894018686286457,6.489403700562105,0.028585407634266653,0.09488847694794078,0.14532706348283958,0.33227722772277224,0.8333333333333334,0.3333333333333333,6628,10812
KEGG_2019_Mouse,Regulation of actin cytoskeleton,140,3502.00995017215,0.15802048351704162,0.15802048351704162,0.10673431854068753,15.572701497269982,0.02858118244164533,0.16058442390444427,0.20545810981105053,0.16933022714036108,0.8333333333333334,0.16666666666666666,6628,10812
Reactome_2022,RHOC GTPase Cycle R-HSA-9013106,61,1880.3291716483718,0.13322748055136946,0.13322748055136946,0.1105556947581294,9.756802020316078,0.028573380822432975,0.13625710867947152,0.18542134626520268,0.04444962143273151,1.0,0.16666666666666666,6628,10812
Reactome_2022,Phosphorylation Of APC/C R-HSA-176412,15,243.86570031888195,0.0781811690957482,0.0781811690957482,0.06293834255153988,3.8713468642260094,0.028556657438620257,0.08323327390680171,0.12225259238004103,0.08564938846825859,1.0,0.16666666666666666,6628,10812
Reactome_2022,RNA Polymerase III Transcription Initiation From Type 1 Promoter R-HSA-76061,24,289.75550635913777,0.07713872836397333,0.07713872836397333,0.02410636422647557,8.21629238018664,0.02855301140257466,0.08225361921378549,0.12261275693807298,0.4150029120559115,0.8333333333333334,0.16666666666666666,6628,10812
Reactome_2022,Keratan Sulfate Biosynthesis R-HSA-2022854,17,170.2877750449672,-0.056615506646590416,0.056615506646590416,-0.03959520826871888,9.23835859563983,0.028534163408489178,0.06339963780868535,0.12350436422335433,0.10892253931275481,0.3333333333333333,0.3333333333333333,6628,10812
Reactome_2022,Metabolism Of Fat-Soluble Vitamins R-HSA-6806667,29,1391.9400284293595,-0.13162338156287876,0.13162338156287876,-0.12865888475034087,7.048016742641902,0.028519398219911556,0.13467765460117379,0.1978933505483958,0.2667443214909726,1.0,0.3333333333333333,6628,10812
Reactome_2022,Clathrin-mediated Endocytosis R-HSA-8856828,106,346.3780070530296,0.058041648048294744,0.058041648048294744,0.04928360537130319,9.623023744009982,0.02848916872869119,0.0646565204988171,0.11526275444376329,0.279778683750728,0.8333333333333334,0.16666666666666666,6628,10812
Reactome_2022,FCERI Mediated MAPK Activation R-HSA-2871796,21,951.1717859688277,0.12983783376618727,0.12983783376618727,0.08079559201503392,6.906003781380122,0.028426997411143625,0.1329133449240867,0.1827513330008574,0.33350029120559116,0.5,0.16666666666666666,6628,10812
KEGG_2019_Mouse,Oxytocin signaling pathway,81,1153.9464563547822,0.09838671815853464,0.09838671815853464,0.057174891395767265,12.948482981225148,0.028328840535436797,0.10238393192336938,0.14926006029709304,0.5420966802562608,0.8333333333333334,0.16666666666666666,6628,10812
Reactome_2022,Degradation Of Extracellular Matrix R-HSA-1474228,43,3077.3682063730485,0.1782443217504808,0.1782443217504808,0.13155660671546748,8.694212447143181,0.028284554134987826,0.18047452517988238,0.23045165995916667,0.5944205008736168,1.0,0.16666666666666666,6628,10812
Reactome_2022,Signaling By FGFR2 In Disease R-HSA-5655253,27,360.4913773746902,0.07108761164843354,0.07108761164843354,0.06660374197730008,8.329523010088787,0.028257664620448455,0.07649800088682218,0.11359315669103065,0.327245195107746,1.0,0.16666666666666666,6628,10812
Reactome_2022,RHO GTPases Activate PKNs R-HSA-5625740,26,2751.589006716682,0.2117598040109846,0.2117598040109846,0.15567073249166613,7.764328900576314,0.028201759448216113,0.2136294779068321,0.2666092826947267,0.2737914967967385,0.8333333333333334,0.16666666666666666,6628,10812
MSigDB_Hallmark_2020,Apical Surface,29,7.903344862319189,0.021261456624015917,0.021261456624015917,-0.03340122627442227,11.071570531516352,0.028193839833934826,0.03531206794222735,0.06630333654461569,0.8687361677344205,0.8333333333333334,0.5,6628,10812
Reactome_2022,"Cell Death Signaling Via NRAGE, NRIF And NADE R-HSA-204998",53,181.8836220542171,0.043965792575164905,0.043965792575164905,0.02422256468872242,9.53930735499991,0.028179243605441207,0.052221266615596604,0.09565100268283244,-0.006942341292952824,0.8333333333333334,0.16666666666666666,6628,10812
Reactome_2022,FCERI Mediated Ca+2 Mobilization R-HSA-2871809,21,143.1740047838071,0.053107940688218995,0.053107940688218995,0.017730119380054345,6.124883036063258,0.028096414530879136,0.06008212607451886,0.10802229570949903,0.6548747815958066,0.6666666666666666,0.16666666666666666,6628,10812
Reactome_2022,Budding And Maturation Of HIV Virion R-HSA-162588,23,528.957009421465,0.09314523351257963,0.09314523351257963,0.0995873609111693,5.60281644434406,0.028012549155157947,0.09726632221012126,0.14805648037848484,0.34317996505532905,0.8333333333333334,0.16666666666666666,6628,10812
Reactome_2022,Collagen Biosynthesis And Modifying Enzymes R-HSA-1650814,33,3471.9542105519304,0.23113154727233434,0.23113154727233434,0.1988655681020553,6.759515221547852,0.02798578370269776,0.23281966462040424,0.2755676229017349,0.706476412347117,0.8333333333333334,0.16666666666666666,6628,10812
KEGG_2019_Mouse,Axon guidance,113,1216.3709622548172,0.09189643037241607,0.09189643037241607,0.059594316486807235,11.762899513327765,0.02798126517862085,0.09606198580181767,0.14789682082971495,0.15298776936517178,0.8333333333333334,0.16666666666666666,6628,10812
KEGG_2019_Mouse,Cushing syndrome,88,446.0000350761548,0.06035716423053067,0.06035716423053067,0.02584830615081064,13.77800615928138,0.027942449055982935,0.06651141054884831,0.11179607989132541,0.2032847990681421,0.6666666666666666,0.16666666666666666,6628,10812
Reactome_2022,Generation Of Second Messenger Molecules R-HSA-202433,10,318.832190156185,0.0988338599076378,0.0988338599076378,0.03985848364995799,6.237086165637265,0.027907978770175104,0.1026985255165775,0.1350488882878485,0.4875014560279557,0.3333333333333333,0.16666666666666666,6628,10812
Reactome_2022,Interleukin-17 Signaling R-HSA-448424,50,916.8554216237449,0.098015476579597,0.098015476579597,0.07695158832697627,8.480013619208934,0.027898053416558974,0.10190846399371699,0.14966962421264474,0.08387885847408269,0.8333333333333334,0.16666666666666666,6628,10812
Reactome_2022,Ca2+ Pathway R-HSA-4086398,35,1069.1736409949826,0.11402608020046257,0.11402608020046257,0.07096172858893973,9.464076847136859,0.027814020742491393,0.11736936020847208,0.1688643750645854,0.46923704135119393,1.0,0.16666666666666666,6628,10812
KEGG_2019_Mouse,Fc epsilon RI signaling pathway,42,443.63266643790297,0.07149658413080891,0.07149658413080891,0.04128280529325501,8.573926557966038,0.027794476164393834,0.07670915491404459,0.12698960566537332,0.14971461852067558,0.3333333333333333,0.16666666666666666,6628,10812
Reactome_2022,Deactivation Of Beta-Catenin Transactivating Complex R-HSA-3769402,31,65.59620805358209,0.03308655598436249,0.03308655598436249,0.011221894946948655,6.825633577455431,0.02779399150587682,0.043211412274248885,0.08214083686540534,0.11119394292370413,1.0,0.16666666666666666,6628,10812
KEGG_2019_Mouse,Type I diabetes mellitus,13,261.0746030327818,-0.08273432883785878,0.08273432883785878,-0.10300899126378356,5.428171320899487,0.027773456681457868,0.08727161087253843,0.1346390554329876,0.5731158998252767,0.6666666666666666,0.3333333333333333,6628,10812
Reactome_2022,NOTCH3 Activation And Transmission Of Signal To Nucleus R-HSA-9013507,18,13.889734090613015,-0.017831330138069805,0.017831330138069805,-0.005011785383291897,5.520759594323748,0.027735867116416294,0.032973241563309164,0.09221689410994888,0.3469772859638905,1.0,0.3333333333333333,6628,10812
Reactome_2022,RAC1 GTPase Cycle R-HSA-9013149,125,508.0302614362099,0.06084679510993158,0.06084679510993158,0.02359096199226679,14.497358985167123,0.027733937421416516,0.06686930357080921,0.10946136098199788,0.27438555620267907,1.0,0.16666666666666666,6628,10812
Reactome_2022,Interleukin Receptor SHC Signaling R-HSA-912526,16,109.69562180546673,0.052278621461307496,0.052278621461307496,0.026714250972377916,5.07542507619416,0.027726927423664366,0.05917631930301034,0.10590997143087805,0.08711706464764124,0.8333333333333334,0.16666666666666666,6628,10812
KEGG_2019_Mouse,Olfactory transduction,17,422.0517949141253,0.08617107193645754,0.08617107193645754,0.11355083992480113,4.477630493441099,0.027704684536517515,0.0905152096829372,0.1270558386890681,0.5981595806639487,1.0,0.16666666666666666,6628,10812
Reactome_2022,Metalloprotease DUBs R-HSA-5689901,13,13.75731728622855,0.01659481516677176,0.01659481516677176,0.037947174980222036,4.96334272865255,0.027698741952784364,0.03228944403649983,0.06204556014863158,0.43209085614443793,1.0,0.3333333333333333,6628,10812
Reactome_2022,RHOA GTPase Cycle R-HSA-8980692,113,607.111351993141,0.06568586471458171,0.06568586471458171,0.05365739787254912,9.787556848103607,0.02764213807546424,0.0712651430973471,0.11535531285083953,0.2529994175888177,1.0,0.16666666666666666,6628,10812
KEGG_2019_Mouse,Chemokine signaling pathway,89,1747.454835444241,0.1200367777281985,0.1200367777281985,0.07542872028064142,11.466975485190341,0.02763966596895726,0.12317783543415778,0.17451481653525633,0.19066977285963888,0.8333333333333334,0.16666666666666666,6628,10812
KEGG_2019_Mouse,Th1 and Th2 cell differentiation,51,76.61664614977794,0.03132055742935503,0.03132055742935503,0.006283661726609299,9.348239838374397,0.02756325003157948,0.041721817673597256,0.08658978423149143,0.3935002912055911,0.8333333333333334,0.16666666666666666,6628,10812
Reactome_2022,"Interleukin-3, Interleukin-5 And GM-CSF Signaling R-HSA-512988",28,106.07690004286616,0.04245407027036262,0.04245407027036262,0.017846930158488927,6.794793036749384,0.0275243446553898,0.050595826223410696,0.09595514159467063,0.07776354105998835,0.3333333333333333,0.16666666666666666,6628,10812
KEGG_2019_Mouse,Prion diseases,20,194.2900947268294,0.0628170791453959,0.0628170791453959,0.04091550206083661,5.266721812649248,0.02752360225471911,0.0685823163317988,0.10387912471251207,0.25404775771694815,0.5,0.16666666666666666,6628,10812
Reactome_2022,Caspase Activation Via Death Receptors In Presence Of Ligand R-HSA-140534,11,99.43418206105875,0.04626749106511109,0.04626749106511109,0.07345253938064715,5.855567982179227,0.027509560636182758,0.053828028533989145,0.11787835194141805,0.6091904484566103,1.0,0.16666666666666666,6628,10812
Reactome_2022,RHOJ GTPase Cycle R-HSA-9013409,48,681.2426165899998,0.07965275968925788,0.07965275968925788,0.06389218382194647,7.810527969876946,0.027497704088798005,0.08426556744168862,0.12411297173474797,0.24568433313919627,1.0,0.16666666666666666,6628,10812
Reactome_2022,tRNA Processing R-HSA-72306,87,1147.465347276224,0.09287550853476903,0.09287550853476903,0.05676068650247721,15.13196143493389,0.027484146818653774,0.09685679331849298,0.13307711792479562,0.05737914967967384,0.6666666666666666,0.16666666666666666,6628,10812
Reactome_2022,DAG And IP3 Signaling R-HSA-1489509,23,340.1286047877733,0.07709424293166575,0.07709424293166575,0.025905470427650238,7.423027906935393,0.027386989396108487,0.08181423764473551,0.12407841964853246,0.6675131042516017,1.0,0.16666666666666666,6628,10812
Reactome_2022,EPH-ephrin Mediated Repulsion Of Cells R-HSA-3928665,29,1131.1887553770882,0.12838211165053454,0.12838211165053454,0.07793576813250802,10.65230885692476,0.027383204324591723,0.13126997551204408,0.17812656161641746,0.29890506697728597,1.0,0.16666666666666666,6628,10812
Reactome_2022,Signaling By NTRK2 (TRKB) R-HSA-9006115,16,287.58203510514863,0.0826326269160254,0.0826326269160254,0.04351677659938008,6.340469682951143,0.02731323285367143,0.08702967149175002,0.13437377947000792,0.33959231217239366,0.5,0.16666666666666666,6628,10812
Reactome_2022,Cytosolic Sensors Of Pathogen-Associated DNA R-HSA-1834949,46,1074.0991095984295,0.11407735555985977,0.11407735555985977,0.06613381794100971,10.462833271563445,0.027299498502925585,0.11729836175344438,0.15817993203425934,0.0345602795573675,0.8333333333333334,0.16666666666666666,6628,10812
KEGG_2019_Mouse,Phospholipase D signaling pathway,93,633.0281073515188,0.06843060118382643,0.06843060118382643,0.05118834975479991,10.998575804208519,0.027287159095432598,0.07367045696803676,0.12147298448542136,0.1644962143273151,0.5,0.16666666666666666,6628,10812
Reactome_2022,Signaling By Erythropoietin R-HSA-9006335,18,144.5483515973697,0.05691645960118292,0.05691645960118292,0.027107770888427817,6.491952599134964,0.02727460876702689,0.0631140844576507,0.10831177605002074,0.3982527664531159,0.5,0.16666666666666666,6628,10812
Reactome_2022,RHOU GTPase Cycle R-HSA-9013420,37,1025.1339687523343,0.11776877903485818,0.11776877903485818,0.06901155788524234,9.031441109044028,0.027171017277721407,0.12086252312138564,0.16009558026103743,0.13153174140943505,0.8333333333333334,0.16666666666666666,6628,10812
Reactome_2022,Signaling By BMP R-HSA-201451,16,46.625860710835546,0.03853390646202087,0.03853390646202087,-0.006601454383157743,5.833833274034481,0.027135435552417847,0.0471295428562934,0.08789081753716049,0.35569015725101916,0.3333333333333333,0.16666666666666666,6628,10812
Reactome_2022,Class B/2 (Secretin Family Receptors) R-HSA-373080,26,408.89904286016775,0.07277845491857718,0.07277845491857718,0.06183574457726539,5.203962321807833,0.027067825118898627,0.07764902225400301,0.12161091351815087,0.54175888177053,1.0,0.16666666666666666,6628,10812
Reactome_2022,PKA-mediated Phosphorylation Of CREB R-HSA-111931,11,655.8441077784145,0.13676505777292322,0.13676505777292322,0.08306121759660397,5.667126990695035,0.027044448936691317,0.13941335390098167,0.16985291346366577,0.2937216074548631,0.3333333333333333,0.16666666666666666,6628,10812
Reactome_2022,NOTCH4 Intracellular Domain Regulates Transcription R-HSA-9013695,13,106.56028637267075,0.0549721214153965,0.0549721214153965,0.0144975413538531,3.574302547292725,0.02702018976861793,0.06125377366367906,0.10758998428455473,0.5035294117647059,0.16666666666666666,0.16666666666666666,6628,10812
Reactome_2022,Negative Regulation Of FGFR3 Signaling R-HSA-5654732,17,280.70116351527344,0.06816763026704686,0.06816763026704686,0.08737582300885838,8.350775835073371,0.026977490342766978,0.07331173713273265,0.13260889282190588,0.8921607454863134,0.8333333333333334,0.16666666666666666,6628,10812
KEGG_2019_Mouse,Breast cancer,80,519.0860684522224,0.07088089964061986,0.07088089964061986,0.024204461874673743,10.959722239984762,0.026961254666266306,0.0758354217173142,0.12270899322697733,0.36414676761793824,0.8333333333333334,0.16666666666666666,6628,10812
Reactome_2022,Assembly Of HIV Virion R-HSA-175474,13,270.0218881043054,0.07770141845973215,0.07770141845973215,0.10296143747955522,6.223041342175195,0.026896581478395278,0.08222491426494988,0.1240239952450284,0.4194991263832265,0.8333333333333334,0.3333333333333333,6628,10812
Reactome_2022,Cell Surface Interactions At Vascular Wall R-HSA-202733,76,241.54127110851928,0.04944968244908321,0.04944968244908321,0.006382333766495923,14.296790080955198,0.026811190614690877,0.05625043143383398,0.0970450771960951,0.8754338963308095,0.16666666666666666,0.16666666666666666,6628,10812
Reactome_2022,FRS-mediated FGFR1 Signaling R-HSA-5654693,11,167.61863035130563,-0.06596321009317843,0.06596321009317843,-0.054374306552507495,4.307014562310112,0.026794592062881185,0.0711975789589296,0.10786721863384754,0.8527664531158997,0.8333333333333334,0.16666666666666666,6628,10812
Reactome_2022,FCGR3A-mediated IL10 Synthesis R-HSA-9664323,20,355.95500978948655,0.08396952123148009,0.08396952123148009,0.02009935245506545,9.034362207021971,0.026772867243557583,0.08813436853058597,0.12851208691244898,0.5419219569015724,0.6666666666666666,0.16666666666666666,6628,10812
Reactome_2022,Glucagon Signaling In Metabolic Regulation R-HSA-163359,13,641.420979468589,0.12078272747411777,0.12078272747411777,0.10417200573105988,4.319663057849108,0.02671937536720614,0.12370283859354507,0.16205854719348042,0.3526732673267326,0.6666666666666666,0.16666666666666666,6628,10812
Reactome_2022,Formation Of HIV-1 Elongation Complex Containing HIV-1 Tat R-HSA-167200,38,860.1438694901695,0.1063473648682464,0.1063473648682464,0.07795405990287936,7.417435473760116,0.026687372878309603,0.10964478047570643,0.15499932950294587,0.10025626092020967,1.0,0.16666666666666666,6628,10812
Reactome_2022,Protein-protein Interactions At Synapses R-HSA-6794362,33,550.4920628691469,0.08080772446025751,0.08080772446025751,0.08016725299248718,5.430685834443277,0.02668184996332754,0.08509882167169194,0.12628690846685092,0.7351426907396621,1.0,0.16666666666666666,6628,10812
Reactome_2022,RUNX1 Regulates Genes Involved In Megakaryocyte Differentiation And Platelet Function R-HSA-8936459,28,271.88647676337837,0.06505211698170515,0.06505211698170515,0.03168277075865905,7.151502891675577,0.026676811836675293,0.07030953145606099,0.1122100453674885,0.3678625509609784,0.3333333333333333,0.16666666666666666,6628,10812
Reactome_2022,Aberrant Regulation Of Mitotic Exit In Cancer Due To RB1 Defects R-HSA-9687136,16,175.14157306755354,0.06037503559520301,0.06037503559520301,0.0708344875980473,3.8824716167783913,0.026579071744858716,0.06596659744098053,0.10659752758673915,0.48430984274898076,1.0,0.16666666666666666,6628,10812
Reactome_2022,Formation Of RNA Pol II Elongation Complex R-HSA-112382,51,842.3688193070791,0.09661785592294593,0.09661785592294593,0.06560801762762374,7.724184551730167,0.02644655301165152,0.10017200332101399,0.14703636293088904,0.1219219569015725,0.8333333333333334,0.16666666666666666,6628,10812
Reactome_2022,RNA Polymerase III Transcription Initiation From Type 2 Promoter R-HSA-76066,23,284.28545924669976,0.07643513469325687,0.07643513469325687,0.02448405515527616,7.246625965530082,0.02640042384318526,0.0808660138418863,0.1172406700544294,0.41023878858474083,0.8333333333333334,0.16666666666666666,6628,10812
Reactome_2022,Anti-inflammatory Response Favoring Leishmania Infection R-HSA-9662851,49,287.3827272474032,0.05381937229936825,0.05381937229936825,0.02542678894128402,9.570019680982833,0.026397733062102066,0.05994468404717806,0.10028577247600362,0.48620850320326153,0.6666666666666666,0.16666666666666666,6628,10812
Reactome_2022,Signaling By FGFR4 In Disease R-HSA-5655291,10,171.2804132312808,0.08019219147531484,0.08019219147531484,0.03601991031442293,4.739298990220408,0.026383645075839724,0.08442087597923538,0.12907477449034258,0.22627839254513685,0.8333333333333334,0.3333333333333333,6628,10812
Reactome_2022,Signaling By SCF-KIT R-HSA-1433557,30,188.09483956164812,0.05370434611009207,0.05370434611009207,0.027562394522912974,9.114931822482864,0.026342884757422746,0.05981725811549219,0.10328684933830504,-0.005148514851485148,0.3333333333333333,0.16666666666666666,6628,10812
Reactome_2022,Negative Regulation Of FGFR2 Signaling R-HSA-5654727,17,254.75010256734888,0.06295154064767458,0.06295154064767458,0.08351290518333052,8.593268030187751,0.026341531840355998,0.06824055077160729,0.12941163634723687,0.9283517763541059,0.6666666666666666,0.16666666666666666,6628,10812
Reactome_2022,RNA Polymerase I Transcription Initiation R-HSA-73762,40,336.92318756959816,0.0682938131622309,0.0682938131622309,0.04135432876697224,6.560483557000323,0.0263101233630634,0.07318652545118753,0.1209155603348564,0.40043098427489804,1.0,0.16666666666666666,6628,10812
Reactome_2022,BBSome-mediated Cargo-Targeting To Cilium R-HSA-5620922,18,119.84025089772112,0.050957948884614114,0.050957948884614114,0.03912053515323805,4.142385672778113,0.026307239753488806,0.057347915550388456,0.10017880669876558,0.26534653465346536,1.0,0.16666666666666666,6628,10812
Reactome_2022,DAP12 Signaling R-HSA-2424491,17,436.97743047964997,0.09654808918656987,0.09654808918656987,0.04146420293531982,8.233078022095146,0.026261790238186658,0.10005606004681754,0.14427051955929443,0.36769947582993595,0.6666666666666666,0.16666666666666666,6628,10812
Reactome_2022,DAP12 Interactions R-HSA-2172127,17,436.97743047964997,0.09654808918656987,0.09654808918656987,0.04146420293531982,8.233078022095146,0.026261790238186658,0.10005606004681754,0.14427051955929443,0.36769947582993595,0.6666666666666666,0.16666666666666666,6628,10812
Reactome_2022,RNA Polymerase I Promoter Clearance R-HSA-73854,42,419.6467462199954,0.07453376808448518,0.07453376808448518,0.044904854010908685,6.724842941809743,0.026248984596460984,0.07902083128654794,0.12926221482638844,0.3613628421665696,1.0,0.16666666666666666,6628,10812
Reactome_2022,Adherens Junctions Interactions R-HSA-418990,14,1895.4376082631914,0.2108586571164072,0.2108586571164072,0.1685486496170937,5.533651211160179,0.02623346311656913,0.21248427675482942,0.24396157570609384,0.6706348281887012,0.8333333333333334,0.16666666666666666,6628,10812
Reactome_2022,Repression Of WNT Target Genes R-HSA-4641265,11,55.955063192468465,0.04548009598681962,0.04548009598681962,0.007548141890467437,3.8818870076702945,0.026150106605956364,0.052462054920420435,0.09387508257815746,0.1984158415841584,1.0,0.16666666666666666,6628,10812
Reactome_2022,Signaling By EGFR R-HSA-177929,40,417.9771050437554,0.07284678112361954,0.07284678112361954,0.0331603210239377,10.81485257819999,0.026139138150963397,0.07739449633758001,0.11322627088240958,0.251426907396622,0.8333333333333334,0.16666666666666666,6628,10812
Reactome_2022,Formation Of TC-NER Pre-Incision Complex R-HSA-6781823,45,632.2758511011085,0.08839859228392996,0.08839859228392996,0.0787394795225421,6.054043460257697,0.026121098350905904,0.09217712784003512,0.13930185977700532,0.30399534071054163,1.0,0.16666666666666666,6628,10812
Reactome_2022,RNA Polymerase I Transcription R-HSA-73864,43,507.18234439435867,0.07991800156760327,0.07991800156760327,0.04956208806574558,7.080595919830761,0.0261045961313548,0.08407340193985602,0.1333111811581937,0.32793244030285384,1.0,0.16666666666666666,6628,10812
Reactome_2022,Molecules Associated With Elastic Fibres R-HSA-2129379,16,0.35847512186539704,0.0024365777122805567,0.0024365777122805567,-0.02704821882311714,5.0720696370548435,0.026090603602409897,0.02620413149268769,0.04610151216692686,0.20443797320908558,1.0,0.5,6628,10812
Reactome_2022,Thrombin Signaling Thru Proteinase Activated Receptors (PARs) R-HSA-456926,19,1308.9202246468642,0.1513580335394412,0.1513580335394412,0.1285963966798492,4.898996002494229,0.026048031990848354,0.15358305338650768,0.20346182718804118,0.47750728013977867,1.0,0.16666666666666666,6628,10812
Reactome_2022,Ovarian Tumor Domain Proteases R-HSA-5689896,28,152.17181407749868,0.049332262931379385,0.049332262931379385,0.04160448656259695,6.224068593378969,0.025962397352927286,0.055746912400975485,0.09809208560558072,0.4132323820617355,1.0,0.16666666666666666,6628,10812
Reactome_2022,RHOB GTPase Cycle R-HSA-9013026,57,1612.6102972351391,0.12043865763738804,0.12043865763738804,0.09884200028223068,8.526320975304298,0.025896810646845552,0.12319137573375234,0.16936928478017899,0.1401747233546884,1.0,0.16666666666666666,6628,10812
Reactome_2022,Ca-dependent Events R-HSA-111996,19,719.552175433189,0.114393752980302,0.114393752980302,0.07145858914718217,5.601570440220176,0.025662118350206476,0.11723683311629654,0.15589219983416897,0.13296447291788002,0.6666666666666666,0.16666666666666666,6628,10812
KEGG_2019_Mouse,Purine metabolism,86,188.082429235903,0.03788388428050468,0.03788388428050468,0.030976428096796783,10.014300609564973,0.02565409831454176,0.04575282995084397,0.08066686268177173,0.09230052417006404,1.0,0.16666666666666666,6628,10812
Reactome_2022,SUMOylation Of DNA Methylation Proteins R-HSA-4655427,11,30.304452499737234,0.034716980715406805,0.034716980715406805,0.010320859410923429,3.5928326240775617,0.025625422033837834,0.04315009854457147,0.0809027608529369,0.7343855562026791,0.3333333333333333,0.16666666666666666,6628,10812
KEGG_2019_Mouse,African trypanosomiasis,16,1485.0533070173647,0.16623504822187726,0.16623504822187726,0.15658030190790315,4.286227534697293,0.02560786729681031,0.16819588022547086,0.20257965852904203,0.6460920209668025,0.8333333333333334,0.16666666666666666,6628,10812
Reactome_2022,Transcriptional Regulation By VENTX R-HSA-8853884,30,268.6788572213331,0.06492113253627635,0.06492113253627635,0.039600122811752625,5.706906510442166,0.025607336002673956,0.06978888956665381,0.11060341429807938,0.22781595806639487,1.0,0.16666666666666666,6628,10812
Reactome_2022,Inhibition Of DNA Recombination At Telomere R-HSA-9670095,18,505.9243320049156,0.10205377702720385,0.10205377702720385,0.07517291701034585,5.501845129763142,0.025519985619775396,0.10519621224907191,0.1442304473893088,0.012125800815375655,1.0,0.16666666666666666,6628,10812
MSigDB_Hallmark_2020,Myogenesis,110,2284.3328780882102,0.1239996541212723,0.1239996541212723,0.07794897482163422,14.38692426176769,0.02550739203479431,0.12659597651826002,0.16909593526978262,0.822189866045428,0.8333333333333334,0.16666666666666666,6628,10812
MSigDB_Hallmark_2020,Wnt-beta Catenin Signaling,27,15.497514547612557,0.020470742047013418,0.020470742047013418,-0.00656031505786831,5.3144753189004375,0.0254918077454022,0.032693784456436226,0.07396524805259594,0.18782760629004075,0.6666666666666666,0.5,6628,10812
Reactome_2022,Interleukin-15 Signaling R-HSA-8983432,12,184.2434929178776,0.07005611920485347,0.07005611920485347,0.05995074323692623,3.993761449274539,0.025484259892131954,0.07454734965305179,0.1171502624557027,0.37397786837507274,1.0,0.16666666666666666,6628,10812
KEGG_2019_Mouse,Leishmaniasis,35,749.3511278191178,0.10666206490527337,0.10666206490527337,0.053350413151018336,10.363207716725658,0.025460287057916683,0.10965866270809738,0.15446251706387126,0.4650087361677344,1.0,0.16666666666666666,6628,10812
Reactome_2022,Peptide Ligand-Binding Receptors R-HSA-375276,20,919.2684093128516,0.1204262388449242,0.1204262388449242,0.07962419101867715,6.308855337127616,0.025455660408198022,0.12308724405539442,0.16473891322896328,0.4334653465346534,1.0,0.16666666666666666,6628,10812
Reactome_2022,CaM Pathway R-HSA-111997,17,730.8116004983879,0.11991459697326097,0.11991459697326097,0.07636412992540952,5.28145661315581,0.025219914900493783,0.12253797237937213,0.15873368125523055,0.17013395457192776,0.8333333333333334,0.16666666666666666,6628,10812
Reactome_2022,Signaling By FGFR R-HSA-190236,60,651.1294971830364,0.0810713835334381,0.0810713835334381,0.051705692582170046,7.777842432371451,0.025178005518676837,0.0848911137276708,0.128011712797407,0.15065812463599298,0.8333333333333334,0.16666666666666666,6628,10812
Reactome_2022,RNA Polymerase III Transcription Initiation R-HSA-76046,30,379.50873024850347,0.07907986664731777,0.07907986664731777,0.027819109148585718,7.84849117574345,0.02513159616781398,0.08297724046327186,0.12261118955054283,0.5429004076878275,0.8333333333333334,0.16666666666666666,6628,10812
Reactome_2022,Formation Of HIV Elongation Complex In Absence Of HIV Tat R-HSA-167152,40,804.5634371848838,0.10094159030177186,0.10094159030177186,0.07409634986731206,6.7486189720780505,0.024997598610036646,0.10399079088515133,0.14791972118186958,0.1960745486313337,1.0,0.16666666666666666,6628,10812
Reactome_2022,RNA Polymerase II Transcribes snRNA Genes R-HSA-6807505,64,582.9129696975958,0.07357068267423657,0.07357068267423657,0.04490568269375113,9.557908026196902,0.02495191341508337,0.0776868285633223,0.11956085542014562,0.3017355853232382,1.0,0.16666666666666666,6628,10812
Reactome_2022,CD209 (DC-SIGN) Signaling R-HSA-5621575,15,502.0868202705885,0.11320412047305445,0.11320412047305445,0.03320842633812785,6.901258308128,0.024927258529163266,0.11591609512857814,0.15418070755289617,0.3024927198602213,0.8333333333333334,0.16666666666666666,6628,10812
Reactome_2022,Surfactant Metabolism R-HSA-5683826,12,309.231616472372,-0.07782526454920505,0.07782526454920505,-0.07283170203347394,4.305271376294562,0.024923251485520905,0.08171866535109511,0.11909018312626543,0.6955853232382061,0.6666666666666666,0.3333333333333333,6628,10812
Reactome_2022,RUNX1 Interacts With Co-Factors Whose Precise Effect On RUNX1 Targets Is Not Known R-HSA-8939243,31,39.832630597029414,0.024515445139594232,0.024515445139594232,0.02044448347141123,4.991565343728797,0.02490786034268115,0.034948656014830715,0.0680062281654768,0.3209668025626092,0.6666666666666666,0.16666666666666666,6628,10812
Reactome_2022,Processing Of Intronless Pre-mRNAs R-HSA-77595,20,431.0566155713682,0.09107192306820891,0.09107192306820891,0.06936166146809934,4.39997587172188,0.024872746627681602,0.09440735509559944,0.13340579638087025,0.3152591729761211,0.8333333333333334,0.16666666666666666,6628,10812
Reactome_2022,ADORA2B Mediated Anti-Inflammatory Cytokine Production R-HSA-9660821,30,363.82729060715127,0.06270918832603202,0.06270918832603202,0.06156070347228436,6.809890381400677,0.02480888959081216,0.06743829255874481,0.09949778478818243,0.2463948747815958,1.0,0.16666666666666666,6628,10812
KEGG_2019_Mouse,Primary immunodeficiency,11,436.39319513998765,0.10994601393920395,0.10994601393920395,0.07028675197047421,3.1591306482133534,0.024696817078604043,0.11268566348446309,0.1526363173215844,0.3803494467093768,0.8333333333333334,0.16666666666666666,6628,10812
Reactome_2022,RNA Polymerase II Pre-transcription Events R-HSA-674695,69,728.9687159990667,0.08257242801851838,0.08257242801851838,0.050282574858472165,9.59887441196082,0.02466295006052521,0.08617695152743196,0.12852793511720034,0.09866045428072219,0.8333333333333334,0.16666666666666666,6628,10812
Reactome_2022,NCAM Signaling For Neurite Out-Growth R-HSA-375165,28,1113.8177276415533,0.12196555966923077,0.12196555966923077,0.09893098642947468,6.331948559584583,0.024505559031106718,0.12440305530354047,0.1592593363723035,0.2753290623179965,1.0,0.16666666666666666,6628,10812
Reactome_2022,NRAGE Signals Death Thru JNK R-HSA-193648,40,81.08717689114769,0.030726674793138568,0.030726674793138568,0.017706479994757576,6.515485153717517,0.02449782984162217,0.03929722904725436,0.07372906652938319,0.19749563191613279,1.0,0.16666666666666666,6628,10812
Reactome_2022,Conversion From APC/C:Cdc20 To APC/C:Cdh1 In Late Anaphase R-HSA-176407,16,129.08083091773676,0.051644934871702866,0.051644934871702866,0.05734428724804557,2.7984183499039497,0.02447784305253338,0.05715211368275794,0.09401344791843294,0.42747815958066393,1.0,0.16666666666666666,6628,10812
Reactome_2022,Unfolded Protein Response (UPR) R-HSA-381119,75,821.4564990686106,0.09088649592739267,0.09088649592739267,0.051493195519397024,9.338382673907446,0.024450993742534507,0.09411804416241039,0.13501384329120605,0.5672801397786837,0.8333333333333334,0.16666666666666666,6628,10812
Reactome_2022,Membrane Binding And Targetting Of GAG Proteins R-HSA-174490,11,151.50455254519395,0.06110284281932421,0.06110284281932421,0.08645269120865962,4.819676525656244,0.024450968231613572,0.06581342756661758,0.10047413143512968,0.4957018054746651,0.8333333333333334,0.3333333333333333,6628,10812
Reactome_2022,Transcription Of HIV Genome R-HSA-167172,60,673.6547966581699,0.08213256083355512,0.08213256083355512,0.052425516722465725,8.659830816675631,0.024446612060394415,0.08569360763971286,0.12790169351502517,0.12464764123471171,1.0,0.16666666666666666,6628,10812
Reactome_2022,EGFR Downregulation R-HSA-182971,23,20.988291139743566,0.023111263165238687,0.023111263165238687,-0.013945763106121048,7.116735751930966,0.024417236087835078,0.033620409028772905,0.080884065731985,0.7700640652300524,0.8333333333333334,0.16666666666666666,6628,10812
Reactome_2022,Formation Of Early Elongation Complex R-HSA-113418,30,651.7407972920491,0.09746337048942166,0.09746337048942166,0.07488834132603692,5.454935466808809,0.02434798223608006,0.10045861250349196,0.14235904427264084,0.19835760046592893,1.0,0.16666666666666666,6628,10812
Reactome_2022,RNA Polymerase III Transcription Initiation From Type 3 Promoter R-HSA-76071,22,349.8341716395482,0.08248855413427683,0.08248855413427683,0.027643341046587944,6.8600909014781495,0.024346302437066692,0.08600641839723733,0.11784600411453937,0.37806639487478155,0.8333333333333334,0.16666666666666666,6628,10812
Reactome_2022,HATs Acetylate Histones R-HSA-3214847,70,335.9985301714445,0.05604555653287006,0.05604555653287006,0.02844983102695255,8.316059159684857,0.0243447123237407,0.061104577776176686,0.10040645657321502,0.3679557367501456,1.0,0.16666666666666666,6628,10812
Reactome_2022,Cytosolic Iron-Sulfur Cluster Assembly R-HSA-2564830,11,545.7795260444597,0.1265333118687914,0.1265333118687914,0.0988624864806924,5.275346184146174,0.02423573959348699,0.1288334199116368,0.16385061323354724,-0.07775189283634244,1.0,0.3333333333333333,6628,10812
Reactome_2022,Fanconi Anemia Pathway R-HSA-6783310,20,298.17496606203736,0.0734819800146324,0.0734819800146324,0.04151089349021534,6.084130974107177,0.024142388597203152,0.07734634001715403,0.10980462774129512,0.4681654047757717,0.5,0.3333333333333333,6628,10812
Reactome_2022,Protein Methylation R-HSA-8876725,15,446.1594921661984,0.10869028264669697,0.10869028264669697,0.06910629602256231,4.252952044051595,0.023928011822852147,0.11129297952527564,0.1418159591547318,0.6093185789167153,1.0,0.16666666666666666,6628,10812
Reactome_2022,Interferon Alpha/Beta Signaling R-HSA-909733,36,545.3546018794705,0.08305814293245513,0.08305814293245513,0.04921055337338958,6.386996460715014,0.02383182452274282,0.08640955368170211,0.12931465696746652,0.6048107163657542,0.5,0.16666666666666666,6628,10812
Reactome_2022,MAP3K8 (TPL2)-dependent MAPK1/3 Activation R-HSA-5684264,11,55.58916235849838,0.037602100683259795,0.037602100683259795,0.050227816371459025,3.8392081613071403,0.02370444451452177,0.04445018183917865,0.08068330385341958,0.565812463599301,1.0,0.3333333333333333,6628,10812
Reactome_2022,G Alpha (Q) Signaling Events R-HSA-416476,65,347.5268042432474,0.05445589154308804,0.05445589154308804,0.022017115787483128,10.161050620000967,0.023691388274220154,0.05938624421625283,0.10133296640466352,0.7746767617938264,1.0,0.16666666666666666,6628,10812
Reactome_2022,mRNA Capping R-HSA-72086,27,417.775763805529,0.08146004609160636,0.08146004609160636,0.06238060359470112,4.930332089019736,0.023643180067667913,0.08482180776757116,0.12408773493567322,0.3473733255678509,1.0,0.16666666666666666,6628,10812
Reactome_2022,Frs2-mediated Activation R-HSA-170968,10,666.8955589859695,0.14379629023274215,0.14379629023274215,0.12485195153920901,3.5005576536785106,0.023454160771072104,0.14569650216176885,0.19732140916113464,0.6188701223063481,0.8333333333333334,0.16666666666666666,6628,10812
Reactome_2022,Signaling By NTRK1 (TRKA) R-HSA-187037,84,2929.942768488547,0.1579377318083745,0.1579377318083745,0.11627756352449475,9.788985472339307,0.023391999565690037,0.15966061747486532,0.19829135290708716,0.4490390215492137,0.8333333333333334,0.16666666666666666,6628,10812
Reactome_2022,Regulation Of KIT Signaling R-HSA-1433559,12,6.357298943011295,0.01960858758720258,0.01960858758720258,-0.01459341365139124,4.421548991921606,0.02334583345268724,0.0304881066444869,0.05294040713810798,0.199557367501456,0.16666666666666666,0.16666666666666666,6628,10812
Reactome_2022,CDC42 GTPase Cycle R-HSA-9013148,112,429.18532793038594,0.05506663216556051,0.05506663216556051,0.024025481282843847,9.935560545103563,0.023314810992044514,0.05979894973703052,0.0970807133750232,0.36475247524752474,1.0,0.16666666666666666,6628,10812
Reactome_2022,RND3 GTPase Cycle R-HSA-9696264,33,651.0345156148258,0.08970928903381864,0.08970928903381864,0.07488026544605715,5.295408207403814,0.023097931508805642,0.0926351498025382,0.12907035051218102,0.37022714036109494,0.8333333333333334,0.16666666666666666,6628,10812
KEGG_2019_Mouse,Basal cell carcinoma,30,602.658883020125,0.0926858537100868,0.0926858537100868,0.03937382096980019,6.611379556359171,0.02300582221614351,0.09549835251881791,0.13759904081500096,0.6120792079207921,0.8333333333333334,0.16666666666666666,6628,10812
Reactome_2022,HIV Transcription Initiation R-HSA-167161,41,415.6455546045902,0.07128491642807831,0.07128491642807831,0.04017763118636362,6.554794215038326,0.02298410216476019,0.07489865327546448,0.11545068863427915,0.23648223645893998,1.0,0.16666666666666666,6628,10812
Reactome_2022,Negative Epigenetic Regulation Of rRNA Expression R-HSA-5250941,39,275.0581686811181,0.062431491309085464,0.062431491309085464,0.02700729987911107,5.472528715807898,0.022962071531398776,0.0665202813891334,0.10720509747031481,0.2971694816540477,1.0,0.16666666666666666,6628,10812
Reactome_2022,Retinoid Metabolism And Transport R-HSA-975634,25,1211.5733101541307,-0.12672578597160786,0.12672578597160786,-0.12804957479313225,5.8944145860627435,0.022873374075665552,0.1287735068705015,0.17768782302440245,0.3794059405940594,1.0,0.3333333333333333,6628,10812
Reactome_2022,RHOH GTPase Cycle R-HSA-9013407,29,942.1323224761687,0.11079569292944512,0.11079569292944512,0.10530387319349963,4.067445528066941,0.022847616543081165,0.11312691613146528,0.15054944675338328,0.282853814793244,1.0,0.16666666666666666,6628,10812
Reactome_2022,Formation Of beta-catenin:TCF Transactivating Complex R-HSA-201722,24,237.917341202835,0.06425956195783089,0.06425956195783089,0.024899669997327886,5.1231509585854065,0.022819184486986218,0.06819095602543948,0.10545993533142481,0.3112754804892254,1.0,0.16666666666666666,6628,10812
Reactome_2022,RNA Polymerase III Abortive And Retractive Initiation R-HSA-749476,34,319.8300668187645,0.0690876319603963,0.0690876319603963,0.026798149327708427,5.980952026805694,0.022709339484227188,0.07272423935459932,0.11423551289554633,0.4594641817122888,1.0,0.16666666666666666,6628,10812
KEGG_2019_Mouse,Hypertrophic cardiomyopathy (HCM),40,963.9349778045006,0.1012723063695725,0.1012723063695725,0.07378804753243585,6.700385357068093,0.022664833900467984,0.10377752518319348,0.13220032561979594,0.6031450203843912,0.5,0.16666666666666666,6628,10812
Reactome_2022,RNA Pol II CTD Phosphorylation And Interaction With CE R-HSA-77075,25,487.2289747542782,0.09031131290302732,0.09031131290302732,0.06327929419378912,5.611953399752155,0.022653602467613963,0.09310917754458578,0.12478917329672073,0.317355853232382,1.0,0.16666666666666666,6628,10812
Reactome_2022,NoRC Negatively Regulates rRNA Expression R-HSA-427413,37,275.6896936281755,0.06198966154976757,0.06198966154976757,0.03482980245510061,4.6483927097978555,0.022608734267250796,0.06598388442810783,0.10618515051581143,0.35800815375655215,1.0,0.16666666666666666,6628,10812
KEGG_2019_Mouse,Dilated cardiomyopathy (DCM),39,1300.7963986699867,0.11744535391418685,0.11744535391418685,0.08492857649383358,6.444973160770177,0.022563650444418482,0.11959318323970859,0.14279571366418942,0.7484333139196272,0.5,0.16666666666666666,6628,10812
Reactome_2022,Sensory Perception R-HSA-9709957,82,176.09309202278712,0.035507992930724555,0.035507992930724555,0.036526184016509866,6.6973228480394775,0.02253990405597487,0.04205787484908074,0.06815511183315415,0.5911473500291204,1.0,0.16666666666666666,6628,10812
KEGG_2019_Mouse,Systemic lupus erythematosus,28,438.9725588529902,0.08650467831683921,0.08650467831683921,0.058218232470926896,5.101812425365614,0.022531602468920654,0.0893908970786025,0.11923973698314379,0.7439021549213745,1.0,0.16666666666666666,6628,10812
KEGG_2019_Mouse,Ras signaling pathway,139,570.319237202326,0.058930978484249136,0.058930978484249136,0.041459323092718034,7.559226581282169,0.022436439925267993,0.06305754563596017,0.1046980291510166,0.2424344787419918,0.8333333333333334,0.16666666666666666,6628,10812
Reactome_2022,XBP1(S) Activates Chaperone Genes R-HSA-381038,41,660.8121356471428,0.09084177957902882,0.09084177957902882,0.07809978391205512,6.314521283822202,0.02237694068082339,0.09355723591106112,0.13475830352596407,0.6807454863133371,0.8333333333333334,0.16666666666666666,6628,10812
KEGG_2019_Mouse,Antigen processing and presentation,39,194.44715242276456,0.05635654008160258,0.05635654008160258,0.026342012854823665,5.815111010361668,0.022374823639944887,0.06063573486722093,0.09887308661886211,0.9360279557367501,1.0,0.16666666666666666,6628,10812
Reactome_2022,Negative Regulation Of FGFR4 Signaling R-HSA-5654733,17,238.75493846152506,0.06277529840403799,0.06277529840403799,0.07869853099433415,6.345330035756318,0.022357452653522594,0.06663778041674646,0.12232542472422747,0.9230518345952242,0.8333333333333334,0.16666666666666666,6628,10812
Reactome_2022,GPER1 Signaling R-HSA-9634597,22,1825.0746893477647,0.1692865897639647,0.1692865897639647,0.13734654272678962,4.343520654055836,0.0223270210119083,0.17075258516689895,0.20601476219838877,0.3929994175888177,1.0,0.16666666666666666,6628,10812
Reactome_2022,Regulation Of Complement Cascade R-HSA-977606,15,1186.6525957842375,0.15086020284556192,0.15086020284556192,0.13271852212149424,4.022795043240749,0.02230715252627862,0.15250052411855763,0.18703268710359924,0.6606290040768782,1.0,0.16666666666666666,6628,10812
Reactome_2022,Signaling By FGFR3 R-HSA-5654741,27,397.37300517613255,0.07642045895072083,0.07642045895072083,0.060981149963100285,5.787398099127306,0.02225763103078794,0.0795957830876831,0.11706973713842811,0.2956901572510192,0.8333333333333334,0.3333333333333333,6628,10812
Reactome_2022,Negative Regulation Of PI3K/AKT Network R-HSA-199418,69,176.90944515918252,0.0396616464905774,0.0396616464905774,0.01375966554929572,7.9761883519218095,0.022247635846525077,0.045475306520166736,0.08041552742795428,0.19131042516016306,0.8333333333333334,0.16666666666666666,6628,10812
KEGG_2019_Mouse,Platelet activation,74,3685.0791427380645,0.16946445028316212,0.16946445028316212,0.1350709261534845,7.336990053036249,0.02224533762524349,0.17091826981290034,0.21606307083511408,0.7991846243447874,1.0,0.16666666666666666,6628,10812
Reactome_2022,Complement Cascade R-HSA-166658,16,1162.9343653767407,0.14552941353717458,0.14552941353717458,0.12706733908985213,4.063986438190039,0.02221174090408411,0.14721471271059872,0.18178032390057067,0.6937099592312173,1.0,0.16666666666666666,6628,10812
Reactome_2022,Triglyceride Catabolism R-HSA-163560,12,161.96523131316545,0.063610486772659,0.063610486772659,0.04830709778324913,3.0808141762850587,0.02211188902242102,0.06734411380064695,0.10004383023527635,0.861642399534071,0.6666666666666666,0.16666666666666666,6628,10812
Reactome_2022,Signaling By FGFR1 R-HSA-5654736,31,165.40727569581958,0.0506564344173347,0.0506564344173347,0.026638971439302512,5.519569715163721,0.022108005188661923,0.0552705911068412,0.08959611549351333,0.21737914967967384,0.8333333333333334,0.16666666666666666,6628,10812
Reactome_2022,Interleukin-37 Signaling R-HSA-9008059,15,582.7324489599597,0.11323830215063482,0.11323830215063482,0.09070168748795182,3.0708668252607376,0.022040002771742593,0.11536322982708519,0.15118719162266359,0.43566686080372735,0.8333333333333334,0.16666666666666666,6628,10812
Reactome_2022,Collagen Formation R-HSA-1474290,46,5472.8659803178525,0.25486986696071934,0.25486986696071934,0.21576644982357626,6.289366842560387,0.022018698721233434,0.255819217765107,0.28938846183950684,0.8012347117064648,0.8333333333333334,0.16666666666666666,6628,10812
Reactome_2022,Glycolysis R-HSA-70171,56,694.2086329236635,0.08026103105925184,0.08026103105925184,0.063601113035179,5.376965189785122,0.022015666900652757,0.08322573337480833,0.12011356106361784,0.4502271403610949,1.0,0.16666666666666666,6628,10812
KEGG_2019_Mouse,Other types of O-glycan biosynthesis,16,51.51807929790831,0.035610077214917116,0.035610077214917116,0.01934569865860642,4.048252010771264,0.021995421205939787,0.041855419640460724,0.07782694410336607,0.8115666860803727,0.6666666666666666,0.16666666666666666,6628,10812
Reactome_2022,IRE1alpha Activates Chaperones R-HSA-381070,43,694.433094359226,0.0930358321351928,0.0930358321351928,0.07305836259674231,6.3944981363950975,0.021909232323042916,0.09558075393128493,0.1360448731623528,0.6839836924868958,0.8333333333333334,0.16666666666666666,6628,10812
Reactome_2022,Signaling By FGFR2 R-HSA-5654738,51,1189.2868530145004,0.10925362667382586,0.10925362667382586,0.08685865029391877,5.334748362540938,0.02178956089139327,0.11140529567854236,0.15056787485624554,0.2999417588817705,0.8333333333333334,0.16666666666666666,6628,10812
Reactome_2022,Signaling By NTRKs R-HSA-166520,95,2576.3967853927616,0.1422360750872809,0.1422360750872809,0.10879443299440184,7.904597535333077,0.02163871133436749,0.14387263424448266,0.18510484903615793,0.5079324403028538,0.8333333333333334,0.16666666666666666,6628,10812
KEGG_2019_Mouse,Rap1 signaling pathway,128,604.1655627374158,0.06134318902336248,0.06134318902336248,0.04594581840184734,6.632018484271907,0.021462557768624258,0.06498944703201828,0.10424424467788773,0.2985090273733256,0.8333333333333334,0.16666666666666666,6628,10812
Reactome_2022,PI3K/AKT Signaling In Cancer R-HSA-2219528,65,32.98122777566163,-0.010777768604054659,0.010777768604054659,-0.030939402533239378,6.586564850570504,0.021266264720099154,0.02384144104763553,0.04405112980999347,0.29023878858474084,0.8333333333333334,0.6666666666666666,6628,10812
Reactome_2022,RHOQ GTPase Cycle R-HSA-9013406,49,628.3460783487434,0.07729102155614764,0.07729102155614764,0.05215724433914786,5.386032993431182,0.02122796199650193,0.08015315579387879,0.11686174683600173,0.3047641234711706,1.0,0.16666666666666666,6628,10812
Reactome_2022,NGF-stimulated Transcription R-HSA-9031628,24,1711.1413600737471,0.16210688202315507,0.16210688202315507,0.10553139442665921,7.625148949761663,0.021134910334086363,0.16347882319768206,0.22363656586402814,0.6640535818287711,0.8333333333333334,0.16666666666666666,6628,10812
Reactome_2022,Elastic Fibre Formation R-HSA-1566948,22,251.7500524362032,0.06631988545751964,0.06631988545751964,0.03124821871248192,4.09558583754829,0.021063459391801344,0.06958445608502367,0.10751696038266172,0.3511007571345369,1.0,0.16666666666666666,6628,10812
Reactome_2022,Nuclear Events (Kinase And Transcription Factor Activation) R-HSA-198725,41,2909.0817947110495,0.18189245657801892,0.18189245657801892,0.12912936651119714,8.581701048773148,0.02100282884403489,0.1831010228792791,0.22875384821295258,0.6759697146185207,0.8333333333333334,0.16666666666666666,6628,10812
Reactome_2022,Negative Regulation Of FGFR1 Signaling R-HSA-5654726,18,31.055584467543685,0.023551478010175774,0.023551478010175774,0.020834190076027968,4.469796478597574,0.020930502331327448,0.03150806316334751,0.06470788960793034,0.7435993011065811,0.8333333333333334,0.16666666666666666,6628,10812
KEGG_2019_Mouse,Cell adhesion molecules (CAMs),58,345.93808192554593,0.05639591698423554,0.05639591698423554,0.03234765059412951,6.407361464123363,0.020855452160714435,0.060128606647091326,0.09187411997405401,0.7077693651718112,1.0,0.16666666666666666,6628,10812
Reactome_2022,Formation Of Incision Complex In GG-NER R-HSA-5696395,38,144.45316419934665,0.04476407044741007,0.04476407044741007,0.018538059945058766,5.167535787103015,0.020846908683284145,0.04938031596364969,0.08708472080489765,0.22538147932440303,1.0,0.16666666666666666,6628,10812
MSigDB_Hallmark_2020,Coagulation,77,3186.5230043184215,0.15224106312418037,0.15224106312418037,0.1362185951793481,6.4494997253402735,0.020814584489965322,0.15365737284188677,0.1770482341725051,0.7497961560861969,1.0,0.16666666666666666,6628,10812
Reactome_2022,Extracellular Matrix Organization R-HSA-1474244,147,5982.064259640401,0.1954868697647068,0.1954868697647068,0.14730312943589388,11.180023816674693,0.020754498592301537,0.19658551691877318,0.23335174704931494,0.7035527082119977,1.0,0.16666666666666666,6628,10812
Reactome_2022,RNA Polymerase I Promoter Escape R-HSA-73772,25,513.0524745942436,0.09281234514639446,0.09281234514639446,0.05988623009194511,4.301440947947081,0.020420554838318377,0.09503226016189567,0.13502293854575725,0.35904484566103667,1.0,0.16666666666666666,6628,10812
Reactome_2022,Signaling By FGFR4 R-HSA-5654743,26,365.41685634763536,0.07228472234266926,0.07228472234266926,0.06703743976049596,4.881898771993236,0.02030076400308525,0.07508130328694189,0.10695850114457481,0.44623179965055326,0.8333333333333334,0.16666666666666666,6628,10812
Reactome_2022,"PI5P, PP2A And IER3 Regulate PI3K/AKT Signaling R-HSA-6811558",63,169.94486674534826,0.03901429434151915,0.03901429434151915,0.015660366310751607,6.382716543064406,0.020251037505315823,0.043957020861386864,0.07609454439098223,0.2287361677344205,0.8333333333333334,0.16666666666666666,6628,10812
Reactome_2022,Visual Phototransduction R-HSA-2187338,40,167.35629658059923,-0.03933300671487854,0.03933300671487854,-0.054033897756953664,4.449473163255371,0.020044330247460485,0.044145901194810155,0.07849855257105513,0.5964589400116482,1.0,0.3333333333333333,6628,10812
KEGG_2019_Mouse,TGF-beta signaling pathway,54,2341.613908372725,0.1492318283090257,0.1492318283090257,0.10189943695162831,8.801607750649955,0.019885135609097063,0.15055084589150172,0.17792137851577394,0.4320559114735003,0.8333333333333334,0.16666666666666666,6628,10812
Reactome_2022,"Regulation Of Glycolysis By Fructose 2,6-Bisphosphate Metabolism R-HSA-9634600",10,344.11936527472267,0.09852690465913073,0.09852690465913073,0.09782490393104128,1.9404656361254917,0.01971925175786846,0.1004808431075279,0.11859704287597664,0.7275364006988935,0.8333333333333334,0.16666666666666666,6628,10812
Reactome_2022,Platelet Degranulation R-HSA-114608,78,3848.635188508402,0.17032043414655512,0.17032043414655512,0.14509539160651688,5.253363645896269,0.019614287557907503,0.1714461156290083,0.20951571350095932,0.9103785672684915,1.0,0.16666666666666666,6628,10812
Reactome_2022,Neurexins And Neuroligins R-HSA-6794361,21,314.639253167951,0.06610117434998303,0.06610117434998303,0.0872276746506494,3.743080037254007,0.01940563429063327,0.06889081138053647,0.09990256417023953,0.9294350611531742,1.0,0.16666666666666666,6628,10812
Reactome_2022,Response To Elevated Platelet Cytosolic Ca2+ R-HSA-76005,79,3849.184523618828,0.16951500016231386,0.16951500016231386,0.14284994025205675,5.254906287137212,0.019309364554119208,0.1706112154564087,0.20869828526429288,0.9157833430401863,1.0,0.16666666666666666,6628,10812
Reactome_2022,Signaling By ERBB2 ECD Mutants R-HSA-9665348,15,25.986414545826634,0.027984976205302426,0.027984976205302426,0.0011953510232232192,3.147077476256705,0.019073638018127188,0.03386683570187639,0.054842337981821886,0.4792545136866628,1.0,0.16666666666666666,6628,10812
Reactome_2022,tRNA Modification In Nucleus And Cytosol R-HSA-6782315,34,225.8438041755458,0.05094348777017037,0.05094348777017037,0.03143915854534681,5.132354723214188,0.0190678863474629,0.05439506628315898,0.08566809753737897,0.191974373907979,1.0,0.16666666666666666,6628,10812
KEGG_2019_Mouse,Basal transcription factors,37,120.98341425112204,0.04025178379276658,0.04025178379276658,0.014799222179090445,4.428326887327306,0.01877576612659056,0.044415487075344026,0.0801232235003132,0.6158066394874782,1.0,0.16666666666666666,6628,10812
Reactome_2022,SUMOylation Of Transcription Factors R-HSA-3232118,13,0.30138406875887164,0.005547612126334116,0.005547612126334116,-0.005070816545512745,2.5449020738832777,0.0186102075261151,0.019419470241727,0.038067494649189605,0.8051718112987769,1.0,0.8333333333333334,6628,10812
Reactome_2022,RNA Polymerase I Transcription Termination R-HSA-73863,25,637.9799456527786,0.09979615294862364,0.09979615294862364,0.07009025683249069,3.9930621022161636,0.01845369204786563,0.10148798398599973,0.13561204505590618,0.43147350029120557,0.8333333333333334,0.16666666666666666,6628,10812
Reactome_2022,RNA Polymerase III Transcription Termination R-HSA-73980,18,202.154677967583,0.06885795223812932,0.06885795223812932,0.025306149917754796,3.600091617976467,0.018309694751398018,0.07125070180930061,0.10177119075220284,0.2942457775189284,1.0,0.16666666666666666,6628,10812
Reactome_2022,Constitutive Signaling By Aberrant PI3K In Cancer R-HSA-2219530,40,225.33880104009032,-0.042873062962382934,0.042873062962382934,-0.04826916070403257,5.9359239409759885,0.018090974024959208,0.0465336745695867,0.0779279506549201,0.8949213744903901,0.6666666666666666,0.3333333333333333,6628,10812
Reactome_2022,RET Signaling R-HSA-8853659,24,103.69829757298527,0.04268864889074629,0.04268864889074629,0.015269808120226571,4.058575414220489,0.01797910524400738,0.046320286802787686,0.07673212454220815,0.2967734420500873,1.0,0.16666666666666666,6628,10812
MSigDB_Hallmark_2020,KRAS Signaling Up,108,743.1272361910216,0.06618182945278873,0.06618182945278873,0.04262617016521647,7.8247860152109645,0.017868452617925128,0.06855155832420623,0.09878829464272695,0.4507163657542224,1.0,0.16666666666666666,6628,10812
Reactome_2022,G Alpha (S) Signaling Events R-HSA-418555,46,474.6697289907236,0.05983871567293455,0.05983871567293455,0.0629353813801582,4.254396969635823,0.0170370926501479,0.06221683389048358,0.09402203790135326,0.416587070471753,1.0,0.16666666666666666,6628,10812
Reactome_2022,TFAP2 (AP-2) Family Regulates Transcription Of Growth Factors And Their Receptors R-HSA-8866910,10,39.476772881184964,-0.035680949424117835,0.035680949424117835,-0.0057250834566601825,2.432307115852082,0.01691562537384992,0.039487574420251366,0.0719746317690637,0.9290972626674431,1.0,0.3333333333333333,6628,10812
Reactome_2022,Rap1 Signaling R-HSA-392517,10,15.68985492354853,0.017731856518136746,0.017731856518136746,0.018415549042568487,2.08644422398821,0.016748590386921437,0.024391269248004818,0.0748321953909576,0.8122655794991264,1.0,0.8333333333333334,6628,10812
Reactome_2022,Other Interleukin Signaling R-HSA-449836,12,1000.718363234187,0.1595206433052026,0.1595206433052026,0.11358898957637642,2.8299687160316007,0.01667024388236945,0.1603893159521648,0.19375736040091668,0.6000698893418753,0.8333333333333334,0.16666666666666666,6628,10812
Reactome_2022,Integrin Cell Surface Interactions R-HSA-216083,39,5554.822171133245,0.24563335927855212,0.24563335927855212,0.2158246751616363,3.829835788811573,0.016234999705843488,0.2461692962290687,0.2733390181394611,0.7630401863715783,1.0,0.16666666666666666,6628,10812
Reactome_2022,Tight Junction Interactions R-HSA-420029,18,70.61420844515735,0.031168405007288222,0.031168405007288222,0.04371104337541954,3.4550922171453857,0.015400628799608535,0.034765627250513985,0.06902199719936819,0.883191613278975,0.8333333333333334,0.5,6628,10812
Reactome_2022,Nuclear Events Stimulated By ALK Signaling In Cancer R-HSA-9725371,15,1688.2204260949045,0.18899831410725262,0.18899831410725262,0.16230912705532743,2.301500029730628,0.014987349988235553,0.18959162269217902,0.22018327371657925,0.4063599301106581,0.8333333333333334,0.16666666666666666,6628,10812
Reactome_2022,Cell-cell Junction Organization R-HSA-421270,32,1040.8177743235988,0.1097715705285628,0.1097715705285628,0.09832749610615109,1.769455910389671,0.013285090979645635,0.11057256141848532,0.13541025209360244,0.46824694234129294,0.8333333333333334,0.16666666666666666,6628,10812
Reactome_2022,Ephrin Signaling R-HSA-3928664,13,1085.9440596839975,0.16125467160434645,0.16125467160434645,0.10363491588169141,2.965634452089998,0.012096893176570358,0.16170777327868618,0.18023563549505256,0.8242050087361676,0.8333333333333334,0.16666666666666666,6628,10812
Reactome_2022,ALK Mutants Bind TKIs R-HSA-9700645,10,684.392971983114,0.13917649344947725,0.13917649344947725,0.14055869746503333,0.8384439052776762,0.010079416423491793,0.1395410010152233,0.15707554073239482,0.871182294700058,0.8333333333333334,0.16666666666666666,6628,10812
Reactome_2022,Defective B3GALTL Causes PpS R-HSA-5083635,10,337.28021739786374,0.10079155466915715,0.10079155466915715,0.054031480520605364,1.7825010187374086,0.009986394751133935,0.10128507082858347,0.11380825893358831,0.964403028538148,1.0,0.16666666666666666,6628,10812
Reactome_2022,O-glycosylation Of TSR Domain-Containing Proteins R-HSA-5173214,11,459.5685482966686,0.11073620030841047,0.11073620030841047,0.06887441066840476,1.406180837118285,0.009818553534301418,0.11117063484684413,0.12674377304833842,0.958112987769365,1.0,0.16666666666666666,6628,10812
